...F..........................................FFFFFFFFF........FFFFFFFFF [ 17%]
FFFFFFFFFFFFFFFFFFFFFFFFFFFFFFFFF.FFFFFFFFFFFFFFFFFFFFFFFFFFF.......FFFF [ 34%]
.........FFFFFFFF.....F...................F..FFFFFFFFF........FFFFFF.... [ 51%]
..........FFFFF...........FFFF..........................FFFFFFFFFFFFFFF. [ 68%]
............................................FFFFFFFFFFF......FFFFFFFFFFF [ 85%]
FFFF.....FFFFFF............F.FFFFFFFFFFF.......................          [100%]
=================================== FAILURES ===================================
______ test_no_console_errors_failed_requests_or_external_hosts[chromium] ______

server_url = 'http://127.0.0.1:50259'
monitored_page = (<Page url='http://127.0.0.1:50259/chat.html'>, PageMonitor(console_errors=[], failed_requests=[], request_urls=['http...isplay=swap', 'http://127.0.0.1:50259/chat.css', 'http://127.0.0.1:50259/chat.js', 'http://127.0.0.1:50259/api/chat']))

    def test_no_console_errors_failed_requests_or_external_hosts(
        server_url, monitored_page
    ):
        """Page-hygiene sweep: a full answered turn plus an explicit in-page
        /favicon.ico fetch (headless Chromium does not always request it on its
        own) must produce zero console errors, zero failed/non-2xx requests, and
        only localhost traffic — with no API key in the environment."""
        assert "OPENROUTER_API_KEY" not in os.environ
        page, monitor = monitored_page
        page.goto(f"{server_url}/chat.html")
    
        _send(page, "What training should I look into?")
        expect(_latest_chip_row(page).first).to_be_visible()
>       page.evaluate("() => fetch('/favicon.ico')")

tests/e2e/test_chat_followups.py:277: 
_ _ _ _ _ _ _ _ _ _ _ _ _ _ _ _ _ _ _ _ _ _ _ _ _ _ _ _ _ _ _ _ _ _ _ _ _ _ _ _ 
../factory-story-680/.runtime/test-venvs/career-intelligence-mcp/lib/python3.12/site-packages/playwright/sync_api/_generated.py:9413: in evaluate
    self._sync(
../factory-story-680/.runtime/test-venvs/career-intelligence-mcp/lib/python3.12/site-packages/playwright/_impl/_page.py:474: in evaluate
    return await self._main_frame.evaluate(expression, arg)
           ^^^^^^^^^^^^^^^^^^^^^^^^^^^^^^^^^^^^^^^^^^^^^^^^
../factory-story-680/.runtime/test-venvs/career-intelligence-mcp/lib/python3.12/site-packages/playwright/_impl/_frame.py:346: in evaluate
    await self._channel.send(
../factory-story-680/.runtime/test-venvs/career-intelligence-mcp/lib/python3.12/site-packages/playwright/_impl/_connection.py:76: in send
    return await self._connection.wrap_api_call(
_ _ _ _ _ _ _ _ _ _ _ _ _ _ _ _ _ _ _ _ _ _ _ _ _ _ _ _ _ _ _ _ _ _ _ _ _ _ _ _ 

self = <playwright._impl._connection.Connection object at 0x10a4240e0>
cb = <function Channel.send.<locals>.<lambda> at 0x10b6e4ae0>
is_internal = False, title = None

    async def wrap_api_call(
        self, cb: Callable[[], Any], is_internal: bool = False, title: str = None
    ) -> Any:
        if self._api_zone.get():
            return await cb()
        task = asyncio.current_task(self._loop)
        parsed_st = _attach_api_call_information(
            getattr(task, "__pw_stack__", None) or _capture_stack_trace(),
            is_internal,
            title,
        )
        self._api_zone.set(parsed_st)
        try:
            return await cb()
        except Exception as error:
>           raise rewrite_error(error, f"{parsed_st['apiName']}: {error}") from None
E           playwright._impl._errors.Error: Page.evaluate: TypeError: Failed to fetch
E               at eval (eval at evaluate (:311:30), <anonymous>:1:7)
E               at UtilityScript.evaluate (<anonymous>:318:18)
E               at UtilityScript.<anonymous> (<anonymous>:1:44)

../factory-story-680/.runtime/test-venvs/career-intelligence-mcp/lib/python3.12/site-packages/playwright/_impl/_connection.py:632: Error
______ test_run_one_routes_to_claude_cli_backend_with_fixture_server_env _______

item = <Coroutine test_run_one_routes_to_claude_cli_backend_with_fixture_server_env>

    @pytest.hookimpl(wrapper=True, tryfirst=True)
    def pytest_runtest_call(item: Any) -> Generator[None, Any, None]:
        if _soft_scope is None:
            yield
            return
        hard_failure: Optional[BaseException] = None
        with _soft_scope() as errors:
            try:
                yield
            except BaseException as exc:
                hard_failure = exc
        if not errors:
            if hard_failure is not None:
>               raise hard_failure

../factory-story-680/.runtime/test-venvs/career-intelligence-mcp/lib/python3.12/site-packages/pytest_playwright/pytest_playwright.py:113: 
_ _ _ _ _ _ _ _ _ _ _ _ _ _ _ _ _ _ _ _ _ _ _ _ _ _ _ _ _ _ _ _ _ _ _ _ _ _ _ _ 
../factory-story-680/.runtime/test-venvs/career-intelligence-mcp/lib/python3.12/site-packages/pytest_playwright/pytest_playwright.py:108: in pytest_runtest_call
    yield
../factory-story-680/.runtime/test-venvs/career-intelligence-mcp/lib/python3.12/site-packages/pytest_asyncio/plugin.py:569: in runtest
    super().runtest()
../factory-story-680/.runtime/test-venvs/career-intelligence-mcp/lib/python3.12/site-packages/pytest_asyncio/plugin.py:905: in inner
    runner.run(coro, context=context)
_ _ _ _ _ _ _ _ _ _ _ _ _ _ _ _ _ _ _ _ _ _ _ _ _ _ _ _ _ _ _ _ _ _ _ _ _ _ _ _ 

self = <asyncio.runners.Runner object at 0x109d49790>
coro = <coroutine object test_run_one_routes_to_claude_cli_backend_with_fixture_server_env at 0x10a2834c0>
context = <_contextvars.Context object at 0x10b64ffc0>

    def run(self, coro, *, context=None):
        """Run a coroutine inside the embedded event loop."""
        if not coroutines.iscoroutine(coro):
            raise ValueError("a coroutine was expected, got {!r}".format(coro))
    
        if events._get_running_loop() is not None:
            # fail fast with short traceback
>           raise RuntimeError(
                "Runner.run() cannot be called from a running event loop")
E           RuntimeError: Runner.run() cannot be called from a running event loop

/Users/aiengineer/.local/share/uv/python/cpython-3.12.13-macos-x86_64-none/lib/python3.12/asyncio/runners.py:93: RuntimeError
_________ test_run_one_claude_cli_never_calls_openrouter_send_message __________

item = <Coroutine test_run_one_claude_cli_never_calls_openrouter_send_message>

    @pytest.hookimpl(wrapper=True, tryfirst=True)
    def pytest_runtest_call(item: Any) -> Generator[None, Any, None]:
        if _soft_scope is None:
            yield
            return
        hard_failure: Optional[BaseException] = None
        with _soft_scope() as errors:
            try:
                yield
            except BaseException as exc:
                hard_failure = exc
        if not errors:
            if hard_failure is not None:
>               raise hard_failure

../factory-story-680/.runtime/test-venvs/career-intelligence-mcp/lib/python3.12/site-packages/pytest_playwright/pytest_playwright.py:113: 
_ _ _ _ _ _ _ _ _ _ _ _ _ _ _ _ _ _ _ _ _ _ _ _ _ _ _ _ _ _ _ _ _ _ _ _ _ _ _ _ 
../factory-story-680/.runtime/test-venvs/career-intelligence-mcp/lib/python3.12/site-packages/pytest_playwright/pytest_playwright.py:108: in pytest_runtest_call
    yield
../factory-story-680/.runtime/test-venvs/career-intelligence-mcp/lib/python3.12/site-packages/pytest_asyncio/plugin.py:569: in runtest
    super().runtest()
../factory-story-680/.runtime/test-venvs/career-intelligence-mcp/lib/python3.12/site-packages/pytest_asyncio/plugin.py:905: in inner
    runner.run(coro, context=context)
_ _ _ _ _ _ _ _ _ _ _ _ _ _ _ _ _ _ _ _ _ _ _ _ _ _ _ _ _ _ _ _ _ _ _ _ _ _ _ _ 

self = <asyncio.runners.Runner object at 0x10b6d1dc0>
coro = <coroutine object test_run_one_claude_cli_never_calls_openrouter_send_message at 0x10a43bef0>
context = <_contextvars.Context object at 0x10a431740>

    def run(self, coro, *, context=None):
        """Run a coroutine inside the embedded event loop."""
        if not coroutines.iscoroutine(coro):
            raise ValueError("a coroutine was expected, got {!r}".format(coro))
    
        if events._get_running_loop() is not None:
            # fail fast with short traceback
>           raise RuntimeError(
                "Runner.run() cannot be called from a running event loop")
E           RuntimeError: Runner.run() cannot be called from a running event loop

/Users/aiengineer/.local/share/uv/python/cpython-3.12.13-macos-x86_64-none/lib/python3.12/asyncio/runners.py:93: RuntimeError
_________________ test_run_one_defaults_to_openrouter_backend __________________

item = <Coroutine test_run_one_defaults_to_openrouter_backend>

    @pytest.hookimpl(wrapper=True, tryfirst=True)
    def pytest_runtest_call(item: Any) -> Generator[None, Any, None]:
        if _soft_scope is None:
            yield
            return
        hard_failure: Optional[BaseException] = None
        with _soft_scope() as errors:
            try:
                yield
            except BaseException as exc:
                hard_failure = exc
        if not errors:
            if hard_failure is not None:
>               raise hard_failure

../factory-story-680/.runtime/test-venvs/career-intelligence-mcp/lib/python3.12/site-packages/pytest_playwright/pytest_playwright.py:113: 
_ _ _ _ _ _ _ _ _ _ _ _ _ _ _ _ _ _ _ _ _ _ _ _ _ _ _ _ _ _ _ _ _ _ _ _ _ _ _ _ 
../factory-story-680/.runtime/test-venvs/career-intelligence-mcp/lib/python3.12/site-packages/pytest_playwright/pytest_playwright.py:108: in pytest_runtest_call
    yield
../factory-story-680/.runtime/test-venvs/career-intelligence-mcp/lib/python3.12/site-packages/pytest_asyncio/plugin.py:569: in runtest
    super().runtest()
../factory-story-680/.runtime/test-venvs/career-intelligence-mcp/lib/python3.12/site-packages/pytest_asyncio/plugin.py:905: in inner
    runner.run(coro, context=context)
_ _ _ _ _ _ _ _ _ _ _ _ _ _ _ _ _ _ _ _ _ _ _ _ _ _ _ _ _ _ _ _ _ _ _ _ _ _ _ _ 

self = <asyncio.runners.Runner object at 0x10b6d3680>
coro = <coroutine object test_run_one_defaults_to_openrouter_backend at 0x10a3d5e40>
context = <_contextvars.Context object at 0x10b64fcc0>

    def run(self, coro, *, context=None):
        """Run a coroutine inside the embedded event loop."""
        if not coroutines.iscoroutine(coro):
            raise ValueError("a coroutine was expected, got {!r}".format(coro))
    
        if events._get_running_loop() is not None:
            # fail fast with short traceback
>           raise RuntimeError(
                "Runner.run() cannot be called from a running event loop")
E           RuntimeError: Runner.run() cannot be called from a running event loop

/Users/aiengineer/.local/share/uv/python/cpython-3.12.13-macos-x86_64-none/lib/python3.12/asyncio/runners.py:93: RuntimeError
________________ test_get_series_data_includes_registration_key ________________

item = <Coroutine test_get_series_data_includes_registration_key>

    @pytest.hookimpl(wrapper=True, tryfirst=True)
    def pytest_runtest_call(item: Any) -> Generator[None, Any, None]:
        if _soft_scope is None:
            yield
            return
        hard_failure: Optional[BaseException] = None
        with _soft_scope() as errors:
            try:
                yield
            except BaseException as exc:
                hard_failure = exc
        if not errors:
            if hard_failure is not None:
>               raise hard_failure

../factory-story-680/.runtime/test-venvs/career-intelligence-mcp/lib/python3.12/site-packages/pytest_playwright/pytest_playwright.py:113: 
_ _ _ _ _ _ _ _ _ _ _ _ _ _ _ _ _ _ _ _ _ _ _ _ _ _ _ _ _ _ _ _ _ _ _ _ _ _ _ _ 
../factory-story-680/.runtime/test-venvs/career-intelligence-mcp/lib/python3.12/site-packages/pytest_playwright/pytest_playwright.py:108: in pytest_runtest_call
    yield
../factory-story-680/.runtime/test-venvs/career-intelligence-mcp/lib/python3.12/site-packages/pytest_asyncio/plugin.py:569: in runtest
    super().runtest()
../factory-story-680/.runtime/test-venvs/career-intelligence-mcp/lib/python3.12/site-packages/pytest_asyncio/plugin.py:905: in inner
    runner.run(coro, context=context)
_ _ _ _ _ _ _ _ _ _ _ _ _ _ _ _ _ _ _ _ _ _ _ _ _ _ _ _ _ _ _ _ _ _ _ _ _ _ _ _ 

self = <asyncio.runners.Runner object at 0x10b6d08f0>
coro = <coroutine object test_get_series_data_includes_registration_key at 0x10a283760>
context = <_contextvars.Context object at 0x10b655180>

    def run(self, coro, *, context=None):
        """Run a coroutine inside the embedded event loop."""
        if not coroutines.iscoroutine(coro):
            raise ValueError("a coroutine was expected, got {!r}".format(coro))
    
        if events._get_running_loop() is not None:
            # fail fast with short traceback
>           raise RuntimeError(
                "Runner.run() cannot be called from a running event loop")
E           RuntimeError: Runner.run() cannot be called from a running event loop

/Users/aiengineer/.local/share/uv/python/cpython-3.12.13-macos-x86_64-none/lib/python3.12/asyncio/runners.py:93: RuntimeError
____________________ test_get_series_data_works_without_key ____________________

item = <Coroutine test_get_series_data_works_without_key>

    @pytest.hookimpl(wrapper=True, tryfirst=True)
    def pytest_runtest_call(item: Any) -> Generator[None, Any, None]:
        if _soft_scope is None:
            yield
            return
        hard_failure: Optional[BaseException] = None
        with _soft_scope() as errors:
            try:
                yield
            except BaseException as exc:
                hard_failure = exc
        if not errors:
            if hard_failure is not None:
>               raise hard_failure

../factory-story-680/.runtime/test-venvs/career-intelligence-mcp/lib/python3.12/site-packages/pytest_playwright/pytest_playwright.py:113: 
_ _ _ _ _ _ _ _ _ _ _ _ _ _ _ _ _ _ _ _ _ _ _ _ _ _ _ _ _ _ _ _ _ _ _ _ _ _ _ _ 
../factory-story-680/.runtime/test-venvs/career-intelligence-mcp/lib/python3.12/site-packages/pytest_playwright/pytest_playwright.py:108: in pytest_runtest_call
    yield
../factory-story-680/.runtime/test-venvs/career-intelligence-mcp/lib/python3.12/site-packages/pytest_asyncio/plugin.py:569: in runtest
    super().runtest()
../factory-story-680/.runtime/test-venvs/career-intelligence-mcp/lib/python3.12/site-packages/pytest_asyncio/plugin.py:905: in inner
    runner.run(coro, context=context)
_ _ _ _ _ _ _ _ _ _ _ _ _ _ _ _ _ _ _ _ _ _ _ _ _ _ _ _ _ _ _ _ _ _ _ _ _ _ _ _ 

self = <asyncio.runners.Runner object at 0x10b6d3740>
coro = <coroutine object test_get_series_data_works_without_key at 0x10a24ddf0>
context = <_contextvars.Context object at 0x10b655f80>

    def run(self, coro, *, context=None):
        """Run a coroutine inside the embedded event loop."""
        if not coroutines.iscoroutine(coro):
            raise ValueError("a coroutine was expected, got {!r}".format(coro))
    
        if events._get_running_loop() is not None:
            # fail fast with short traceback
>           raise RuntimeError(
                "Runner.run() cannot be called from a running event loop")
E           RuntimeError: Runner.run() cannot be called from a running event loop

/Users/aiengineer/.local/share/uv/python/cpython-3.12.13-macos-x86_64-none/lib/python3.12/asyncio/runners.py:93: RuntimeError
_________________ test_build_career_transition_plan_happy_path _________________

item = <Coroutine test_build_career_transition_plan_happy_path>

    @pytest.hookimpl(wrapper=True, tryfirst=True)
    def pytest_runtest_call(item: Any) -> Generator[None, Any, None]:
        if _soft_scope is None:
            yield
            return
        hard_failure: Optional[BaseException] = None
        with _soft_scope() as errors:
            try:
                yield
            except BaseException as exc:
                hard_failure = exc
        if not errors:
            if hard_failure is not None:
>               raise hard_failure

../factory-story-680/.runtime/test-venvs/career-intelligence-mcp/lib/python3.12/site-packages/pytest_playwright/pytest_playwright.py:113: 
_ _ _ _ _ _ _ _ _ _ _ _ _ _ _ _ _ _ _ _ _ _ _ _ _ _ _ _ _ _ _ _ _ _ _ _ _ _ _ _ 
../factory-story-680/.runtime/test-venvs/career-intelligence-mcp/lib/python3.12/site-packages/pytest_playwright/pytest_playwright.py:108: in pytest_runtest_call
    yield
../factory-story-680/.runtime/test-venvs/career-intelligence-mcp/lib/python3.12/site-packages/pytest_asyncio/plugin.py:569: in runtest
    super().runtest()
../factory-story-680/.runtime/test-venvs/career-intelligence-mcp/lib/python3.12/site-packages/pytest_asyncio/plugin.py:905: in inner
    runner.run(coro, context=context)
_ _ _ _ _ _ _ _ _ _ _ _ _ _ _ _ _ _ _ _ _ _ _ _ _ _ _ _ _ _ _ _ _ _ _ _ _ _ _ _ 

self = <asyncio.runners.Runner object at 0x10b6d1d00>
coro = <coroutine object test_build_career_transition_plan_happy_path at 0x10a2225a0>
context = <_contextvars.Context object at 0x10b69c240>

    def run(self, coro, *, context=None):
        """Run a coroutine inside the embedded event loop."""
        if not coroutines.iscoroutine(coro):
            raise ValueError("a coroutine was expected, got {!r}".format(coro))
    
        if events._get_running_loop() is not None:
            # fail fast with short traceback
>           raise RuntimeError(
                "Runner.run() cannot be called from a running event loop")
E           RuntimeError: Runner.run() cannot be called from a running event loop

/Users/aiengineer/.local/share/uv/python/cpython-3.12.13-macos-x86_64-none/lib/python3.12/asyncio/runners.py:93: RuntimeError
_ test_build_career_transition_plan_degrades_one_destination_field_independently _

item = <Coroutine test_build_career_transition_plan_degrades_one_destination_field_independently>

    @pytest.hookimpl(wrapper=True, tryfirst=True)
    def pytest_runtest_call(item: Any) -> Generator[None, Any, None]:
        if _soft_scope is None:
            yield
            return
        hard_failure: Optional[BaseException] = None
        with _soft_scope() as errors:
            try:
                yield
            except BaseException as exc:
                hard_failure = exc
        if not errors:
            if hard_failure is not None:
>               raise hard_failure

../factory-story-680/.runtime/test-venvs/career-intelligence-mcp/lib/python3.12/site-packages/pytest_playwright/pytest_playwright.py:113: 
_ _ _ _ _ _ _ _ _ _ _ _ _ _ _ _ _ _ _ _ _ _ _ _ _ _ _ _ _ _ _ _ _ _ _ _ _ _ _ _ 
../factory-story-680/.runtime/test-venvs/career-intelligence-mcp/lib/python3.12/site-packages/pytest_playwright/pytest_playwright.py:108: in pytest_runtest_call
    yield
../factory-story-680/.runtime/test-venvs/career-intelligence-mcp/lib/python3.12/site-packages/pytest_asyncio/plugin.py:569: in runtest
    super().runtest()
../factory-story-680/.runtime/test-venvs/career-intelligence-mcp/lib/python3.12/site-packages/pytest_asyncio/plugin.py:905: in inner
    runner.run(coro, context=context)
_ _ _ _ _ _ _ _ _ _ _ _ _ _ _ _ _ _ _ _ _ _ _ _ _ _ _ _ _ _ _ _ _ _ _ _ _ _ _ _ 

self = <asyncio.runners.Runner object at 0x10b6b6e10>
coro = <coroutine object test_build_career_transition_plan_degrades_one_destination_field_independently at 0x10a24fe00>
context = <_contextvars.Context object at 0x10abee380>

    def run(self, coro, *, context=None):
        """Run a coroutine inside the embedded event loop."""
        if not coroutines.iscoroutine(coro):
            raise ValueError("a coroutine was expected, got {!r}".format(coro))
    
        if events._get_running_loop() is not None:
            # fail fast with short traceback
>           raise RuntimeError(
                "Runner.run() cannot be called from a running event loop")
E           RuntimeError: Runner.run() cannot be called from a running event loop

/Users/aiengineer/.local/share/uv/python/cpython-3.12.13-macos-x86_64-none/lib/python3.12/asyncio/runners.py:93: RuntimeError
_____ test_build_career_transition_plan_degrades_job_centers_independently _____

item = <Coroutine test_build_career_transition_plan_degrades_job_centers_independently>

    @pytest.hookimpl(wrapper=True, tryfirst=True)
    def pytest_runtest_call(item: Any) -> Generator[None, Any, None]:
        if _soft_scope is None:
            yield
            return
        hard_failure: Optional[BaseException] = None
        with _soft_scope() as errors:
            try:
                yield
            except BaseException as exc:
                hard_failure = exc
        if not errors:
            if hard_failure is not None:
>               raise hard_failure

../factory-story-680/.runtime/test-venvs/career-intelligence-mcp/lib/python3.12/site-packages/pytest_playwright/pytest_playwright.py:113: 
_ _ _ _ _ _ _ _ _ _ _ _ _ _ _ _ _ _ _ _ _ _ _ _ _ _ _ _ _ _ _ _ _ _ _ _ _ _ _ _ 
../factory-story-680/.runtime/test-venvs/career-intelligence-mcp/lib/python3.12/site-packages/pytest_playwright/pytest_playwright.py:108: in pytest_runtest_call
    yield
../factory-story-680/.runtime/test-venvs/career-intelligence-mcp/lib/python3.12/site-packages/pytest_asyncio/plugin.py:569: in runtest
    super().runtest()
../factory-story-680/.runtime/test-venvs/career-intelligence-mcp/lib/python3.12/site-packages/pytest_asyncio/plugin.py:905: in inner
    runner.run(coro, context=context)
_ _ _ _ _ _ _ _ _ _ _ _ _ _ _ _ _ _ _ _ _ _ _ _ _ _ _ _ _ _ _ _ _ _ _ _ _ _ _ _ 

self = <asyncio.runners.Runner object at 0x10b6b6ba0>
coro = <coroutine object test_build_career_transition_plan_degrades_job_centers_independently at 0x10ac91b90>
context = <_contextvars.Context object at 0x10b69c080>

    def run(self, coro, *, context=None):
        """Run a coroutine inside the embedded event loop."""
        if not coroutines.iscoroutine(coro):
            raise ValueError("a coroutine was expected, got {!r}".format(coro))
    
        if events._get_running_loop() is not None:
            # fail fast with short traceback
>           raise RuntimeError(
                "Runner.run() cannot be called from a running event loop")
E           RuntimeError: Runner.run() cannot be called from a running event loop

/Users/aiengineer/.local/share/uv/python/cpython-3.12.13-macos-x86_64-none/lib/python3.12/asyncio/runners.py:93: RuntimeError
______ test_build_career_transition_plan_ambiguous_occupation_propagates _______

item = <Coroutine test_build_career_transition_plan_ambiguous_occupation_propagates>

    @pytest.hookimpl(wrapper=True, tryfirst=True)
    def pytest_runtest_call(item: Any) -> Generator[None, Any, None]:
        if _soft_scope is None:
            yield
            return
        hard_failure: Optional[BaseException] = None
        with _soft_scope() as errors:
            try:
                yield
            except BaseException as exc:
                hard_failure = exc
        if not errors:
            if hard_failure is not None:
>               raise hard_failure

../factory-story-680/.runtime/test-venvs/career-intelligence-mcp/lib/python3.12/site-packages/pytest_playwright/pytest_playwright.py:113: 
_ _ _ _ _ _ _ _ _ _ _ _ _ _ _ _ _ _ _ _ _ _ _ _ _ _ _ _ _ _ _ _ _ _ _ _ _ _ _ _ 
../factory-story-680/.runtime/test-venvs/career-intelligence-mcp/lib/python3.12/site-packages/pytest_playwright/pytest_playwright.py:108: in pytest_runtest_call
    yield
../factory-story-680/.runtime/test-venvs/career-intelligence-mcp/lib/python3.12/site-packages/pytest_asyncio/plugin.py:569: in runtest
    super().runtest()
../factory-story-680/.runtime/test-venvs/career-intelligence-mcp/lib/python3.12/site-packages/pytest_asyncio/plugin.py:905: in inner
    runner.run(coro, context=context)
_ _ _ _ _ _ _ _ _ _ _ _ _ _ _ _ _ _ _ _ _ _ _ _ _ _ _ _ _ _ _ _ _ _ _ _ _ _ _ _ 

self = <asyncio.runners.Runner object at 0x10b6d0800>
coro = <coroutine object test_build_career_transition_plan_ambiguous_occupation_propagates at 0x1079709d0>
context = <_contextvars.Context object at 0x10b64ffc0>

    def run(self, coro, *, context=None):
        """Run a coroutine inside the embedded event loop."""
        if not coroutines.iscoroutine(coro):
            raise ValueError("a coroutine was expected, got {!r}".format(coro))
    
        if events._get_running_loop() is not None:
            # fail fast with short traceback
>           raise RuntimeError(
                "Runner.run() cannot be called from a running event loop")
E           RuntimeError: Runner.run() cannot be called from a running event loop

/Users/aiengineer/.local/share/uv/python/cpython-3.12.13-macos-x86_64-none/lib/python3.12/asyncio/runners.py:93: RuntimeError
______________________ test_get_wages_returns_parsed_json ______________________

item = <Coroutine test_get_wages_returns_parsed_json>

    @pytest.hookimpl(wrapper=True, tryfirst=True)
    def pytest_runtest_call(item: Any) -> Generator[None, Any, None]:
        if _soft_scope is None:
            yield
            return
        hard_failure: Optional[BaseException] = None
        with _soft_scope() as errors:
            try:
                yield
            except BaseException as exc:
                hard_failure = exc
        if not errors:
            if hard_failure is not None:
>               raise hard_failure

../factory-story-680/.runtime/test-venvs/career-intelligence-mcp/lib/python3.12/site-packages/pytest_playwright/pytest_playwright.py:113: 
_ _ _ _ _ _ _ _ _ _ _ _ _ _ _ _ _ _ _ _ _ _ _ _ _ _ _ _ _ _ _ _ _ _ _ _ _ _ _ _ 
../factory-story-680/.runtime/test-venvs/career-intelligence-mcp/lib/python3.12/site-packages/pytest_playwright/pytest_playwright.py:108: in pytest_runtest_call
    yield
../factory-story-680/.runtime/test-venvs/career-intelligence-mcp/lib/python3.12/site-packages/pytest_asyncio/plugin.py:569: in runtest
    super().runtest()
../factory-story-680/.runtime/test-venvs/career-intelligence-mcp/lib/python3.12/site-packages/pytest_asyncio/plugin.py:905: in inner
    runner.run(coro, context=context)
_ _ _ _ _ _ _ _ _ _ _ _ _ _ _ _ _ _ _ _ _ _ _ _ _ _ _ _ _ _ _ _ _ _ _ _ _ _ _ _ 

self = <asyncio.runners.Runner object at 0x10b6b4350>
coro = <coroutine object test_get_wages_returns_parsed_json at 0x10a3d5e40>
context = <_contextvars.Context object at 0x10a431740>

    def run(self, coro, *, context=None):
        """Run a coroutine inside the embedded event loop."""
        if not coroutines.iscoroutine(coro):
            raise ValueError("a coroutine was expected, got {!r}".format(coro))
    
        if events._get_running_loop() is not None:
            # fail fast with short traceback
>           raise RuntimeError(
                "Runner.run() cannot be called from a running event loop")
E           RuntimeError: Runner.run() cannot be called from a running event loop

/Users/aiengineer/.local/share/uv/python/cpython-3.12.13-macos-x86_64-none/lib/python3.12/asyncio/runners.py:93: RuntimeError
______________ test_get_certifications_defensive_on_missing_field ______________

item = <Coroutine test_get_certifications_defensive_on_missing_field>

    @pytest.hookimpl(wrapper=True, tryfirst=True)
    def pytest_runtest_call(item: Any) -> Generator[None, Any, None]:
        if _soft_scope is None:
            yield
            return
        hard_failure: Optional[BaseException] = None
        with _soft_scope() as errors:
            try:
                yield
            except BaseException as exc:
                hard_failure = exc
        if not errors:
            if hard_failure is not None:
>               raise hard_failure

../factory-story-680/.runtime/test-venvs/career-intelligence-mcp/lib/python3.12/site-packages/pytest_playwright/pytest_playwright.py:113: 
_ _ _ _ _ _ _ _ _ _ _ _ _ _ _ _ _ _ _ _ _ _ _ _ _ _ _ _ _ _ _ _ _ _ _ _ _ _ _ _ 
../factory-story-680/.runtime/test-venvs/career-intelligence-mcp/lib/python3.12/site-packages/pytest_playwright/pytest_playwright.py:108: in pytest_runtest_call
    yield
../factory-story-680/.runtime/test-venvs/career-intelligence-mcp/lib/python3.12/site-packages/pytest_asyncio/plugin.py:569: in runtest
    super().runtest()
../factory-story-680/.runtime/test-venvs/career-intelligence-mcp/lib/python3.12/site-packages/pytest_asyncio/plugin.py:905: in inner
    runner.run(coro, context=context)
_ _ _ _ _ _ _ _ _ _ _ _ _ _ _ _ _ _ _ _ _ _ _ _ _ _ _ _ _ _ _ _ _ _ _ _ _ _ _ _ 

self = <asyncio.runners.Runner object at 0x10b5e02c0>
coro = <coroutine object test_get_certifications_defensive_on_missing_field at 0x10a5132e0>
context = <_contextvars.Context object at 0x10b64fcc0>

    def run(self, coro, *, context=None):
        """Run a coroutine inside the embedded event loop."""
        if not coroutines.iscoroutine(coro):
            raise ValueError("a coroutine was expected, got {!r}".format(coro))
    
        if events._get_running_loop() is not None:
            # fail fast with short traceback
>           raise RuntimeError(
                "Runner.run() cannot be called from a running event loop")
E           RuntimeError: Runner.run() cannot be called from a running event loop

/Users/aiengineer/.local/share/uv/python/cpython-3.12.13-macos-x86_64-none/lib/python3.12/asyncio/runners.py:93: RuntimeError
_____________ test_get_certifications_success_returns_full_records _____________

item = <Coroutine test_get_certifications_success_returns_full_records>

    @pytest.hookimpl(wrapper=True, tryfirst=True)
    def pytest_runtest_call(item: Any) -> Generator[None, Any, None]:
        if _soft_scope is None:
            yield
            return
        hard_failure: Optional[BaseException] = None
        with _soft_scope() as errors:
            try:
                yield
            except BaseException as exc:
                hard_failure = exc
        if not errors:
            if hard_failure is not None:
>               raise hard_failure

../factory-story-680/.runtime/test-venvs/career-intelligence-mcp/lib/python3.12/site-packages/pytest_playwright/pytest_playwright.py:113: 
_ _ _ _ _ _ _ _ _ _ _ _ _ _ _ _ _ _ _ _ _ _ _ _ _ _ _ _ _ _ _ _ _ _ _ _ _ _ _ _ 
../factory-story-680/.runtime/test-venvs/career-intelligence-mcp/lib/python3.12/site-packages/pytest_playwright/pytest_playwright.py:108: in pytest_runtest_call
    yield
../factory-story-680/.runtime/test-venvs/career-intelligence-mcp/lib/python3.12/site-packages/pytest_asyncio/plugin.py:569: in runtest
    super().runtest()
../factory-story-680/.runtime/test-venvs/career-intelligence-mcp/lib/python3.12/site-packages/pytest_asyncio/plugin.py:905: in inner
    runner.run(coro, context=context)
_ _ _ _ _ _ _ _ _ _ _ _ _ _ _ _ _ _ _ _ _ _ _ _ _ _ _ _ _ _ _ _ _ _ _ _ _ _ _ _ 

self = <asyncio.runners.Runner object at 0x10b5e35f0>
coro = <coroutine object test_get_certifications_success_returns_full_records at 0x10a4c50c0>
context = <_contextvars.Context object at 0x10b654e00>

    def run(self, coro, *, context=None):
        """Run a coroutine inside the embedded event loop."""
        if not coroutines.iscoroutine(coro):
            raise ValueError("a coroutine was expected, got {!r}".format(coro))
    
        if events._get_running_loop() is not None:
            # fail fast with short traceback
>           raise RuntimeError(
                "Runner.run() cannot be called from a running event loop")
E           RuntimeError: Runner.run() cannot be called from a running event loop

/Users/aiengineer/.local/share/uv/python/cpython-3.12.13-macos-x86_64-none/lib/python3.12/asyncio/runners.py:93: RuntimeError
________ test_get_certifications_partial_record_missing_optional_fields ________

item = <Coroutine test_get_certifications_partial_record_missing_optional_fields>

    @pytest.hookimpl(wrapper=True, tryfirst=True)
    def pytest_runtest_call(item: Any) -> Generator[None, Any, None]:
        if _soft_scope is None:
            yield
            return
        hard_failure: Optional[BaseException] = None
        with _soft_scope() as errors:
            try:
                yield
            except BaseException as exc:
                hard_failure = exc
        if not errors:
            if hard_failure is not None:
>               raise hard_failure

../factory-story-680/.runtime/test-venvs/career-intelligence-mcp/lib/python3.12/site-packages/pytest_playwright/pytest_playwright.py:113: 
_ _ _ _ _ _ _ _ _ _ _ _ _ _ _ _ _ _ _ _ _ _ _ _ _ _ _ _ _ _ _ _ _ _ _ _ _ _ _ _ 
../factory-story-680/.runtime/test-venvs/career-intelligence-mcp/lib/python3.12/site-packages/pytest_playwright/pytest_playwright.py:108: in pytest_runtest_call
    yield
../factory-story-680/.runtime/test-venvs/career-intelligence-mcp/lib/python3.12/site-packages/pytest_asyncio/plugin.py:569: in runtest
    super().runtest()
../factory-story-680/.runtime/test-venvs/career-intelligence-mcp/lib/python3.12/site-packages/pytest_asyncio/plugin.py:905: in inner
    runner.run(coro, context=context)
_ _ _ _ _ _ _ _ _ _ _ _ _ _ _ _ _ _ _ _ _ _ _ _ _ _ _ _ _ _ _ _ _ _ _ _ _ _ _ _ 

self = <asyncio.runners.Runner object at 0x10b5e2a50>
coro = <coroutine object test_get_certifications_partial_record_missing_optional_fields at 0x10a24fe00>
context = <_contextvars.Context object at 0x10b655f80>

    def run(self, coro, *, context=None):
        """Run a coroutine inside the embedded event loop."""
        if not coroutines.iscoroutine(coro):
            raise ValueError("a coroutine was expected, got {!r}".format(coro))
    
        if events._get_running_loop() is not None:
            # fail fast with short traceback
>           raise RuntimeError(
                "Runner.run() cannot be called from a running event loop")
E           RuntimeError: Runner.run() cannot be called from a running event loop

/Users/aiengineer/.local/share/uv/python/cpython-3.12.13-macos-x86_64-none/lib/python3.12/asyncio/runners.py:93: RuntimeError
__________ test_get_certifications_auth_failure_raises_upstream_error __________

item = <Coroutine test_get_certifications_auth_failure_raises_upstream_error>

    @pytest.hookimpl(wrapper=True, tryfirst=True)
    def pytest_runtest_call(item: Any) -> Generator[None, Any, None]:
        if _soft_scope is None:
            yield
            return
        hard_failure: Optional[BaseException] = None
        with _soft_scope() as errors:
            try:
                yield
            except BaseException as exc:
                hard_failure = exc
        if not errors:
            if hard_failure is not None:
>               raise hard_failure

../factory-story-680/.runtime/test-venvs/career-intelligence-mcp/lib/python3.12/site-packages/pytest_playwright/pytest_playwright.py:113: 
_ _ _ _ _ _ _ _ _ _ _ _ _ _ _ _ _ _ _ _ _ _ _ _ _ _ _ _ _ _ _ _ _ _ _ _ _ _ _ _ 
../factory-story-680/.runtime/test-venvs/career-intelligence-mcp/lib/python3.12/site-packages/pytest_playwright/pytest_playwright.py:108: in pytest_runtest_call
    yield
../factory-story-680/.runtime/test-venvs/career-intelligence-mcp/lib/python3.12/site-packages/pytest_asyncio/plugin.py:569: in runtest
    super().runtest()
../factory-story-680/.runtime/test-venvs/career-intelligence-mcp/lib/python3.12/site-packages/pytest_asyncio/plugin.py:905: in inner
    runner.run(coro, context=context)
_ _ _ _ _ _ _ _ _ _ _ _ _ _ _ _ _ _ _ _ _ _ _ _ _ _ _ _ _ _ _ _ _ _ _ _ _ _ _ _ 

self = <asyncio.runners.Runner object at 0x10b6d3740>
coro = <coroutine object test_get_certifications_auth_failure_raises_upstream_error at 0x10a2834c0>
context = <_contextvars.Context object at 0x10b69c0c0>

    def run(self, coro, *, context=None):
        """Run a coroutine inside the embedded event loop."""
        if not coroutines.iscoroutine(coro):
            raise ValueError("a coroutine was expected, got {!r}".format(coro))
    
        if events._get_running_loop() is not None:
            # fail fast with short traceback
>           raise RuntimeError(
                "Runner.run() cannot be called from a running event loop")
E           RuntimeError: Runner.run() cannot be called from a running event loop

/Users/aiengineer/.local/share/uv/python/cpython-3.12.13-macos-x86_64-none/lib/python3.12/asyncio/runners.py:93: RuntimeError
___________ test_get_certifications_throttled_then_exhausts_retries ____________

item = <Coroutine test_get_certifications_throttled_then_exhausts_retries>

    @pytest.hookimpl(wrapper=True, tryfirst=True)
    def pytest_runtest_call(item: Any) -> Generator[None, Any, None]:
        if _soft_scope is None:
            yield
            return
        hard_failure: Optional[BaseException] = None
        with _soft_scope() as errors:
            try:
                yield
            except BaseException as exc:
                hard_failure = exc
        if not errors:
            if hard_failure is not None:
>               raise hard_failure

../factory-story-680/.runtime/test-venvs/career-intelligence-mcp/lib/python3.12/site-packages/pytest_playwright/pytest_playwright.py:113: 
_ _ _ _ _ _ _ _ _ _ _ _ _ _ _ _ _ _ _ _ _ _ _ _ _ _ _ _ _ _ _ _ _ _ _ _ _ _ _ _ 
../factory-story-680/.runtime/test-venvs/career-intelligence-mcp/lib/python3.12/site-packages/pytest_playwright/pytest_playwright.py:108: in pytest_runtest_call
    yield
../factory-story-680/.runtime/test-venvs/career-intelligence-mcp/lib/python3.12/site-packages/pytest_asyncio/plugin.py:569: in runtest
    super().runtest()
../factory-story-680/.runtime/test-venvs/career-intelligence-mcp/lib/python3.12/site-packages/pytest_asyncio/plugin.py:905: in inner
    runner.run(coro, context=context)
_ _ _ _ _ _ _ _ _ _ _ _ _ _ _ _ _ _ _ _ _ _ _ _ _ _ _ _ _ _ _ _ _ _ _ _ _ _ _ _ 

self = <asyncio.runners.Runner object at 0x10b64b350>
coro = <coroutine object test_get_certifications_throttled_then_exhausts_retries at 0x10a24ddf0>
context = <_contextvars.Context object at 0x10abee380>

    def run(self, coro, *, context=None):
        """Run a coroutine inside the embedded event loop."""
        if not coroutines.iscoroutine(coro):
            raise ValueError("a coroutine was expected, got {!r}".format(coro))
    
        if events._get_running_loop() is not None:
            # fail fast with short traceback
>           raise RuntimeError(
                "Runner.run() cannot be called from a running event loop")
E           RuntimeError: Runner.run() cannot be called from a running event loop

/Users/aiengineer/.local/share/uv/python/cpython-3.12.13-macos-x86_64-none/lib/python3.12/asyncio/runners.py:93: RuntimeError
__________ test_get_certifications_upstream_failure_exhausts_retries ___________

item = <Coroutine test_get_certifications_upstream_failure_exhausts_retries>

    @pytest.hookimpl(wrapper=True, tryfirst=True)
    def pytest_runtest_call(item: Any) -> Generator[None, Any, None]:
        if _soft_scope is None:
            yield
            return
        hard_failure: Optional[BaseException] = None
        with _soft_scope() as errors:
            try:
                yield
            except BaseException as exc:
                hard_failure = exc
        if not errors:
            if hard_failure is not None:
>               raise hard_failure

../factory-story-680/.runtime/test-venvs/career-intelligence-mcp/lib/python3.12/site-packages/pytest_playwright/pytest_playwright.py:113: 
_ _ _ _ _ _ _ _ _ _ _ _ _ _ _ _ _ _ _ _ _ _ _ _ _ _ _ _ _ _ _ _ _ _ _ _ _ _ _ _ 
../factory-story-680/.runtime/test-venvs/career-intelligence-mcp/lib/python3.12/site-packages/pytest_playwright/pytest_playwright.py:108: in pytest_runtest_call
    yield
../factory-story-680/.runtime/test-venvs/career-intelligence-mcp/lib/python3.12/site-packages/pytest_asyncio/plugin.py:569: in runtest
    super().runtest()
../factory-story-680/.runtime/test-venvs/career-intelligence-mcp/lib/python3.12/site-packages/pytest_asyncio/plugin.py:905: in inner
    runner.run(coro, context=context)
_ _ _ _ _ _ _ _ _ _ _ _ _ _ _ _ _ _ _ _ _ _ _ _ _ _ _ _ _ _ _ _ _ _ _ _ _ _ _ _ 

self = <asyncio.runners.Runner object at 0x10b69b650>
coro = <coroutine object test_get_certifications_upstream_failure_exhausts_retries at 0x10b6ed7b0>
context = <_contextvars.Context object at 0x10b654c00>

    def run(self, coro, *, context=None):
        """Run a coroutine inside the embedded event loop."""
        if not coroutines.iscoroutine(coro):
            raise ValueError("a coroutine was expected, got {!r}".format(coro))
    
        if events._get_running_loop() is not None:
            # fail fast with short traceback
>           raise RuntimeError(
                "Runner.run() cannot be called from a running event loop")
E           RuntimeError: Runner.run() cannot be called from a running event loop

/Users/aiengineer/.local/share/uv/python/cpython-3.12.13-macos-x86_64-none/lib/python3.12/asyncio/runners.py:93: RuntimeError
______________ test_get_job_centers_success_returns_full_response ______________

item = <Coroutine test_get_job_centers_success_returns_full_response>

    @pytest.hookimpl(wrapper=True, tryfirst=True)
    def pytest_runtest_call(item: Any) -> Generator[None, Any, None]:
        if _soft_scope is None:
            yield
            return
        hard_failure: Optional[BaseException] = None
        with _soft_scope() as errors:
            try:
                yield
            except BaseException as exc:
                hard_failure = exc
        if not errors:
            if hard_failure is not None:
>               raise hard_failure

../factory-story-680/.runtime/test-venvs/career-intelligence-mcp/lib/python3.12/site-packages/pytest_playwright/pytest_playwright.py:113: 
_ _ _ _ _ _ _ _ _ _ _ _ _ _ _ _ _ _ _ _ _ _ _ _ _ _ _ _ _ _ _ _ _ _ _ _ _ _ _ _ 
../factory-story-680/.runtime/test-venvs/career-intelligence-mcp/lib/python3.12/site-packages/pytest_playwright/pytest_playwright.py:108: in pytest_runtest_call
    yield
../factory-story-680/.runtime/test-venvs/career-intelligence-mcp/lib/python3.12/site-packages/pytest_asyncio/plugin.py:569: in runtest
    super().runtest()
../factory-story-680/.runtime/test-venvs/career-intelligence-mcp/lib/python3.12/site-packages/pytest_asyncio/plugin.py:905: in inner
    runner.run(coro, context=context)
_ _ _ _ _ _ _ _ _ _ _ _ _ _ _ _ _ _ _ _ _ _ _ _ _ _ _ _ _ _ _ _ _ _ _ _ _ _ _ _ 

self = <asyncio.runners.Runner object at 0x10b64a420>
coro = <coroutine object test_get_job_centers_success_returns_full_response at 0x10a5099c0>
context = <_contextvars.Context object at 0x10b64f840>

    def run(self, coro, *, context=None):
        """Run a coroutine inside the embedded event loop."""
        if not coroutines.iscoroutine(coro):
            raise ValueError("a coroutine was expected, got {!r}".format(coro))
    
        if events._get_running_loop() is not None:
            # fail fast with short traceback
>           raise RuntimeError(
                "Runner.run() cannot be called from a running event loop")
E           RuntimeError: Runner.run() cannot be called from a running event loop

/Users/aiengineer/.local/share/uv/python/cpython-3.12.13-macos-x86_64-none/lib/python3.12/asyncio/runners.py:93: RuntimeError
____________________ test_get_job_centers_empty_result_list ____________________

item = <Coroutine test_get_job_centers_empty_result_list>

    @pytest.hookimpl(wrapper=True, tryfirst=True)
    def pytest_runtest_call(item: Any) -> Generator[None, Any, None]:
        if _soft_scope is None:
            yield
            return
        hard_failure: Optional[BaseException] = None
        with _soft_scope() as errors:
            try:
                yield
            except BaseException as exc:
                hard_failure = exc
        if not errors:
            if hard_failure is not None:
>               raise hard_failure

../factory-story-680/.runtime/test-venvs/career-intelligence-mcp/lib/python3.12/site-packages/pytest_playwright/pytest_playwright.py:113: 
_ _ _ _ _ _ _ _ _ _ _ _ _ _ _ _ _ _ _ _ _ _ _ _ _ _ _ _ _ _ _ _ _ _ _ _ _ _ _ _ 
../factory-story-680/.runtime/test-venvs/career-intelligence-mcp/lib/python3.12/site-packages/pytest_playwright/pytest_playwright.py:108: in pytest_runtest_call
    yield
../factory-story-680/.runtime/test-venvs/career-intelligence-mcp/lib/python3.12/site-packages/pytest_asyncio/plugin.py:569: in runtest
    super().runtest()
../factory-story-680/.runtime/test-venvs/career-intelligence-mcp/lib/python3.12/site-packages/pytest_asyncio/plugin.py:905: in inner
    runner.run(coro, context=context)
_ _ _ _ _ _ _ _ _ _ _ _ _ _ _ _ _ _ _ _ _ _ _ _ _ _ _ _ _ _ _ _ _ _ _ _ _ _ _ _ 

self = <asyncio.runners.Runner object at 0x10b6b4c20>
coro = <coroutine object test_get_job_centers_empty_result_list at 0x10a24fe00>
context = <_contextvars.Context object at 0x10a431740>

    def run(self, coro, *, context=None):
        """Run a coroutine inside the embedded event loop."""
        if not coroutines.iscoroutine(coro):
            raise ValueError("a coroutine was expected, got {!r}".format(coro))
    
        if events._get_running_loop() is not None:
            # fail fast with short traceback
>           raise RuntimeError(
                "Runner.run() cannot be called from a running event loop")
E           RuntimeError: Runner.run() cannot be called from a running event loop

/Users/aiengineer/.local/share/uv/python/cpython-3.12.13-macos-x86_64-none/lib/python3.12/asyncio/runners.py:93: RuntimeError
_________ test_get_job_centers_malformed_response_missing_expected_key _________

item = <Coroutine test_get_job_centers_malformed_response_missing_expected_key>

    @pytest.hookimpl(wrapper=True, tryfirst=True)
    def pytest_runtest_call(item: Any) -> Generator[None, Any, None]:
        if _soft_scope is None:
            yield
            return
        hard_failure: Optional[BaseException] = None
        with _soft_scope() as errors:
            try:
                yield
            except BaseException as exc:
                hard_failure = exc
        if not errors:
            if hard_failure is not None:
>               raise hard_failure

../factory-story-680/.runtime/test-venvs/career-intelligence-mcp/lib/python3.12/site-packages/pytest_playwright/pytest_playwright.py:113: 
_ _ _ _ _ _ _ _ _ _ _ _ _ _ _ _ _ _ _ _ _ _ _ _ _ _ _ _ _ _ _ _ _ _ _ _ _ _ _ _ 
../factory-story-680/.runtime/test-venvs/career-intelligence-mcp/lib/python3.12/site-packages/pytest_playwright/pytest_playwright.py:108: in pytest_runtest_call
    yield
../factory-story-680/.runtime/test-venvs/career-intelligence-mcp/lib/python3.12/site-packages/pytest_asyncio/plugin.py:569: in runtest
    super().runtest()
../factory-story-680/.runtime/test-venvs/career-intelligence-mcp/lib/python3.12/site-packages/pytest_asyncio/plugin.py:905: in inner
    runner.run(coro, context=context)
_ _ _ _ _ _ _ _ _ _ _ _ _ _ _ _ _ _ _ _ _ _ _ _ _ _ _ _ _ _ _ _ _ _ _ _ _ _ _ _ 

self = <asyncio.runners.Runner object at 0x10b6f6f60>
coro = <coroutine object test_get_job_centers_malformed_response_missing_expected_key at 0x10a512c20>
context = <_contextvars.Context object at 0x10b64fcc0>

    def run(self, coro, *, context=None):
        """Run a coroutine inside the embedded event loop."""
        if not coroutines.iscoroutine(coro):
            raise ValueError("a coroutine was expected, got {!r}".format(coro))
    
        if events._get_running_loop() is not None:
            # fail fast with short traceback
>           raise RuntimeError(
                "Runner.run() cannot be called from a running event loop")
E           RuntimeError: Runner.run() cannot be called from a running event loop

/Users/aiengineer/.local/share/uv/python/cpython-3.12.13-macos-x86_64-none/lib/python3.12/asyncio/runners.py:93: RuntimeError
_________ test_get_job_centers_partial_record_missing_optional_fields __________

item = <Coroutine test_get_job_centers_partial_record_missing_optional_fields>

    @pytest.hookimpl(wrapper=True, tryfirst=True)
    def pytest_runtest_call(item: Any) -> Generator[None, Any, None]:
        if _soft_scope is None:
            yield
            return
        hard_failure: Optional[BaseException] = None
        with _soft_scope() as errors:
            try:
                yield
            except BaseException as exc:
                hard_failure = exc
        if not errors:
            if hard_failure is not None:
>               raise hard_failure

../factory-story-680/.runtime/test-venvs/career-intelligence-mcp/lib/python3.12/site-packages/pytest_playwright/pytest_playwright.py:113: 
_ _ _ _ _ _ _ _ _ _ _ _ _ _ _ _ _ _ _ _ _ _ _ _ _ _ _ _ _ _ _ _ _ _ _ _ _ _ _ _ 
../factory-story-680/.runtime/test-venvs/career-intelligence-mcp/lib/python3.12/site-packages/pytest_playwright/pytest_playwright.py:108: in pytest_runtest_call
    yield
../factory-story-680/.runtime/test-venvs/career-intelligence-mcp/lib/python3.12/site-packages/pytest_asyncio/plugin.py:569: in runtest
    super().runtest()
../factory-story-680/.runtime/test-venvs/career-intelligence-mcp/lib/python3.12/site-packages/pytest_asyncio/plugin.py:905: in inner
    runner.run(coro, context=context)
_ _ _ _ _ _ _ _ _ _ _ _ _ _ _ _ _ _ _ _ _ _ _ _ _ _ _ _ _ _ _ _ _ _ _ _ _ _ _ _ 

self = <asyncio.runners.Runner object at 0x10b6f7d10>
coro = <coroutine object test_get_job_centers_partial_record_missing_optional_fields at 0x10a24ddf0>
context = <_contextvars.Context object at 0x10a4311c0>

    def run(self, coro, *, context=None):
        """Run a coroutine inside the embedded event loop."""
        if not coroutines.iscoroutine(coro):
            raise ValueError("a coroutine was expected, got {!r}".format(coro))
    
        if events._get_running_loop() is not None:
            # fail fast with short traceback
>           raise RuntimeError(
                "Runner.run() cannot be called from a running event loop")
E           RuntimeError: Runner.run() cannot be called from a running event loop

/Users/aiengineer/.local/share/uv/python/cpython-3.12.13-macos-x86_64-none/lib/python3.12/asyncio/runners.py:93: RuntimeError
___________ test_get_job_centers_auth_failure_raises_upstream_error ____________

item = <Coroutine test_get_job_centers_auth_failure_raises_upstream_error>

    @pytest.hookimpl(wrapper=True, tryfirst=True)
    def pytest_runtest_call(item: Any) -> Generator[None, Any, None]:
        if _soft_scope is None:
            yield
            return
        hard_failure: Optional[BaseException] = None
        with _soft_scope() as errors:
            try:
                yield
            except BaseException as exc:
                hard_failure = exc
        if not errors:
            if hard_failure is not None:
>               raise hard_failure

../factory-story-680/.runtime/test-venvs/career-intelligence-mcp/lib/python3.12/site-packages/pytest_playwright/pytest_playwright.py:113: 
_ _ _ _ _ _ _ _ _ _ _ _ _ _ _ _ _ _ _ _ _ _ _ _ _ _ _ _ _ _ _ _ _ _ _ _ _ _ _ _ 
../factory-story-680/.runtime/test-venvs/career-intelligence-mcp/lib/python3.12/site-packages/pytest_playwright/pytest_playwright.py:108: in pytest_runtest_call
    yield
../factory-story-680/.runtime/test-venvs/career-intelligence-mcp/lib/python3.12/site-packages/pytest_asyncio/plugin.py:569: in runtest
    super().runtest()
../factory-story-680/.runtime/test-venvs/career-intelligence-mcp/lib/python3.12/site-packages/pytest_asyncio/plugin.py:905: in inner
    runner.run(coro, context=context)
_ _ _ _ _ _ _ _ _ _ _ _ _ _ _ _ _ _ _ _ _ _ _ _ _ _ _ _ _ _ _ _ _ _ _ _ _ _ _ _ 

self = <asyncio.runners.Runner object at 0x10b6d1610>
coro = <coroutine object test_get_job_centers_auth_failure_raises_upstream_error at 0x10a2834c0>
context = <_contextvars.Context object at 0x10b655f80>

    def run(self, coro, *, context=None):
        """Run a coroutine inside the embedded event loop."""
        if not coroutines.iscoroutine(coro):
            raise ValueError("a coroutine was expected, got {!r}".format(coro))
    
        if events._get_running_loop() is not None:
            # fail fast with short traceback
>           raise RuntimeError(
                "Runner.run() cannot be called from a running event loop")
E           RuntimeError: Runner.run() cannot be called from a running event loop

/Users/aiengineer/.local/share/uv/python/cpython-3.12.13-macos-x86_64-none/lib/python3.12/asyncio/runners.py:93: RuntimeError
_____________ test_get_job_centers_throttled_then_exhausts_retries _____________

item = <Coroutine test_get_job_centers_throttled_then_exhausts_retries>

    @pytest.hookimpl(wrapper=True, tryfirst=True)
    def pytest_runtest_call(item: Any) -> Generator[None, Any, None]:
        if _soft_scope is None:
            yield
            return
        hard_failure: Optional[BaseException] = None
        with _soft_scope() as errors:
            try:
                yield
            except BaseException as exc:
                hard_failure = exc
        if not errors:
            if hard_failure is not None:
>               raise hard_failure

../factory-story-680/.runtime/test-venvs/career-intelligence-mcp/lib/python3.12/site-packages/pytest_playwright/pytest_playwright.py:113: 
_ _ _ _ _ _ _ _ _ _ _ _ _ _ _ _ _ _ _ _ _ _ _ _ _ _ _ _ _ _ _ _ _ _ _ _ _ _ _ _ 
../factory-story-680/.runtime/test-venvs/career-intelligence-mcp/lib/python3.12/site-packages/pytest_playwright/pytest_playwright.py:108: in pytest_runtest_call
    yield
../factory-story-680/.runtime/test-venvs/career-intelligence-mcp/lib/python3.12/site-packages/pytest_asyncio/plugin.py:569: in runtest
    super().runtest()
../factory-story-680/.runtime/test-venvs/career-intelligence-mcp/lib/python3.12/site-packages/pytest_asyncio/plugin.py:905: in inner
    runner.run(coro, context=context)
_ _ _ _ _ _ _ _ _ _ _ _ _ _ _ _ _ _ _ _ _ _ _ _ _ _ _ _ _ _ _ _ _ _ _ _ _ _ _ _ 

self = <asyncio.runners.Runner object at 0x10b6f6ff0>
coro = <coroutine object test_get_job_centers_throttled_then_exhausts_retries at 0x10a24fe00>
context = <_contextvars.Context object at 0x10b64ffc0>

    def run(self, coro, *, context=None):
        """Run a coroutine inside the embedded event loop."""
        if not coroutines.iscoroutine(coro):
            raise ValueError("a coroutine was expected, got {!r}".format(coro))
    
        if events._get_running_loop() is not None:
            # fail fast with short traceback
>           raise RuntimeError(
                "Runner.run() cannot be called from a running event loop")
E           RuntimeError: Runner.run() cannot be called from a running event loop

/Users/aiengineer/.local/share/uv/python/cpython-3.12.13-macos-x86_64-none/lib/python3.12/asyncio/runners.py:93: RuntimeError
____________ test_get_job_centers_upstream_failure_exhausts_retries ____________

item = <Coroutine test_get_job_centers_upstream_failure_exhausts_retries>

    @pytest.hookimpl(wrapper=True, tryfirst=True)
    def pytest_runtest_call(item: Any) -> Generator[None, Any, None]:
        if _soft_scope is None:
            yield
            return
        hard_failure: Optional[BaseException] = None
        with _soft_scope() as errors:
            try:
                yield
            except BaseException as exc:
                hard_failure = exc
        if not errors:
            if hard_failure is not None:
>               raise hard_failure

../factory-story-680/.runtime/test-venvs/career-intelligence-mcp/lib/python3.12/site-packages/pytest_playwright/pytest_playwright.py:113: 
_ _ _ _ _ _ _ _ _ _ _ _ _ _ _ _ _ _ _ _ _ _ _ _ _ _ _ _ _ _ _ _ _ _ _ _ _ _ _ _ 
../factory-story-680/.runtime/test-venvs/career-intelligence-mcp/lib/python3.12/site-packages/pytest_playwright/pytest_playwright.py:108: in pytest_runtest_call
    yield
../factory-story-680/.runtime/test-venvs/career-intelligence-mcp/lib/python3.12/site-packages/pytest_asyncio/plugin.py:569: in runtest
    super().runtest()
../factory-story-680/.runtime/test-venvs/career-intelligence-mcp/lib/python3.12/site-packages/pytest_asyncio/plugin.py:905: in inner
    runner.run(coro, context=context)
_ _ _ _ _ _ _ _ _ _ _ _ _ _ _ _ _ _ _ _ _ _ _ _ _ _ _ _ _ _ _ _ _ _ _ _ _ _ _ _ 

self = <asyncio.runners.Runner object at 0x10b6f4380>
coro = <coroutine object test_get_job_centers_upstream_failure_exhausts_retries at 0x10a4353f0>
context = <_contextvars.Context object at 0x10abee380>

    def run(self, coro, *, context=None):
        """Run a coroutine inside the embedded event loop."""
        if not coroutines.iscoroutine(coro):
            raise ValueError("a coroutine was expected, got {!r}".format(coro))
    
        if events._get_running_loop() is not None:
            # fail fast with short traceback
>           raise RuntimeError(
                "Runner.run() cannot be called from a running event loop")
E           RuntimeError: Runner.run() cannot be called from a running event loop

/Users/aiengineer/.local/share/uv/python/cpython-3.12.13-macos-x86_64-none/lib/python3.12/asyncio/runners.py:93: RuntimeError
_______________ test_get_licenses_success_returns_full_response ________________

item = <Coroutine test_get_licenses_success_returns_full_response>

    @pytest.hookimpl(wrapper=True, tryfirst=True)
    def pytest_runtest_call(item: Any) -> Generator[None, Any, None]:
        if _soft_scope is None:
            yield
            return
        hard_failure: Optional[BaseException] = None
        with _soft_scope() as errors:
            try:
                yield
            except BaseException as exc:
                hard_failure = exc
        if not errors:
            if hard_failure is not None:
>               raise hard_failure

../factory-story-680/.runtime/test-venvs/career-intelligence-mcp/lib/python3.12/site-packages/pytest_playwright/pytest_playwright.py:113: 
_ _ _ _ _ _ _ _ _ _ _ _ _ _ _ _ _ _ _ _ _ _ _ _ _ _ _ _ _ _ _ _ _ _ _ _ _ _ _ _ 
../factory-story-680/.runtime/test-venvs/career-intelligence-mcp/lib/python3.12/site-packages/pytest_playwright/pytest_playwright.py:108: in pytest_runtest_call
    yield
../factory-story-680/.runtime/test-venvs/career-intelligence-mcp/lib/python3.12/site-packages/pytest_asyncio/plugin.py:569: in runtest
    super().runtest()
../factory-story-680/.runtime/test-venvs/career-intelligence-mcp/lib/python3.12/site-packages/pytest_asyncio/plugin.py:905: in inner
    runner.run(coro, context=context)
_ _ _ _ _ _ _ _ _ _ _ _ _ _ _ _ _ _ _ _ _ _ _ _ _ _ _ _ _ _ _ _ _ _ _ _ _ _ _ _ 

self = <asyncio.runners.Runner object at 0x10b6f4980>
coro = <coroutine object test_get_licenses_success_returns_full_response at 0x10a4c5fe0>
context = <_contextvars.Context object at 0x10abed9c0>

    def run(self, coro, *, context=None):
        """Run a coroutine inside the embedded event loop."""
        if not coroutines.iscoroutine(coro):
            raise ValueError("a coroutine was expected, got {!r}".format(coro))
    
        if events._get_running_loop() is not None:
            # fail fast with short traceback
>           raise RuntimeError(
                "Runner.run() cannot be called from a running event loop")
E           RuntimeError: Runner.run() cannot be called from a running event loop

/Users/aiengineer/.local/share/uv/python/cpython-3.12.13-macos-x86_64-none/lib/python3.12/asyncio/runners.py:93: RuntimeError
________________ test_get_licenses_nationwide_when_no_location _________________

item = <Coroutine test_get_licenses_nationwide_when_no_location>

    @pytest.hookimpl(wrapper=True, tryfirst=True)
    def pytest_runtest_call(item: Any) -> Generator[None, Any, None]:
        if _soft_scope is None:
            yield
            return
        hard_failure: Optional[BaseException] = None
        with _soft_scope() as errors:
            try:
                yield
            except BaseException as exc:
                hard_failure = exc
        if not errors:
            if hard_failure is not None:
>               raise hard_failure

../factory-story-680/.runtime/test-venvs/career-intelligence-mcp/lib/python3.12/site-packages/pytest_playwright/pytest_playwright.py:113: 
_ _ _ _ _ _ _ _ _ _ _ _ _ _ _ _ _ _ _ _ _ _ _ _ _ _ _ _ _ _ _ _ _ _ _ _ _ _ _ _ 
../factory-story-680/.runtime/test-venvs/career-intelligence-mcp/lib/python3.12/site-packages/pytest_playwright/pytest_playwright.py:108: in pytest_runtest_call
    yield
../factory-story-680/.runtime/test-venvs/career-intelligence-mcp/lib/python3.12/site-packages/pytest_asyncio/plugin.py:569: in runtest
    super().runtest()
../factory-story-680/.runtime/test-venvs/career-intelligence-mcp/lib/python3.12/site-packages/pytest_asyncio/plugin.py:905: in inner
    runner.run(coro, context=context)
_ _ _ _ _ _ _ _ _ _ _ _ _ _ _ _ _ _ _ _ _ _ _ _ _ _ _ _ _ _ _ _ _ _ _ _ _ _ _ _ 

self = <asyncio.runners.Runner object at 0x10b6f6cf0>
coro = <coroutine object test_get_licenses_nationwide_when_no_location at 0x10a24fe00>
context = <_contextvars.Context object at 0x10b64f840>

    def run(self, coro, *, context=None):
        """Run a coroutine inside the embedded event loop."""
        if not coroutines.iscoroutine(coro):
            raise ValueError("a coroutine was expected, got {!r}".format(coro))
    
        if events._get_running_loop() is not None:
            # fail fast with short traceback
>           raise RuntimeError(
                "Runner.run() cannot be called from a running event loop")
E           RuntimeError: Runner.run() cannot be called from a running event loop

/Users/aiengineer/.local/share/uv/python/cpython-3.12.13-macos-x86_64-none/lib/python3.12/asyncio/runners.py:93: RuntimeError
_____________________ test_get_licenses_empty_result_list ______________________

item = <Coroutine test_get_licenses_empty_result_list>

    @pytest.hookimpl(wrapper=True, tryfirst=True)
    def pytest_runtest_call(item: Any) -> Generator[None, Any, None]:
        if _soft_scope is None:
            yield
            return
        hard_failure: Optional[BaseException] = None
        with _soft_scope() as errors:
            try:
                yield
            except BaseException as exc:
                hard_failure = exc
        if not errors:
            if hard_failure is not None:
>               raise hard_failure

../factory-story-680/.runtime/test-venvs/career-intelligence-mcp/lib/python3.12/site-packages/pytest_playwright/pytest_playwright.py:113: 
_ _ _ _ _ _ _ _ _ _ _ _ _ _ _ _ _ _ _ _ _ _ _ _ _ _ _ _ _ _ _ _ _ _ _ _ _ _ _ _ 
../factory-story-680/.runtime/test-venvs/career-intelligence-mcp/lib/python3.12/site-packages/pytest_playwright/pytest_playwright.py:108: in pytest_runtest_call
    yield
../factory-story-680/.runtime/test-venvs/career-intelligence-mcp/lib/python3.12/site-packages/pytest_asyncio/plugin.py:569: in runtest
    super().runtest()
../factory-story-680/.runtime/test-venvs/career-intelligence-mcp/lib/python3.12/site-packages/pytest_asyncio/plugin.py:905: in inner
    runner.run(coro, context=context)
_ _ _ _ _ _ _ _ _ _ _ _ _ _ _ _ _ _ _ _ _ _ _ _ _ _ _ _ _ _ _ _ _ _ _ _ _ _ _ _ 

self = <asyncio.runners.Runner object at 0x10b5e0fe0>
coro = <coroutine object test_get_licenses_empty_result_list at 0x10ac90760>
context = <_contextvars.Context object at 0x10a431740>

    def run(self, coro, *, context=None):
        """Run a coroutine inside the embedded event loop."""
        if not coroutines.iscoroutine(coro):
            raise ValueError("a coroutine was expected, got {!r}".format(coro))
    
        if events._get_running_loop() is not None:
            # fail fast with short traceback
>           raise RuntimeError(
                "Runner.run() cannot be called from a running event loop")
E           RuntimeError: Runner.run() cannot be called from a running event loop

/Users/aiengineer/.local/share/uv/python/cpython-3.12.13-macos-x86_64-none/lib/python3.12/asyncio/runners.py:93: RuntimeError
__________ test_get_licenses_404_no_data_is_normalized_to_empty_list ___________

item = <Coroutine test_get_licenses_404_no_data_is_normalized_to_empty_list>

    @pytest.hookimpl(wrapper=True, tryfirst=True)
    def pytest_runtest_call(item: Any) -> Generator[None, Any, None]:
        if _soft_scope is None:
            yield
            return
        hard_failure: Optional[BaseException] = None
        with _soft_scope() as errors:
            try:
                yield
            except BaseException as exc:
                hard_failure = exc
        if not errors:
            if hard_failure is not None:
>               raise hard_failure

../factory-story-680/.runtime/test-venvs/career-intelligence-mcp/lib/python3.12/site-packages/pytest_playwright/pytest_playwright.py:113: 
_ _ _ _ _ _ _ _ _ _ _ _ _ _ _ _ _ _ _ _ _ _ _ _ _ _ _ _ _ _ _ _ _ _ _ _ _ _ _ _ 
../factory-story-680/.runtime/test-venvs/career-intelligence-mcp/lib/python3.12/site-packages/pytest_playwright/pytest_playwright.py:108: in pytest_runtest_call
    yield
../factory-story-680/.runtime/test-venvs/career-intelligence-mcp/lib/python3.12/site-packages/pytest_asyncio/plugin.py:569: in runtest
    super().runtest()
../factory-story-680/.runtime/test-venvs/career-intelligence-mcp/lib/python3.12/site-packages/pytest_asyncio/plugin.py:905: in inner
    runner.run(coro, context=context)
_ _ _ _ _ _ _ _ _ _ _ _ _ _ _ _ _ _ _ _ _ _ _ _ _ _ _ _ _ _ _ _ _ _ _ _ _ _ _ _ 

self = <asyncio.runners.Runner object at 0x10b76a1b0>
coro = <coroutine object test_get_licenses_404_no_data_is_normalized_to_empty_list at 0x10ac90af0>
context = <_contextvars.Context object at 0x10b64fcc0>

    def run(self, coro, *, context=None):
        """Run a coroutine inside the embedded event loop."""
        if not coroutines.iscoroutine(coro):
            raise ValueError("a coroutine was expected, got {!r}".format(coro))
    
        if events._get_running_loop() is not None:
            # fail fast with short traceback
>           raise RuntimeError(
                "Runner.run() cannot be called from a running event loop")
E           RuntimeError: Runner.run() cannot be called from a running event loop

/Users/aiengineer/.local/share/uv/python/cpython-3.12.13-macos-x86_64-none/lib/python3.12/asyncio/runners.py:93: RuntimeError
__________ test_get_licenses_malformed_response_missing_expected_key ___________

item = <Coroutine test_get_licenses_malformed_response_missing_expected_key>

    @pytest.hookimpl(wrapper=True, tryfirst=True)
    def pytest_runtest_call(item: Any) -> Generator[None, Any, None]:
        if _soft_scope is None:
            yield
            return
        hard_failure: Optional[BaseException] = None
        with _soft_scope() as errors:
            try:
                yield
            except BaseException as exc:
                hard_failure = exc
        if not errors:
            if hard_failure is not None:
>               raise hard_failure

../factory-story-680/.runtime/test-venvs/career-intelligence-mcp/lib/python3.12/site-packages/pytest_playwright/pytest_playwright.py:113: 
_ _ _ _ _ _ _ _ _ _ _ _ _ _ _ _ _ _ _ _ _ _ _ _ _ _ _ _ _ _ _ _ _ _ _ _ _ _ _ _ 
../factory-story-680/.runtime/test-venvs/career-intelligence-mcp/lib/python3.12/site-packages/pytest_playwright/pytest_playwright.py:108: in pytest_runtest_call
    yield
../factory-story-680/.runtime/test-venvs/career-intelligence-mcp/lib/python3.12/site-packages/pytest_asyncio/plugin.py:569: in runtest
    super().runtest()
../factory-story-680/.runtime/test-venvs/career-intelligence-mcp/lib/python3.12/site-packages/pytest_asyncio/plugin.py:905: in inner
    runner.run(coro, context=context)
_ _ _ _ _ _ _ _ _ _ _ _ _ _ _ _ _ _ _ _ _ _ _ _ _ _ _ _ _ _ _ _ _ _ _ _ _ _ _ _ 

self = <asyncio.runners.Runner object at 0x10b76adb0>
coro = <coroutine object test_get_licenses_malformed_response_missing_expected_key at 0x10a5129e0>
context = <_contextvars.Context object at 0x10b655e00>

    def run(self, coro, *, context=None):
        """Run a coroutine inside the embedded event loop."""
        if not coroutines.iscoroutine(coro):
            raise ValueError("a coroutine was expected, got {!r}".format(coro))
    
        if events._get_running_loop() is not None:
            # fail fast with short traceback
>           raise RuntimeError(
                "Runner.run() cannot be called from a running event loop")
E           RuntimeError: Runner.run() cannot be called from a running event loop

/Users/aiengineer/.local/share/uv/python/cpython-3.12.13-macos-x86_64-none/lib/python3.12/asyncio/runners.py:93: RuntimeError
___________ test_get_licenses_partial_record_missing_optional_fields ___________

item = <Coroutine test_get_licenses_partial_record_missing_optional_fields>

    @pytest.hookimpl(wrapper=True, tryfirst=True)
    def pytest_runtest_call(item: Any) -> Generator[None, Any, None]:
        if _soft_scope is None:
            yield
            return
        hard_failure: Optional[BaseException] = None
        with _soft_scope() as errors:
            try:
                yield
            except BaseException as exc:
                hard_failure = exc
        if not errors:
            if hard_failure is not None:
>               raise hard_failure

../factory-story-680/.runtime/test-venvs/career-intelligence-mcp/lib/python3.12/site-packages/pytest_playwright/pytest_playwright.py:113: 
_ _ _ _ _ _ _ _ _ _ _ _ _ _ _ _ _ _ _ _ _ _ _ _ _ _ _ _ _ _ _ _ _ _ _ _ _ _ _ _ 
../factory-story-680/.runtime/test-venvs/career-intelligence-mcp/lib/python3.12/site-packages/pytest_playwright/pytest_playwright.py:108: in pytest_runtest_call
    yield
../factory-story-680/.runtime/test-venvs/career-intelligence-mcp/lib/python3.12/site-packages/pytest_asyncio/plugin.py:569: in runtest
    super().runtest()
../factory-story-680/.runtime/test-venvs/career-intelligence-mcp/lib/python3.12/site-packages/pytest_asyncio/plugin.py:905: in inner
    runner.run(coro, context=context)
_ _ _ _ _ _ _ _ _ _ _ _ _ _ _ _ _ _ _ _ _ _ _ _ _ _ _ _ _ _ _ _ _ _ _ _ _ _ _ _ 

self = <asyncio.runners.Runner object at 0x10b6f6de0>
coro = <coroutine object test_get_licenses_partial_record_missing_optional_fields at 0x10a24fe00>
context = <_contextvars.Context object at 0x10b69c0c0>

    def run(self, coro, *, context=None):
        """Run a coroutine inside the embedded event loop."""
        if not coroutines.iscoroutine(coro):
            raise ValueError("a coroutine was expected, got {!r}".format(coro))
    
        if events._get_running_loop() is not None:
            # fail fast with short traceback
>           raise RuntimeError(
                "Runner.run() cannot be called from a running event loop")
E           RuntimeError: Runner.run() cannot be called from a running event loop

/Users/aiengineer/.local/share/uv/python/cpython-3.12.13-macos-x86_64-none/lib/python3.12/asyncio/runners.py:93: RuntimeError
_____________ test_get_licenses_auth_failure_raises_upstream_error _____________

item = <Coroutine test_get_licenses_auth_failure_raises_upstream_error>

    @pytest.hookimpl(wrapper=True, tryfirst=True)
    def pytest_runtest_call(item: Any) -> Generator[None, Any, None]:
        if _soft_scope is None:
            yield
            return
        hard_failure: Optional[BaseException] = None
        with _soft_scope() as errors:
            try:
                yield
            except BaseException as exc:
                hard_failure = exc
        if not errors:
            if hard_failure is not None:
>               raise hard_failure

../factory-story-680/.runtime/test-venvs/career-intelligence-mcp/lib/python3.12/site-packages/pytest_playwright/pytest_playwright.py:113: 
_ _ _ _ _ _ _ _ _ _ _ _ _ _ _ _ _ _ _ _ _ _ _ _ _ _ _ _ _ _ _ _ _ _ _ _ _ _ _ _ 
../factory-story-680/.runtime/test-venvs/career-intelligence-mcp/lib/python3.12/site-packages/pytest_playwright/pytest_playwright.py:108: in pytest_runtest_call
    yield
../factory-story-680/.runtime/test-venvs/career-intelligence-mcp/lib/python3.12/site-packages/pytest_asyncio/plugin.py:569: in runtest
    super().runtest()
../factory-story-680/.runtime/test-venvs/career-intelligence-mcp/lib/python3.12/site-packages/pytest_asyncio/plugin.py:905: in inner
    runner.run(coro, context=context)
_ _ _ _ _ _ _ _ _ _ _ _ _ _ _ _ _ _ _ _ _ _ _ _ _ _ _ _ _ _ _ _ _ _ _ _ _ _ _ _ 

self = <asyncio.runners.Runner object at 0x10b6f4920>
coro = <coroutine object test_get_licenses_auth_failure_raises_upstream_error at 0x10a283760>
context = <_contextvars.Context object at 0x10b64c080>

    def run(self, coro, *, context=None):
        """Run a coroutine inside the embedded event loop."""
        if not coroutines.iscoroutine(coro):
            raise ValueError("a coroutine was expected, got {!r}".format(coro))
    
        if events._get_running_loop() is not None:
            # fail fast with short traceback
>           raise RuntimeError(
                "Runner.run() cannot be called from a running event loop")
E           RuntimeError: Runner.run() cannot be called from a running event loop

/Users/aiengineer/.local/share/uv/python/cpython-3.12.13-macos-x86_64-none/lib/python3.12/asyncio/runners.py:93: RuntimeError
______________ test_get_licenses_throttled_then_exhausts_retries _______________

item = <Coroutine test_get_licenses_throttled_then_exhausts_retries>

    @pytest.hookimpl(wrapper=True, tryfirst=True)
    def pytest_runtest_call(item: Any) -> Generator[None, Any, None]:
        if _soft_scope is None:
            yield
            return
        hard_failure: Optional[BaseException] = None
        with _soft_scope() as errors:
            try:
                yield
            except BaseException as exc:
                hard_failure = exc
        if not errors:
            if hard_failure is not None:
>               raise hard_failure

../factory-story-680/.runtime/test-venvs/career-intelligence-mcp/lib/python3.12/site-packages/pytest_playwright/pytest_playwright.py:113: 
_ _ _ _ _ _ _ _ _ _ _ _ _ _ _ _ _ _ _ _ _ _ _ _ _ _ _ _ _ _ _ _ _ _ _ _ _ _ _ _ 
../factory-story-680/.runtime/test-venvs/career-intelligence-mcp/lib/python3.12/site-packages/pytest_playwright/pytest_playwright.py:108: in pytest_runtest_call
    yield
../factory-story-680/.runtime/test-venvs/career-intelligence-mcp/lib/python3.12/site-packages/pytest_asyncio/plugin.py:569: in runtest
    super().runtest()
../factory-story-680/.runtime/test-venvs/career-intelligence-mcp/lib/python3.12/site-packages/pytest_asyncio/plugin.py:905: in inner
    runner.run(coro, context=context)
_ _ _ _ _ _ _ _ _ _ _ _ _ _ _ _ _ _ _ _ _ _ _ _ _ _ _ _ _ _ _ _ _ _ _ _ _ _ _ _ 

self = <asyncio.runners.Runner object at 0x10b6d0d70>
coro = <coroutine object test_get_licenses_throttled_then_exhausts_retries at 0x10a24ddf0>
context = <_contextvars.Context object at 0x10b937600>

    def run(self, coro, *, context=None):
        """Run a coroutine inside the embedded event loop."""
        if not coroutines.iscoroutine(coro):
            raise ValueError("a coroutine was expected, got {!r}".format(coro))
    
        if events._get_running_loop() is not None:
            # fail fast with short traceback
>           raise RuntimeError(
                "Runner.run() cannot be called from a running event loop")
E           RuntimeError: Runner.run() cannot be called from a running event loop

/Users/aiengineer/.local/share/uv/python/cpython-3.12.13-macos-x86_64-none/lib/python3.12/asyncio/runners.py:93: RuntimeError
_____________ test_get_licenses_upstream_failure_exhausts_retries ______________

item = <Coroutine test_get_licenses_upstream_failure_exhausts_retries>

    @pytest.hookimpl(wrapper=True, tryfirst=True)
    def pytest_runtest_call(item: Any) -> Generator[None, Any, None]:
        if _soft_scope is None:
            yield
            return
        hard_failure: Optional[BaseException] = None
        with _soft_scope() as errors:
            try:
                yield
            except BaseException as exc:
                hard_failure = exc
        if not errors:
            if hard_failure is not None:
>               raise hard_failure

../factory-story-680/.runtime/test-venvs/career-intelligence-mcp/lib/python3.12/site-packages/pytest_playwright/pytest_playwright.py:113: 
_ _ _ _ _ _ _ _ _ _ _ _ _ _ _ _ _ _ _ _ _ _ _ _ _ _ _ _ _ _ _ _ _ _ _ _ _ _ _ _ 
../factory-story-680/.runtime/test-venvs/career-intelligence-mcp/lib/python3.12/site-packages/pytest_playwright/pytest_playwright.py:108: in pytest_runtest_call
    yield
../factory-story-680/.runtime/test-venvs/career-intelligence-mcp/lib/python3.12/site-packages/pytest_asyncio/plugin.py:569: in runtest
    super().runtest()
../factory-story-680/.runtime/test-venvs/career-intelligence-mcp/lib/python3.12/site-packages/pytest_asyncio/plugin.py:905: in inner
    runner.run(coro, context=context)
_ _ _ _ _ _ _ _ _ _ _ _ _ _ _ _ _ _ _ _ _ _ _ _ _ _ _ _ _ _ _ _ _ _ _ _ _ _ _ _ 

self = <asyncio.runners.Runner object at 0x10b5e0a10>
coro = <coroutine object test_get_licenses_upstream_failure_exhausts_retries at 0x10a434040>
context = <_contextvars.Context object at 0x10ba05600>

    def run(self, coro, *, context=None):
        """Run a coroutine inside the embedded event loop."""
        if not coroutines.iscoroutine(coro):
            raise ValueError("a coroutine was expected, got {!r}".format(coro))
    
        if events._get_running_loop() is not None:
            # fail fast with short traceback
>           raise RuntimeError(
                "Runner.run() cannot be called from a running event loop")
E           RuntimeError: Runner.run() cannot be called from a running event loop

/Users/aiengineer/.local/share/uv/python/cpython-3.12.13-macos-x86_64-none/lib/python3.12/asyncio/runners.py:93: RuntimeError
__________ test_get_employment_patterns_success_returns_full_response __________

item = <Coroutine test_get_employment_patterns_success_returns_full_response>

    @pytest.hookimpl(wrapper=True, tryfirst=True)
    def pytest_runtest_call(item: Any) -> Generator[None, Any, None]:
        if _soft_scope is None:
            yield
            return
        hard_failure: Optional[BaseException] = None
        with _soft_scope() as errors:
            try:
                yield
            except BaseException as exc:
                hard_failure = exc
        if not errors:
            if hard_failure is not None:
>               raise hard_failure

../factory-story-680/.runtime/test-venvs/career-intelligence-mcp/lib/python3.12/site-packages/pytest_playwright/pytest_playwright.py:113: 
_ _ _ _ _ _ _ _ _ _ _ _ _ _ _ _ _ _ _ _ _ _ _ _ _ _ _ _ _ _ _ _ _ _ _ _ _ _ _ _ 
../factory-story-680/.runtime/test-venvs/career-intelligence-mcp/lib/python3.12/site-packages/pytest_playwright/pytest_playwright.py:108: in pytest_runtest_call
    yield
../factory-story-680/.runtime/test-venvs/career-intelligence-mcp/lib/python3.12/site-packages/pytest_asyncio/plugin.py:569: in runtest
    super().runtest()
../factory-story-680/.runtime/test-venvs/career-intelligence-mcp/lib/python3.12/site-packages/pytest_asyncio/plugin.py:905: in inner
    runner.run(coro, context=context)
_ _ _ _ _ _ _ _ _ _ _ _ _ _ _ _ _ _ _ _ _ _ _ _ _ _ _ _ _ _ _ _ _ _ _ _ _ _ _ _ 

self = <asyncio.runners.Runner object at 0x10b64aab0>
coro = <coroutine object test_get_employment_patterns_success_returns_full_response at 0x10a2834c0>
context = <_contextvars.Context object at 0x10ca67480>

    def run(self, coro, *, context=None):
        """Run a coroutine inside the embedded event loop."""
        if not coroutines.iscoroutine(coro):
            raise ValueError("a coroutine was expected, got {!r}".format(coro))
    
        if events._get_running_loop() is not None:
            # fail fast with short traceback
>           raise RuntimeError(
                "Runner.run() cannot be called from a running event loop")
E           RuntimeError: Runner.run() cannot be called from a running event loop

/Users/aiengineer/.local/share/uv/python/cpython-3.12.13-macos-x86_64-none/lib/python3.12/asyncio/runners.py:93: RuntimeError
________________ test_get_employment_patterns_empty_result_list ________________

item = <Coroutine test_get_employment_patterns_empty_result_list>

    @pytest.hookimpl(wrapper=True, tryfirst=True)
    def pytest_runtest_call(item: Any) -> Generator[None, Any, None]:
        if _soft_scope is None:
            yield
            return
        hard_failure: Optional[BaseException] = None
        with _soft_scope() as errors:
            try:
                yield
            except BaseException as exc:
                hard_failure = exc
        if not errors:
            if hard_failure is not None:
>               raise hard_failure

../factory-story-680/.runtime/test-venvs/career-intelligence-mcp/lib/python3.12/site-packages/pytest_playwright/pytest_playwright.py:113: 
_ _ _ _ _ _ _ _ _ _ _ _ _ _ _ _ _ _ _ _ _ _ _ _ _ _ _ _ _ _ _ _ _ _ _ _ _ _ _ _ 
../factory-story-680/.runtime/test-venvs/career-intelligence-mcp/lib/python3.12/site-packages/pytest_playwright/pytest_playwright.py:108: in pytest_runtest_call
    yield
../factory-story-680/.runtime/test-venvs/career-intelligence-mcp/lib/python3.12/site-packages/pytest_asyncio/plugin.py:569: in runtest
    super().runtest()
../factory-story-680/.runtime/test-venvs/career-intelligence-mcp/lib/python3.12/site-packages/pytest_asyncio/plugin.py:905: in inner
    runner.run(coro, context=context)
_ _ _ _ _ _ _ _ _ _ _ _ _ _ _ _ _ _ _ _ _ _ _ _ _ _ _ _ _ _ _ _ _ _ _ _ _ _ _ _ 

self = <asyncio.runners.Runner object at 0x109dfb080>
coro = <coroutine object test_get_employment_patterns_empty_result_list at 0x10a24ddf0>
context = <_contextvars.Context object at 0x10a431740>

    def run(self, coro, *, context=None):
        """Run a coroutine inside the embedded event loop."""
        if not coroutines.iscoroutine(coro):
            raise ValueError("a coroutine was expected, got {!r}".format(coro))
    
        if events._get_running_loop() is not None:
            # fail fast with short traceback
>           raise RuntimeError(
                "Runner.run() cannot be called from a running event loop")
E           RuntimeError: Runner.run() cannot be called from a running event loop

/Users/aiengineer/.local/share/uv/python/cpython-3.12.13-macos-x86_64-none/lib/python3.12/asyncio/runners.py:93: RuntimeError
_____ test_get_employment_patterns_404_no_data_is_normalized_to_empty_list _____

item = <Coroutine test_get_employment_patterns_404_no_data_is_normalized_to_empty_list>

    @pytest.hookimpl(wrapper=True, tryfirst=True)
    def pytest_runtest_call(item: Any) -> Generator[None, Any, None]:
        if _soft_scope is None:
            yield
            return
        hard_failure: Optional[BaseException] = None
        with _soft_scope() as errors:
            try:
                yield
            except BaseException as exc:
                hard_failure = exc
        if not errors:
            if hard_failure is not None:
>               raise hard_failure

../factory-story-680/.runtime/test-venvs/career-intelligence-mcp/lib/python3.12/site-packages/pytest_playwright/pytest_playwright.py:113: 
_ _ _ _ _ _ _ _ _ _ _ _ _ _ _ _ _ _ _ _ _ _ _ _ _ _ _ _ _ _ _ _ _ _ _ _ _ _ _ _ 
../factory-story-680/.runtime/test-venvs/career-intelligence-mcp/lib/python3.12/site-packages/pytest_playwright/pytest_playwright.py:108: in pytest_runtest_call
    yield
../factory-story-680/.runtime/test-venvs/career-intelligence-mcp/lib/python3.12/site-packages/pytest_asyncio/plugin.py:569: in runtest
    super().runtest()
../factory-story-680/.runtime/test-venvs/career-intelligence-mcp/lib/python3.12/site-packages/pytest_asyncio/plugin.py:905: in inner
    runner.run(coro, context=context)
_ _ _ _ _ _ _ _ _ _ _ _ _ _ _ _ _ _ _ _ _ _ _ _ _ _ _ _ _ _ _ _ _ _ _ _ _ _ _ _ 

self = <asyncio.runners.Runner object at 0x10b6f5070>
coro = <coroutine object test_get_employment_patterns_404_no_data_is_normalized_to_empty_list at 0x10ac91210>
context = <_contextvars.Context object at 0x10b937480>

    def run(self, coro, *, context=None):
        """Run a coroutine inside the embedded event loop."""
        if not coroutines.iscoroutine(coro):
            raise ValueError("a coroutine was expected, got {!r}".format(coro))
    
        if events._get_running_loop() is not None:
            # fail fast with short traceback
>           raise RuntimeError(
                "Runner.run() cannot be called from a running event loop")
E           RuntimeError: Runner.run() cannot be called from a running event loop

/Users/aiengineer/.local/share/uv/python/cpython-3.12.13-macos-x86_64-none/lib/python3.12/asyncio/runners.py:93: RuntimeError
_____ test_get_employment_patterns_malformed_response_missing_expected_key _____

item = <Coroutine test_get_employment_patterns_malformed_response_missing_expected_key>

    @pytest.hookimpl(wrapper=True, tryfirst=True)
    def pytest_runtest_call(item: Any) -> Generator[None, Any, None]:
        if _soft_scope is None:
            yield
            return
        hard_failure: Optional[BaseException] = None
        with _soft_scope() as errors:
            try:
                yield
            except BaseException as exc:
                hard_failure = exc
        if not errors:
            if hard_failure is not None:
>               raise hard_failure

../factory-story-680/.runtime/test-venvs/career-intelligence-mcp/lib/python3.12/site-packages/pytest_playwright/pytest_playwright.py:113: 
_ _ _ _ _ _ _ _ _ _ _ _ _ _ _ _ _ _ _ _ _ _ _ _ _ _ _ _ _ _ _ _ _ _ _ _ _ _ _ _ 
../factory-story-680/.runtime/test-venvs/career-intelligence-mcp/lib/python3.12/site-packages/pytest_playwright/pytest_playwright.py:108: in pytest_runtest_call
    yield
../factory-story-680/.runtime/test-venvs/career-intelligence-mcp/lib/python3.12/site-packages/pytest_asyncio/plugin.py:569: in runtest
    super().runtest()
../factory-story-680/.runtime/test-venvs/career-intelligence-mcp/lib/python3.12/site-packages/pytest_asyncio/plugin.py:905: in inner
    runner.run(coro, context=context)
_ _ _ _ _ _ _ _ _ _ _ _ _ _ _ _ _ _ _ _ _ _ _ _ _ _ _ _ _ _ _ _ _ _ _ _ _ _ _ _ 

self = <asyncio.runners.Runner object at 0x10b6633b0>
coro = <coroutine object test_get_employment_patterns_malformed_response_missing_expected_key at 0x10a5127a0>
context = <_contextvars.Context object at 0x10b655f80>

    def run(self, coro, *, context=None):
        """Run a coroutine inside the embedded event loop."""
        if not coroutines.iscoroutine(coro):
            raise ValueError("a coroutine was expected, got {!r}".format(coro))
    
        if events._get_running_loop() is not None:
            # fail fast with short traceback
>           raise RuntimeError(
                "Runner.run() cannot be called from a running event loop")
E           RuntimeError: Runner.run() cannot be called from a running event loop

/Users/aiengineer/.local/share/uv/python/cpython-3.12.13-macos-x86_64-none/lib/python3.12/asyncio/runners.py:93: RuntimeError
_____ test_get_employment_patterns_partial_record_missing_optional_fields ______

item = <Coroutine test_get_employment_patterns_partial_record_missing_optional_fields>

    @pytest.hookimpl(wrapper=True, tryfirst=True)
    def pytest_runtest_call(item: Any) -> Generator[None, Any, None]:
        if _soft_scope is None:
            yield
            return
        hard_failure: Optional[BaseException] = None
        with _soft_scope() as errors:
            try:
                yield
            except BaseException as exc:
                hard_failure = exc
        if not errors:
            if hard_failure is not None:
>               raise hard_failure

../factory-story-680/.runtime/test-venvs/career-intelligence-mcp/lib/python3.12/site-packages/pytest_playwright/pytest_playwright.py:113: 
_ _ _ _ _ _ _ _ _ _ _ _ _ _ _ _ _ _ _ _ _ _ _ _ _ _ _ _ _ _ _ _ _ _ _ _ _ _ _ _ 
../factory-story-680/.runtime/test-venvs/career-intelligence-mcp/lib/python3.12/site-packages/pytest_playwright/pytest_playwright.py:108: in pytest_runtest_call
    yield
../factory-story-680/.runtime/test-venvs/career-intelligence-mcp/lib/python3.12/site-packages/pytest_asyncio/plugin.py:569: in runtest
    super().runtest()
../factory-story-680/.runtime/test-venvs/career-intelligence-mcp/lib/python3.12/site-packages/pytest_asyncio/plugin.py:905: in inner
    runner.run(coro, context=context)
_ _ _ _ _ _ _ _ _ _ _ _ _ _ _ _ _ _ _ _ _ _ _ _ _ _ _ _ _ _ _ _ _ _ _ _ _ _ _ _ 

self = <asyncio.runners.Runner object at 0x10b661790>
coro = <coroutine object test_get_employment_patterns_partial_record_missing_optional_fields at 0x10ac91b90>
context = <_contextvars.Context object at 0x10ca64780>

    def run(self, coro, *, context=None):
        """Run a coroutine inside the embedded event loop."""
        if not coroutines.iscoroutine(coro):
            raise ValueError("a coroutine was expected, got {!r}".format(coro))
    
        if events._get_running_loop() is not None:
            # fail fast with short traceback
>           raise RuntimeError(
                "Runner.run() cannot be called from a running event loop")
E           RuntimeError: Runner.run() cannot be called from a running event loop

/Users/aiengineer/.local/share/uv/python/cpython-3.12.13-macos-x86_64-none/lib/python3.12/asyncio/runners.py:93: RuntimeError
_______ test_get_employment_patterns_auth_failure_raises_upstream_error ________

item = <Coroutine test_get_employment_patterns_auth_failure_raises_upstream_error>

    @pytest.hookimpl(wrapper=True, tryfirst=True)
    def pytest_runtest_call(item: Any) -> Generator[None, Any, None]:
        if _soft_scope is None:
            yield
            return
        hard_failure: Optional[BaseException] = None
        with _soft_scope() as errors:
            try:
                yield
            except BaseException as exc:
                hard_failure = exc
        if not errors:
            if hard_failure is not None:
>               raise hard_failure

../factory-story-680/.runtime/test-venvs/career-intelligence-mcp/lib/python3.12/site-packages/pytest_playwright/pytest_playwright.py:113: 
_ _ _ _ _ _ _ _ _ _ _ _ _ _ _ _ _ _ _ _ _ _ _ _ _ _ _ _ _ _ _ _ _ _ _ _ _ _ _ _ 
../factory-story-680/.runtime/test-venvs/career-intelligence-mcp/lib/python3.12/site-packages/pytest_playwright/pytest_playwright.py:108: in pytest_runtest_call
    yield
../factory-story-680/.runtime/test-venvs/career-intelligence-mcp/lib/python3.12/site-packages/pytest_asyncio/plugin.py:569: in runtest
    super().runtest()
../factory-story-680/.runtime/test-venvs/career-intelligence-mcp/lib/python3.12/site-packages/pytest_asyncio/plugin.py:905: in inner
    runner.run(coro, context=context)
_ _ _ _ _ _ _ _ _ _ _ _ _ _ _ _ _ _ _ _ _ _ _ _ _ _ _ _ _ _ _ _ _ _ _ _ _ _ _ _ 

self = <asyncio.runners.Runner object at 0x10b649d90>
coro = <coroutine object test_get_employment_patterns_auth_failure_raises_upstream_error at 0x10a283760>
context = <_contextvars.Context object at 0x10b64c080>

    def run(self, coro, *, context=None):
        """Run a coroutine inside the embedded event loop."""
        if not coroutines.iscoroutine(coro):
            raise ValueError("a coroutine was expected, got {!r}".format(coro))
    
        if events._get_running_loop() is not None:
            # fail fast with short traceback
>           raise RuntimeError(
                "Runner.run() cannot be called from a running event loop")
E           RuntimeError: Runner.run() cannot be called from a running event loop

/Users/aiengineer/.local/share/uv/python/cpython-3.12.13-macos-x86_64-none/lib/python3.12/asyncio/runners.py:93: RuntimeError
_________ test_get_employment_patterns_throttled_then_exhausts_retries _________

item = <Coroutine test_get_employment_patterns_throttled_then_exhausts_retries>

    @pytest.hookimpl(wrapper=True, tryfirst=True)
    def pytest_runtest_call(item: Any) -> Generator[None, Any, None]:
        if _soft_scope is None:
            yield
            return
        hard_failure: Optional[BaseException] = None
        with _soft_scope() as errors:
            try:
                yield
            except BaseException as exc:
                hard_failure = exc
        if not errors:
            if hard_failure is not None:
>               raise hard_failure

../factory-story-680/.runtime/test-venvs/career-intelligence-mcp/lib/python3.12/site-packages/pytest_playwright/pytest_playwright.py:113: 
_ _ _ _ _ _ _ _ _ _ _ _ _ _ _ _ _ _ _ _ _ _ _ _ _ _ _ _ _ _ _ _ _ _ _ _ _ _ _ _ 
../factory-story-680/.runtime/test-venvs/career-intelligence-mcp/lib/python3.12/site-packages/pytest_playwright/pytest_playwright.py:108: in pytest_runtest_call
    yield
../factory-story-680/.runtime/test-venvs/career-intelligence-mcp/lib/python3.12/site-packages/pytest_asyncio/plugin.py:569: in runtest
    super().runtest()
../factory-story-680/.runtime/test-venvs/career-intelligence-mcp/lib/python3.12/site-packages/pytest_asyncio/plugin.py:905: in inner
    runner.run(coro, context=context)
_ _ _ _ _ _ _ _ _ _ _ _ _ _ _ _ _ _ _ _ _ _ _ _ _ _ _ _ _ _ _ _ _ _ _ _ _ _ _ _ 

self = <asyncio.runners.Runner object at 0x10b663f20>
coro = <coroutine object test_get_employment_patterns_throttled_then_exhausts_retries at 0x10a24ddf0>
context = <_contextvars.Context object at 0x10ba07780>

    def run(self, coro, *, context=None):
        """Run a coroutine inside the embedded event loop."""
        if not coroutines.iscoroutine(coro):
            raise ValueError("a coroutine was expected, got {!r}".format(coro))
    
        if events._get_running_loop() is not None:
            # fail fast with short traceback
>           raise RuntimeError(
                "Runner.run() cannot be called from a running event loop")
E           RuntimeError: Runner.run() cannot be called from a running event loop

/Users/aiengineer/.local/share/uv/python/cpython-3.12.13-macos-x86_64-none/lib/python3.12/asyncio/runners.py:93: RuntimeError
________ test_get_employment_patterns_upstream_failure_exhausts_retries ________

item = <Coroutine test_get_employment_patterns_upstream_failure_exhausts_retries>

    @pytest.hookimpl(wrapper=True, tryfirst=True)
    def pytest_runtest_call(item: Any) -> Generator[None, Any, None]:
        if _soft_scope is None:
            yield
            return
        hard_failure: Optional[BaseException] = None
        with _soft_scope() as errors:
            try:
                yield
            except BaseException as exc:
                hard_failure = exc
        if not errors:
            if hard_failure is not None:
>               raise hard_failure

../factory-story-680/.runtime/test-venvs/career-intelligence-mcp/lib/python3.12/site-packages/pytest_playwright/pytest_playwright.py:113: 
_ _ _ _ _ _ _ _ _ _ _ _ _ _ _ _ _ _ _ _ _ _ _ _ _ _ _ _ _ _ _ _ _ _ _ _ _ _ _ _ 
../factory-story-680/.runtime/test-venvs/career-intelligence-mcp/lib/python3.12/site-packages/pytest_playwright/pytest_playwright.py:108: in pytest_runtest_call
    yield
../factory-story-680/.runtime/test-venvs/career-intelligence-mcp/lib/python3.12/site-packages/pytest_asyncio/plugin.py:569: in runtest
    super().runtest()
../factory-story-680/.runtime/test-venvs/career-intelligence-mcp/lib/python3.12/site-packages/pytest_asyncio/plugin.py:905: in inner
    runner.run(coro, context=context)
_ _ _ _ _ _ _ _ _ _ _ _ _ _ _ _ _ _ _ _ _ _ _ _ _ _ _ _ _ _ _ _ _ _ _ _ _ _ _ _ 

self = <asyncio.runners.Runner object at 0x10b6612e0>
coro = <coroutine object test_get_employment_patterns_upstream_failure_exhausts_retries at 0x10a4353f0>
context = <_contextvars.Context object at 0x10ba05600>

    def run(self, coro, *, context=None):
        """Run a coroutine inside the embedded event loop."""
        if not coroutines.iscoroutine(coro):
            raise ValueError("a coroutine was expected, got {!r}".format(coro))
    
        if events._get_running_loop() is not None:
            # fail fast with short traceback
>           raise RuntimeError(
                "Runner.run() cannot be called from a running event loop")
E           RuntimeError: Runner.run() cannot be called from a running event loop

/Users/aiengineer/.local/share/uv/python/cpython-3.12.13-macos-x86_64-none/lib/python3.12/asyncio/runners.py:93: RuntimeError
___________ test_get_skills_questions_success_returns_full_response ____________

item = <Coroutine test_get_skills_questions_success_returns_full_response>

    @pytest.hookimpl(wrapper=True, tryfirst=True)
    def pytest_runtest_call(item: Any) -> Generator[None, Any, None]:
        if _soft_scope is None:
            yield
            return
        hard_failure: Optional[BaseException] = None
        with _soft_scope() as errors:
            try:
                yield
            except BaseException as exc:
                hard_failure = exc
        if not errors:
            if hard_failure is not None:
>               raise hard_failure

../factory-story-680/.runtime/test-venvs/career-intelligence-mcp/lib/python3.12/site-packages/pytest_playwright/pytest_playwright.py:113: 
_ _ _ _ _ _ _ _ _ _ _ _ _ _ _ _ _ _ _ _ _ _ _ _ _ _ _ _ _ _ _ _ _ _ _ _ _ _ _ _ 
../factory-story-680/.runtime/test-venvs/career-intelligence-mcp/lib/python3.12/site-packages/pytest_playwright/pytest_playwright.py:108: in pytest_runtest_call
    yield
../factory-story-680/.runtime/test-venvs/career-intelligence-mcp/lib/python3.12/site-packages/pytest_asyncio/plugin.py:569: in runtest
    super().runtest()
../factory-story-680/.runtime/test-venvs/career-intelligence-mcp/lib/python3.12/site-packages/pytest_asyncio/plugin.py:905: in inner
    runner.run(coro, context=context)
_ _ _ _ _ _ _ _ _ _ _ _ _ _ _ _ _ _ _ _ _ _ _ _ _ _ _ _ _ _ _ _ _ _ _ _ _ _ _ _ 

self = <asyncio.runners.Runner object at 0x10b6b7740>
coro = <coroutine object test_get_skills_questions_success_returns_full_response at 0x10a2232a0>
context = <_contextvars.Context object at 0x10b6d50c0>

    def run(self, coro, *, context=None):
        """Run a coroutine inside the embedded event loop."""
        if not coroutines.iscoroutine(coro):
            raise ValueError("a coroutine was expected, got {!r}".format(coro))
    
        if events._get_running_loop() is not None:
            # fail fast with short traceback
>           raise RuntimeError(
                "Runner.run() cannot be called from a running event loop")
E           RuntimeError: Runner.run() cannot be called from a running event loop

/Users/aiengineer/.local/share/uv/python/cpython-3.12.13-macos-x86_64-none/lib/python3.12/asyncio/runners.py:93: RuntimeError
______ test_get_skills_questions_malformed_response_missing_expected_key _______

item = <Coroutine test_get_skills_questions_malformed_response_missing_expected_key>

    @pytest.hookimpl(wrapper=True, tryfirst=True)
    def pytest_runtest_call(item: Any) -> Generator[None, Any, None]:
        if _soft_scope is None:
            yield
            return
        hard_failure: Optional[BaseException] = None
        with _soft_scope() as errors:
            try:
                yield
            except BaseException as exc:
                hard_failure = exc
        if not errors:
            if hard_failure is not None:
>               raise hard_failure

../factory-story-680/.runtime/test-venvs/career-intelligence-mcp/lib/python3.12/site-packages/pytest_playwright/pytest_playwright.py:113: 
_ _ _ _ _ _ _ _ _ _ _ _ _ _ _ _ _ _ _ _ _ _ _ _ _ _ _ _ _ _ _ _ _ _ _ _ _ _ _ _ 
../factory-story-680/.runtime/test-venvs/career-intelligence-mcp/lib/python3.12/site-packages/pytest_playwright/pytest_playwright.py:108: in pytest_runtest_call
    yield
../factory-story-680/.runtime/test-venvs/career-intelligence-mcp/lib/python3.12/site-packages/pytest_asyncio/plugin.py:569: in runtest
    super().runtest()
../factory-story-680/.runtime/test-venvs/career-intelligence-mcp/lib/python3.12/site-packages/pytest_asyncio/plugin.py:905: in inner
    runner.run(coro, context=context)
_ _ _ _ _ _ _ _ _ _ _ _ _ _ _ _ _ _ _ _ _ _ _ _ _ _ _ _ _ _ _ _ _ _ _ _ _ _ _ _ 

self = <asyncio.runners.Runner object at 0x10b6636b0>
coro = <coroutine object test_get_skills_questions_malformed_response_missing_expected_key at 0x10a512560>
context = <_contextvars.Context object at 0x10b97a940>

    def run(self, coro, *, context=None):
        """Run a coroutine inside the embedded event loop."""
        if not coroutines.iscoroutine(coro):
            raise ValueError("a coroutine was expected, got {!r}".format(coro))
    
        if events._get_running_loop() is not None:
            # fail fast with short traceback
>           raise RuntimeError(
                "Runner.run() cannot be called from a running event loop")
E           RuntimeError: Runner.run() cannot be called from a running event loop

/Users/aiengineer/.local/share/uv/python/cpython-3.12.13-macos-x86_64-none/lib/python3.12/asyncio/runners.py:93: RuntimeError
_________ test_get_skills_questions_auth_failure_raises_upstream_error _________

item = <Coroutine test_get_skills_questions_auth_failure_raises_upstream_error>

    @pytest.hookimpl(wrapper=True, tryfirst=True)
    def pytest_runtest_call(item: Any) -> Generator[None, Any, None]:
        if _soft_scope is None:
            yield
            return
        hard_failure: Optional[BaseException] = None
        with _soft_scope() as errors:
            try:
                yield
            except BaseException as exc:
                hard_failure = exc
        if not errors:
            if hard_failure is not None:
>               raise hard_failure

../factory-story-680/.runtime/test-venvs/career-intelligence-mcp/lib/python3.12/site-packages/pytest_playwright/pytest_playwright.py:113: 
_ _ _ _ _ _ _ _ _ _ _ _ _ _ _ _ _ _ _ _ _ _ _ _ _ _ _ _ _ _ _ _ _ _ _ _ _ _ _ _ 
../factory-story-680/.runtime/test-venvs/career-intelligence-mcp/lib/python3.12/site-packages/pytest_playwright/pytest_playwright.py:108: in pytest_runtest_call
    yield
../factory-story-680/.runtime/test-venvs/career-intelligence-mcp/lib/python3.12/site-packages/pytest_asyncio/plugin.py:569: in runtest
    super().runtest()
../factory-story-680/.runtime/test-venvs/career-intelligence-mcp/lib/python3.12/site-packages/pytest_asyncio/plugin.py:905: in inner
    runner.run(coro, context=context)
_ _ _ _ _ _ _ _ _ _ _ _ _ _ _ _ _ _ _ _ _ _ _ _ _ _ _ _ _ _ _ _ _ _ _ _ _ _ _ _ 

self = <asyncio.runners.Runner object at 0x10b662fc0>
coro = <coroutine object test_get_skills_questions_auth_failure_raises_upstream_error at 0x10a283760>
context = <_contextvars.Context object at 0x10b937480>

    def run(self, coro, *, context=None):
        """Run a coroutine inside the embedded event loop."""
        if not coroutines.iscoroutine(coro):
            raise ValueError("a coroutine was expected, got {!r}".format(coro))
    
        if events._get_running_loop() is not None:
            # fail fast with short traceback
>           raise RuntimeError(
                "Runner.run() cannot be called from a running event loop")
E           RuntimeError: Runner.run() cannot be called from a running event loop

/Users/aiengineer/.local/share/uv/python/cpython-3.12.13-macos-x86_64-none/lib/python3.12/asyncio/runners.py:93: RuntimeError
__________ test_get_skills_questions_throttled_then_exhausts_retries ___________

item = <Coroutine test_get_skills_questions_throttled_then_exhausts_retries>

    @pytest.hookimpl(wrapper=True, tryfirst=True)
    def pytest_runtest_call(item: Any) -> Generator[None, Any, None]:
        if _soft_scope is None:
            yield
            return
        hard_failure: Optional[BaseException] = None
        with _soft_scope() as errors:
            try:
                yield
            except BaseException as exc:
                hard_failure = exc
        if not errors:
            if hard_failure is not None:
>               raise hard_failure

../factory-story-680/.runtime/test-venvs/career-intelligence-mcp/lib/python3.12/site-packages/pytest_playwright/pytest_playwright.py:113: 
_ _ _ _ _ _ _ _ _ _ _ _ _ _ _ _ _ _ _ _ _ _ _ _ _ _ _ _ _ _ _ _ _ _ _ _ _ _ _ _ 
../factory-story-680/.runtime/test-venvs/career-intelligence-mcp/lib/python3.12/site-packages/pytest_playwright/pytest_playwright.py:108: in pytest_runtest_call
    yield
../factory-story-680/.runtime/test-venvs/career-intelligence-mcp/lib/python3.12/site-packages/pytest_asyncio/plugin.py:569: in runtest
    super().runtest()
../factory-story-680/.runtime/test-venvs/career-intelligence-mcp/lib/python3.12/site-packages/pytest_asyncio/plugin.py:905: in inner
    runner.run(coro, context=context)
_ _ _ _ _ _ _ _ _ _ _ _ _ _ _ _ _ _ _ _ _ _ _ _ _ _ _ _ _ _ _ _ _ _ _ _ _ _ _ _ 

self = <asyncio.runners.Runner object at 0x10b6b4e60>
coro = <coroutine object test_get_skills_questions_throttled_then_exhausts_retries at 0x10a24ddf0>
context = <_contextvars.Context object at 0x10b655f80>

    def run(self, coro, *, context=None):
        """Run a coroutine inside the embedded event loop."""
        if not coroutines.iscoroutine(coro):
            raise ValueError("a coroutine was expected, got {!r}".format(coro))
    
        if events._get_running_loop() is not None:
            # fail fast with short traceback
>           raise RuntimeError(
                "Runner.run() cannot be called from a running event loop")
E           RuntimeError: Runner.run() cannot be called from a running event loop

/Users/aiengineer/.local/share/uv/python/cpython-3.12.13-macos-x86_64-none/lib/python3.12/asyncio/runners.py:93: RuntimeError
_________ test_get_skills_questions_upstream_failure_exhausts_retries __________

item = <Coroutine test_get_skills_questions_upstream_failure_exhausts_retries>

    @pytest.hookimpl(wrapper=True, tryfirst=True)
    def pytest_runtest_call(item: Any) -> Generator[None, Any, None]:
        if _soft_scope is None:
            yield
            return
        hard_failure: Optional[BaseException] = None
        with _soft_scope() as errors:
            try:
                yield
            except BaseException as exc:
                hard_failure = exc
        if not errors:
            if hard_failure is not None:
>               raise hard_failure

../factory-story-680/.runtime/test-venvs/career-intelligence-mcp/lib/python3.12/site-packages/pytest_playwright/pytest_playwright.py:113: 
_ _ _ _ _ _ _ _ _ _ _ _ _ _ _ _ _ _ _ _ _ _ _ _ _ _ _ _ _ _ _ _ _ _ _ _ _ _ _ _ 
../factory-story-680/.runtime/test-venvs/career-intelligence-mcp/lib/python3.12/site-packages/pytest_playwright/pytest_playwright.py:108: in pytest_runtest_call
    yield
../factory-story-680/.runtime/test-venvs/career-intelligence-mcp/lib/python3.12/site-packages/pytest_asyncio/plugin.py:569: in runtest
    super().runtest()
../factory-story-680/.runtime/test-venvs/career-intelligence-mcp/lib/python3.12/site-packages/pytest_asyncio/plugin.py:905: in inner
    runner.run(coro, context=context)
_ _ _ _ _ _ _ _ _ _ _ _ _ _ _ _ _ _ _ _ _ _ _ _ _ _ _ _ _ _ _ _ _ _ _ _ _ _ _ _ 

self = <asyncio.runners.Runner object at 0x10b699fa0>
coro = <coroutine object test_get_skills_questions_upstream_failure_exhausts_retries at 0x10b6ecd60>
context = <_contextvars.Context object at 0x10c860d40>

    def run(self, coro, *, context=None):
        """Run a coroutine inside the embedded event loop."""
        if not coroutines.iscoroutine(coro):
            raise ValueError("a coroutine was expected, got {!r}".format(coro))
    
        if events._get_running_loop() is not None:
            # fail fast with short traceback
>           raise RuntimeError(
                "Runner.run() cannot be called from a running event loop")
E           RuntimeError: Runner.run() cannot be called from a running event loop

/Users/aiengineer/.local/share/uv/python/cpython-3.12.13-macos-x86_64-none/lib/python3.12/asyncio/runners.py:93: RuntimeError
___________ test_submit_skills_ratings_success_returns_full_response ___________

item = <Coroutine test_submit_skills_ratings_success_returns_full_response>

    @pytest.hookimpl(wrapper=True, tryfirst=True)
    def pytest_runtest_call(item: Any) -> Generator[None, Any, None]:
        if _soft_scope is None:
            yield
            return
        hard_failure: Optional[BaseException] = None
        with _soft_scope() as errors:
            try:
                yield
            except BaseException as exc:
                hard_failure = exc
        if not errors:
            if hard_failure is not None:
>               raise hard_failure

../factory-story-680/.runtime/test-venvs/career-intelligence-mcp/lib/python3.12/site-packages/pytest_playwright/pytest_playwright.py:113: 
_ _ _ _ _ _ _ _ _ _ _ _ _ _ _ _ _ _ _ _ _ _ _ _ _ _ _ _ _ _ _ _ _ _ _ _ _ _ _ _ 
../factory-story-680/.runtime/test-venvs/career-intelligence-mcp/lib/python3.12/site-packages/pytest_playwright/pytest_playwright.py:108: in pytest_runtest_call
    yield
../factory-story-680/.runtime/test-venvs/career-intelligence-mcp/lib/python3.12/site-packages/pytest_asyncio/plugin.py:569: in runtest
    super().runtest()
../factory-story-680/.runtime/test-venvs/career-intelligence-mcp/lib/python3.12/site-packages/pytest_asyncio/plugin.py:905: in inner
    runner.run(coro, context=context)
_ _ _ _ _ _ _ _ _ _ _ _ _ _ _ _ _ _ _ _ _ _ _ _ _ _ _ _ _ _ _ _ _ _ _ _ _ _ _ _ 

self = <asyncio.runners.Runner object at 0x10b6b50d0>
coro = <coroutine object test_submit_skills_ratings_success_returns_full_response at 0x10a5099c0>
context = <_contextvars.Context object at 0x10b64c080>

    def run(self, coro, *, context=None):
        """Run a coroutine inside the embedded event loop."""
        if not coroutines.iscoroutine(coro):
            raise ValueError("a coroutine was expected, got {!r}".format(coro))
    
        if events._get_running_loop() is not None:
            # fail fast with short traceback
>           raise RuntimeError(
                "Runner.run() cannot be called from a running event loop")
E           RuntimeError: Runner.run() cannot be called from a running event loop

/Users/aiengineer/.local/share/uv/python/cpython-3.12.13-macos-x86_64-none/lib/python3.12/asyncio/runners.py:93: RuntimeError
____________ test_submit_skills_ratings_accepts_partial_ratings_set ____________

item = <Coroutine test_submit_skills_ratings_accepts_partial_ratings_set>

    @pytest.hookimpl(wrapper=True, tryfirst=True)
    def pytest_runtest_call(item: Any) -> Generator[None, Any, None]:
        if _soft_scope is None:
            yield
            return
        hard_failure: Optional[BaseException] = None
        with _soft_scope() as errors:
            try:
                yield
            except BaseException as exc:
                hard_failure = exc
        if not errors:
            if hard_failure is not None:
>               raise hard_failure

../factory-story-680/.runtime/test-venvs/career-intelligence-mcp/lib/python3.12/site-packages/pytest_playwright/pytest_playwright.py:113: 
_ _ _ _ _ _ _ _ _ _ _ _ _ _ _ _ _ _ _ _ _ _ _ _ _ _ _ _ _ _ _ _ _ _ _ _ _ _ _ _ 
../factory-story-680/.runtime/test-venvs/career-intelligence-mcp/lib/python3.12/site-packages/pytest_playwright/pytest_playwright.py:108: in pytest_runtest_call
    yield
../factory-story-680/.runtime/test-venvs/career-intelligence-mcp/lib/python3.12/site-packages/pytest_asyncio/plugin.py:569: in runtest
    super().runtest()
../factory-story-680/.runtime/test-venvs/career-intelligence-mcp/lib/python3.12/site-packages/pytest_asyncio/plugin.py:905: in inner
    runner.run(coro, context=context)
_ _ _ _ _ _ _ _ _ _ _ _ _ _ _ _ _ _ _ _ _ _ _ _ _ _ _ _ _ _ _ _ _ _ _ _ _ _ _ _ 

self = <asyncio.runners.Runner object at 0x10b660dd0>
coro = <coroutine object test_submit_skills_ratings_accepts_partial_ratings_set at 0x10a24ddf0>
context = <_contextvars.Context object at 0x10ba07780>

    def run(self, coro, *, context=None):
        """Run a coroutine inside the embedded event loop."""
        if not coroutines.iscoroutine(coro):
            raise ValueError("a coroutine was expected, got {!r}".format(coro))
    
        if events._get_running_loop() is not None:
            # fail fast with short traceback
>           raise RuntimeError(
                "Runner.run() cannot be called from a running event loop")
E           RuntimeError: Runner.run() cannot be called from a running event loop

/Users/aiengineer/.local/share/uv/python/cpython-3.12.13-macos-x86_64-none/lib/python3.12/asyncio/runners.py:93: RuntimeError
______ test_submit_skills_ratings_malformed_response_missing_expected_key ______

item = <Coroutine test_submit_skills_ratings_malformed_response_missing_expected_key>

    @pytest.hookimpl(wrapper=True, tryfirst=True)
    def pytest_runtest_call(item: Any) -> Generator[None, Any, None]:
        if _soft_scope is None:
            yield
            return
        hard_failure: Optional[BaseException] = None
        with _soft_scope() as errors:
            try:
                yield
            except BaseException as exc:
                hard_failure = exc
        if not errors:
            if hard_failure is not None:
>               raise hard_failure

../factory-story-680/.runtime/test-venvs/career-intelligence-mcp/lib/python3.12/site-packages/pytest_playwright/pytest_playwright.py:113: 
_ _ _ _ _ _ _ _ _ _ _ _ _ _ _ _ _ _ _ _ _ _ _ _ _ _ _ _ _ _ _ _ _ _ _ _ _ _ _ _ 
../factory-story-680/.runtime/test-venvs/career-intelligence-mcp/lib/python3.12/site-packages/pytest_playwright/pytest_playwright.py:108: in pytest_runtest_call
    yield
../factory-story-680/.runtime/test-venvs/career-intelligence-mcp/lib/python3.12/site-packages/pytest_asyncio/plugin.py:569: in runtest
    super().runtest()
../factory-story-680/.runtime/test-venvs/career-intelligence-mcp/lib/python3.12/site-packages/pytest_asyncio/plugin.py:905: in inner
    runner.run(coro, context=context)
_ _ _ _ _ _ _ _ _ _ _ _ _ _ _ _ _ _ _ _ _ _ _ _ _ _ _ _ _ _ _ _ _ _ _ _ _ _ _ _ 

self = <asyncio.runners.Runner object at 0x10b698dd0>
coro = <coroutine object test_submit_skills_ratings_malformed_response_missing_expected_key at 0x10a512560>
context = <_contextvars.Context object at 0x10a431740>

    def run(self, coro, *, context=None):
        """Run a coroutine inside the embedded event loop."""
        if not coroutines.iscoroutine(coro):
            raise ValueError("a coroutine was expected, got {!r}".format(coro))
    
        if events._get_running_loop() is not None:
            # fail fast with short traceback
>           raise RuntimeError(
                "Runner.run() cannot be called from a running event loop")
E           RuntimeError: Runner.run() cannot be called from a running event loop

/Users/aiengineer/.local/share/uv/python/cpython-3.12.13-macos-x86_64-none/lib/python3.12/asyncio/runners.py:93: RuntimeError
________ test_submit_skills_ratings_auth_failure_raises_upstream_error _________

item = <Coroutine test_submit_skills_ratings_auth_failure_raises_upstream_error>

    @pytest.hookimpl(wrapper=True, tryfirst=True)
    def pytest_runtest_call(item: Any) -> Generator[None, Any, None]:
        if _soft_scope is None:
            yield
            return
        hard_failure: Optional[BaseException] = None
        with _soft_scope() as errors:
            try:
                yield
            except BaseException as exc:
                hard_failure = exc
        if not errors:
            if hard_failure is not None:
>               raise hard_failure

../factory-story-680/.runtime/test-venvs/career-intelligence-mcp/lib/python3.12/site-packages/pytest_playwright/pytest_playwright.py:113: 
_ _ _ _ _ _ _ _ _ _ _ _ _ _ _ _ _ _ _ _ _ _ _ _ _ _ _ _ _ _ _ _ _ _ _ _ _ _ _ _ 
../factory-story-680/.runtime/test-venvs/career-intelligence-mcp/lib/python3.12/site-packages/pytest_playwright/pytest_playwright.py:108: in pytest_runtest_call
    yield
../factory-story-680/.runtime/test-venvs/career-intelligence-mcp/lib/python3.12/site-packages/pytest_asyncio/plugin.py:569: in runtest
    super().runtest()
../factory-story-680/.runtime/test-venvs/career-intelligence-mcp/lib/python3.12/site-packages/pytest_asyncio/plugin.py:905: in inner
    runner.run(coro, context=context)
_ _ _ _ _ _ _ _ _ _ _ _ _ _ _ _ _ _ _ _ _ _ _ _ _ _ _ _ _ _ _ _ _ _ _ _ _ _ _ _ 

self = <asyncio.runners.Runner object at 0x10b699940>
coro = <coroutine object test_submit_skills_ratings_auth_failure_raises_upstream_error at 0x10a283760>
context = <_contextvars.Context object at 0x10bc95e80>

    def run(self, coro, *, context=None):
        """Run a coroutine inside the embedded event loop."""
        if not coroutines.iscoroutine(coro):
            raise ValueError("a coroutine was expected, got {!r}".format(coro))
    
        if events._get_running_loop() is not None:
            # fail fast with short traceback
>           raise RuntimeError(
                "Runner.run() cannot be called from a running event loop")
E           RuntimeError: Runner.run() cannot be called from a running event loop

/Users/aiengineer/.local/share/uv/python/cpython-3.12.13-macos-x86_64-none/lib/python3.12/asyncio/runners.py:93: RuntimeError
__________ test_submit_skills_ratings_throttled_then_exhausts_retries __________

item = <Coroutine test_submit_skills_ratings_throttled_then_exhausts_retries>

    @pytest.hookimpl(wrapper=True, tryfirst=True)
    def pytest_runtest_call(item: Any) -> Generator[None, Any, None]:
        if _soft_scope is None:
            yield
            return
        hard_failure: Optional[BaseException] = None
        with _soft_scope() as errors:
            try:
                yield
            except BaseException as exc:
                hard_failure = exc
        if not errors:
            if hard_failure is not None:
>               raise hard_failure

../factory-story-680/.runtime/test-venvs/career-intelligence-mcp/lib/python3.12/site-packages/pytest_playwright/pytest_playwright.py:113: 
_ _ _ _ _ _ _ _ _ _ _ _ _ _ _ _ _ _ _ _ _ _ _ _ _ _ _ _ _ _ _ _ _ _ _ _ _ _ _ _ 
../factory-story-680/.runtime/test-venvs/career-intelligence-mcp/lib/python3.12/site-packages/pytest_playwright/pytest_playwright.py:108: in pytest_runtest_call
    yield
../factory-story-680/.runtime/test-venvs/career-intelligence-mcp/lib/python3.12/site-packages/pytest_asyncio/plugin.py:569: in runtest
    super().runtest()
../factory-story-680/.runtime/test-venvs/career-intelligence-mcp/lib/python3.12/site-packages/pytest_asyncio/plugin.py:905: in inner
    runner.run(coro, context=context)
_ _ _ _ _ _ _ _ _ _ _ _ _ _ _ _ _ _ _ _ _ _ _ _ _ _ _ _ _ _ _ _ _ _ _ _ _ _ _ _ 

self = <asyncio.runners.Runner object at 0x10b6b72f0>
coro = <coroutine object test_submit_skills_ratings_throttled_then_exhausts_retries at 0x10a24ddf0>
context = <_contextvars.Context object at 0x10b97a940>

    def run(self, coro, *, context=None):
        """Run a coroutine inside the embedded event loop."""
        if not coroutines.iscoroutine(coro):
            raise ValueError("a coroutine was expected, got {!r}".format(coro))
    
        if events._get_running_loop() is not None:
            # fail fast with short traceback
>           raise RuntimeError(
                "Runner.run() cannot be called from a running event loop")
E           RuntimeError: Runner.run() cannot be called from a running event loop

/Users/aiengineer/.local/share/uv/python/cpython-3.12.13-macos-x86_64-none/lib/python3.12/asyncio/runners.py:93: RuntimeError
_________ test_submit_skills_ratings_upstream_failure_exhausts_retries _________

item = <Coroutine test_submit_skills_ratings_upstream_failure_exhausts_retries>

    @pytest.hookimpl(wrapper=True, tryfirst=True)
    def pytest_runtest_call(item: Any) -> Generator[None, Any, None]:
        if _soft_scope is None:
            yield
            return
        hard_failure: Optional[BaseException] = None
        with _soft_scope() as errors:
            try:
                yield
            except BaseException as exc:
                hard_failure = exc
        if not errors:
            if hard_failure is not None:
>               raise hard_failure

../factory-story-680/.runtime/test-venvs/career-intelligence-mcp/lib/python3.12/site-packages/pytest_playwright/pytest_playwright.py:113: 
_ _ _ _ _ _ _ _ _ _ _ _ _ _ _ _ _ _ _ _ _ _ _ _ _ _ _ _ _ _ _ _ _ _ _ _ _ _ _ _ 
../factory-story-680/.runtime/test-venvs/career-intelligence-mcp/lib/python3.12/site-packages/pytest_playwright/pytest_playwright.py:108: in pytest_runtest_call
    yield
../factory-story-680/.runtime/test-venvs/career-intelligence-mcp/lib/python3.12/site-packages/pytest_asyncio/plugin.py:569: in runtest
    super().runtest()
../factory-story-680/.runtime/test-venvs/career-intelligence-mcp/lib/python3.12/site-packages/pytest_asyncio/plugin.py:905: in inner
    runner.run(coro, context=context)
_ _ _ _ _ _ _ _ _ _ _ _ _ _ _ _ _ _ _ _ _ _ _ _ _ _ _ _ _ _ _ _ _ _ _ _ _ _ _ _ 

self = <asyncio.runners.Runner object at 0x10b698620>
coro = <coroutine object test_submit_skills_ratings_upstream_failure_exhausts_retries at 0x10a435300>
context = <_contextvars.Context object at 0x10b937480>

    def run(self, coro, *, context=None):
        """Run a coroutine inside the embedded event loop."""
        if not coroutines.iscoroutine(coro):
            raise ValueError("a coroutine was expected, got {!r}".format(coro))
    
        if events._get_running_loop() is not None:
            # fail fast with short traceback
>           raise RuntimeError(
                "Runner.run() cannot be called from a running event loop")
E           RuntimeError: Runner.run() cannot be called from a running event loop

/Users/aiengineer/.local/share/uv/python/cpython-3.12.13-macos-x86_64-none/lib/python3.12/asyncio/runners.py:93: RuntimeError
_________ test_get_training_providers_success_returns_school_programs __________

item = <Coroutine test_get_training_providers_success_returns_school_programs>

    @pytest.hookimpl(wrapper=True, tryfirst=True)
    def pytest_runtest_call(item: Any) -> Generator[None, Any, None]:
        if _soft_scope is None:
            yield
            return
        hard_failure: Optional[BaseException] = None
        with _soft_scope() as errors:
            try:
                yield
            except BaseException as exc:
                hard_failure = exc
        if not errors:
            if hard_failure is not None:
>               raise hard_failure

../factory-story-680/.runtime/test-venvs/career-intelligence-mcp/lib/python3.12/site-packages/pytest_playwright/pytest_playwright.py:113: 
_ _ _ _ _ _ _ _ _ _ _ _ _ _ _ _ _ _ _ _ _ _ _ _ _ _ _ _ _ _ _ _ _ _ _ _ _ _ _ _ 
../factory-story-680/.runtime/test-venvs/career-intelligence-mcp/lib/python3.12/site-packages/pytest_playwright/pytest_playwright.py:108: in pytest_runtest_call
    yield
../factory-story-680/.runtime/test-venvs/career-intelligence-mcp/lib/python3.12/site-packages/pytest_asyncio/plugin.py:569: in runtest
    super().runtest()
../factory-story-680/.runtime/test-venvs/career-intelligence-mcp/lib/python3.12/site-packages/pytest_asyncio/plugin.py:905: in inner
    runner.run(coro, context=context)
_ _ _ _ _ _ _ _ _ _ _ _ _ _ _ _ _ _ _ _ _ _ _ _ _ _ _ _ _ _ _ _ _ _ _ _ _ _ _ _ 

self = <asyncio.runners.Runner object at 0x10b69afc0>
coro = <coroutine object test_get_training_providers_success_returns_school_programs at 0x10a283df0>
context = <_contextvars.Context object at 0x10b655f80>

    def run(self, coro, *, context=None):
        """Run a coroutine inside the embedded event loop."""
        if not coroutines.iscoroutine(coro):
            raise ValueError("a coroutine was expected, got {!r}".format(coro))
    
        if events._get_running_loop() is not None:
            # fail fast with short traceback
>           raise RuntimeError(
                "Runner.run() cannot be called from a running event loop")
E           RuntimeError: Runner.run() cannot be called from a running event loop

/Users/aiengineer/.local/share/uv/python/cpython-3.12.13-macos-x86_64-none/lib/python3.12/asyncio/runners.py:93: RuntimeError
___________ test_get_training_providers_nationwide_when_no_location ____________

item = <Coroutine test_get_training_providers_nationwide_when_no_location>

    @pytest.hookimpl(wrapper=True, tryfirst=True)
    def pytest_runtest_call(item: Any) -> Generator[None, Any, None]:
        if _soft_scope is None:
            yield
            return
        hard_failure: Optional[BaseException] = None
        with _soft_scope() as errors:
            try:
                yield
            except BaseException as exc:
                hard_failure = exc
        if not errors:
            if hard_failure is not None:
>               raise hard_failure

../factory-story-680/.runtime/test-venvs/career-intelligence-mcp/lib/python3.12/site-packages/pytest_playwright/pytest_playwright.py:113: 
_ _ _ _ _ _ _ _ _ _ _ _ _ _ _ _ _ _ _ _ _ _ _ _ _ _ _ _ _ _ _ _ _ _ _ _ _ _ _ _ 
../factory-story-680/.runtime/test-venvs/career-intelligence-mcp/lib/python3.12/site-packages/pytest_playwright/pytest_playwright.py:108: in pytest_runtest_call
    yield
../factory-story-680/.runtime/test-venvs/career-intelligence-mcp/lib/python3.12/site-packages/pytest_asyncio/plugin.py:569: in runtest
    super().runtest()
../factory-story-680/.runtime/test-venvs/career-intelligence-mcp/lib/python3.12/site-packages/pytest_asyncio/plugin.py:905: in inner
    runner.run(coro, context=context)
_ _ _ _ _ _ _ _ _ _ _ _ _ _ _ _ _ _ _ _ _ _ _ _ _ _ _ _ _ _ _ _ _ _ _ _ _ _ _ _ 

self = <asyncio.runners.Runner object at 0x10b76b230>
coro = <coroutine object test_get_training_providers_nationwide_when_no_location at 0x10ac91210>
context = <_contextvars.Context object at 0x10ca84b00>

    def run(self, coro, *, context=None):
        """Run a coroutine inside the embedded event loop."""
        if not coroutines.iscoroutine(coro):
            raise ValueError("a coroutine was expected, got {!r}".format(coro))
    
        if events._get_running_loop() is not None:
            # fail fast with short traceback
>           raise RuntimeError(
                "Runner.run() cannot be called from a running event loop")
E           RuntimeError: Runner.run() cannot be called from a running event loop

/Users/aiengineer/.local/share/uv/python/cpython-3.12.13-macos-x86_64-none/lib/python3.12/asyncio/runners.py:93: RuntimeError
__________ test_get_training_providers_url_encodes_multi_word_keyword __________

item = <Coroutine test_get_training_providers_url_encodes_multi_word_keyword>

    @pytest.hookimpl(wrapper=True, tryfirst=True)
    def pytest_runtest_call(item: Any) -> Generator[None, Any, None]:
        if _soft_scope is None:
            yield
            return
        hard_failure: Optional[BaseException] = None
        with _soft_scope() as errors:
            try:
                yield
            except BaseException as exc:
                hard_failure = exc
        if not errors:
            if hard_failure is not None:
>               raise hard_failure

../factory-story-680/.runtime/test-venvs/career-intelligence-mcp/lib/python3.12/site-packages/pytest_playwright/pytest_playwright.py:113: 
_ _ _ _ _ _ _ _ _ _ _ _ _ _ _ _ _ _ _ _ _ _ _ _ _ _ _ _ _ _ _ _ _ _ _ _ _ _ _ _ 
../factory-story-680/.runtime/test-venvs/career-intelligence-mcp/lib/python3.12/site-packages/pytest_playwright/pytest_playwright.py:108: in pytest_runtest_call
    yield
../factory-story-680/.runtime/test-venvs/career-intelligence-mcp/lib/python3.12/site-packages/pytest_asyncio/plugin.py:569: in runtest
    super().runtest()
../factory-story-680/.runtime/test-venvs/career-intelligence-mcp/lib/python3.12/site-packages/pytest_asyncio/plugin.py:905: in inner
    runner.run(coro, context=context)
_ _ _ _ _ _ _ _ _ _ _ _ _ _ _ _ _ _ _ _ _ _ _ _ _ _ _ _ _ _ _ _ _ _ _ _ _ _ _ _ 

self = <asyncio.runners.Runner object at 0x10b699970>
coro = <coroutine object test_get_training_providers_url_encodes_multi_word_keyword at 0x10a24ddf0>
context = <_contextvars.Context object at 0x10b64c080>

    def run(self, coro, *, context=None):
        """Run a coroutine inside the embedded event loop."""
        if not coroutines.iscoroutine(coro):
            raise ValueError("a coroutine was expected, got {!r}".format(coro))
    
        if events._get_running_loop() is not None:
            # fail fast with short traceback
>           raise RuntimeError(
                "Runner.run() cannot be called from a running event loop")
E           RuntimeError: Runner.run() cannot be called from a running event loop

/Users/aiengineer/.local/share/uv/python/cpython-3.12.13-macos-x86_64-none/lib/python3.12/asyncio/runners.py:93: RuntimeError
_____ test_get_training_providers_404_no_data_is_normalized_to_empty_list ______

item = <Coroutine test_get_training_providers_404_no_data_is_normalized_to_empty_list>

    @pytest.hookimpl(wrapper=True, tryfirst=True)
    def pytest_runtest_call(item: Any) -> Generator[None, Any, None]:
        if _soft_scope is None:
            yield
            return
        hard_failure: Optional[BaseException] = None
        with _soft_scope() as errors:
            try:
                yield
            except BaseException as exc:
                hard_failure = exc
        if not errors:
            if hard_failure is not None:
>               raise hard_failure

../factory-story-680/.runtime/test-venvs/career-intelligence-mcp/lib/python3.12/site-packages/pytest_playwright/pytest_playwright.py:113: 
_ _ _ _ _ _ _ _ _ _ _ _ _ _ _ _ _ _ _ _ _ _ _ _ _ _ _ _ _ _ _ _ _ _ _ _ _ _ _ _ 
../factory-story-680/.runtime/test-venvs/career-intelligence-mcp/lib/python3.12/site-packages/pytest_playwright/pytest_playwright.py:108: in pytest_runtest_call
    yield
../factory-story-680/.runtime/test-venvs/career-intelligence-mcp/lib/python3.12/site-packages/pytest_asyncio/plugin.py:569: in runtest
    super().runtest()
../factory-story-680/.runtime/test-venvs/career-intelligence-mcp/lib/python3.12/site-packages/pytest_asyncio/plugin.py:905: in inner
    runner.run(coro, context=context)
_ _ _ _ _ _ _ _ _ _ _ _ _ _ _ _ _ _ _ _ _ _ _ _ _ _ _ _ _ _ _ _ _ _ _ _ _ _ _ _ 

self = <asyncio.runners.Runner object at 0x10b662930>
coro = <coroutine object test_get_training_providers_404_no_data_is_normalized_to_empty_list at 0x10ac90760>
context = <_contextvars.Context object at 0x10ba07780>

    def run(self, coro, *, context=None):
        """Run a coroutine inside the embedded event loop."""
        if not coroutines.iscoroutine(coro):
            raise ValueError("a coroutine was expected, got {!r}".format(coro))
    
        if events._get_running_loop() is not None:
            # fail fast with short traceback
>           raise RuntimeError(
                "Runner.run() cannot be called from a running event loop")
E           RuntimeError: Runner.run() cannot be called from a running event loop

/Users/aiengineer/.local/share/uv/python/cpython-3.12.13-macos-x86_64-none/lib/python3.12/asyncio/runners.py:93: RuntimeError
________ test_get_training_providers_auth_failure_raises_upstream_error ________

item = <Coroutine test_get_training_providers_auth_failure_raises_upstream_error>

    @pytest.hookimpl(wrapper=True, tryfirst=True)
    def pytest_runtest_call(item: Any) -> Generator[None, Any, None]:
        if _soft_scope is None:
            yield
            return
        hard_failure: Optional[BaseException] = None
        with _soft_scope() as errors:
            try:
                yield
            except BaseException as exc:
                hard_failure = exc
        if not errors:
            if hard_failure is not None:
>               raise hard_failure

../factory-story-680/.runtime/test-venvs/career-intelligence-mcp/lib/python3.12/site-packages/pytest_playwright/pytest_playwright.py:113: 
_ _ _ _ _ _ _ _ _ _ _ _ _ _ _ _ _ _ _ _ _ _ _ _ _ _ _ _ _ _ _ _ _ _ _ _ _ _ _ _ 
../factory-story-680/.runtime/test-venvs/career-intelligence-mcp/lib/python3.12/site-packages/pytest_playwright/pytest_playwright.py:108: in pytest_runtest_call
    yield
../factory-story-680/.runtime/test-venvs/career-intelligence-mcp/lib/python3.12/site-packages/pytest_asyncio/plugin.py:569: in runtest
    super().runtest()
../factory-story-680/.runtime/test-venvs/career-intelligence-mcp/lib/python3.12/site-packages/pytest_asyncio/plugin.py:905: in inner
    runner.run(coro, context=context)
_ _ _ _ _ _ _ _ _ _ _ _ _ _ _ _ _ _ _ _ _ _ _ _ _ _ _ _ _ _ _ _ _ _ _ _ _ _ _ _ 

self = <asyncio.runners.Runner object at 0x10b76a420>
coro = <coroutine object test_get_training_providers_auth_failure_raises_upstream_error at 0x10a283df0>
context = <_contextvars.Context object at 0x10a431740>

    def run(self, coro, *, context=None):
        """Run a coroutine inside the embedded event loop."""
        if not coroutines.iscoroutine(coro):
            raise ValueError("a coroutine was expected, got {!r}".format(coro))
    
        if events._get_running_loop() is not None:
            # fail fast with short traceback
>           raise RuntimeError(
                "Runner.run() cannot be called from a running event loop")
E           RuntimeError: Runner.run() cannot be called from a running event loop

/Users/aiengineer/.local/share/uv/python/cpython-3.12.13-macos-x86_64-none/lib/python3.12/asyncio/runners.py:93: RuntimeError
_____________ test_get_training_providers_uses_bearer_auth_header ______________

item = <Coroutine test_get_training_providers_uses_bearer_auth_header>

    @pytest.hookimpl(wrapper=True, tryfirst=True)
    def pytest_runtest_call(item: Any) -> Generator[None, Any, None]:
        if _soft_scope is None:
            yield
            return
        hard_failure: Optional[BaseException] = None
        with _soft_scope() as errors:
            try:
                yield
            except BaseException as exc:
                hard_failure = exc
        if not errors:
            if hard_failure is not None:
>               raise hard_failure

../factory-story-680/.runtime/test-venvs/career-intelligence-mcp/lib/python3.12/site-packages/pytest_playwright/pytest_playwright.py:113: 
_ _ _ _ _ _ _ _ _ _ _ _ _ _ _ _ _ _ _ _ _ _ _ _ _ _ _ _ _ _ _ _ _ _ _ _ _ _ _ _ 
../factory-story-680/.runtime/test-venvs/career-intelligence-mcp/lib/python3.12/site-packages/pytest_playwright/pytest_playwright.py:108: in pytest_runtest_call
    yield
../factory-story-680/.runtime/test-venvs/career-intelligence-mcp/lib/python3.12/site-packages/pytest_asyncio/plugin.py:569: in runtest
    super().runtest()
../factory-story-680/.runtime/test-venvs/career-intelligence-mcp/lib/python3.12/site-packages/pytest_asyncio/plugin.py:905: in inner
    runner.run(coro, context=context)
_ _ _ _ _ _ _ _ _ _ _ _ _ _ _ _ _ _ _ _ _ _ _ _ _ _ _ _ _ _ _ _ _ _ _ _ _ _ _ _ 

self = <asyncio.runners.Runner object at 0x10b76a930>
coro = <coroutine object test_get_training_providers_uses_bearer_auth_header at 0x10ac90af0>
context = <_contextvars.Context object at 0x10b7975c0>

    def run(self, coro, *, context=None):
        """Run a coroutine inside the embedded event loop."""
        if not coroutines.iscoroutine(coro):
            raise ValueError("a coroutine was expected, got {!r}".format(coro))
    
        if events._get_running_loop() is not None:
            # fail fast with short traceback
>           raise RuntimeError(
                "Runner.run() cannot be called from a running event loop")
E           RuntimeError: Runner.run() cannot be called from a running event loop

/Users/aiengineer/.local/share/uv/python/cpython-3.12.13-macos-x86_64-none/lib/python3.12/asyncio/runners.py:93: RuntimeError
_____________ test_find_certifications_ambiguous_occupation_raises _____________

item = <Coroutine test_find_certifications_ambiguous_occupation_raises>

    @pytest.hookimpl(wrapper=True, tryfirst=True)
    def pytest_runtest_call(item: Any) -> Generator[None, Any, None]:
        if _soft_scope is None:
            yield
            return
        hard_failure: Optional[BaseException] = None
        with _soft_scope() as errors:
            try:
                yield
            except BaseException as exc:
                hard_failure = exc
        if not errors:
            if hard_failure is not None:
>               raise hard_failure

../factory-story-680/.runtime/test-venvs/career-intelligence-mcp/lib/python3.12/site-packages/pytest_playwright/pytest_playwright.py:113: 
_ _ _ _ _ _ _ _ _ _ _ _ _ _ _ _ _ _ _ _ _ _ _ _ _ _ _ _ _ _ _ _ _ _ _ _ _ _ _ _ 
../factory-story-680/.runtime/test-venvs/career-intelligence-mcp/lib/python3.12/site-packages/pytest_playwright/pytest_playwright.py:108: in pytest_runtest_call
    yield
../factory-story-680/.runtime/test-venvs/career-intelligence-mcp/lib/python3.12/site-packages/pytest_asyncio/plugin.py:569: in runtest
    super().runtest()
../factory-story-680/.runtime/test-venvs/career-intelligence-mcp/lib/python3.12/site-packages/pytest_asyncio/plugin.py:905: in inner
    runner.run(coro, context=context)
_ _ _ _ _ _ _ _ _ _ _ _ _ _ _ _ _ _ _ _ _ _ _ _ _ _ _ _ _ _ _ _ _ _ _ _ _ _ _ _ 

self = <asyncio.runners.Runner object at 0x10b69a8d0>
coro = <coroutine object test_find_certifications_ambiguous_occupation_raises at 0x10a41bb40>
context = <_contextvars.Context object at 0x10b97a940>

    def run(self, coro, *, context=None):
        """Run a coroutine inside the embedded event loop."""
        if not coroutines.iscoroutine(coro):
            raise ValueError("a coroutine was expected, got {!r}".format(coro))
    
        if events._get_running_loop() is not None:
            # fail fast with short traceback
>           raise RuntimeError(
                "Runner.run() cannot be called from a running event loop")
E           RuntimeError: Runner.run() cannot be called from a running event loop

/Users/aiengineer/.local/share/uv/python/cpython-3.12.13-macos-x86_64-none/lib/python3.12/asyncio/runners.py:93: RuntimeError
_____ test_find_certifications_success_preserves_rich_fields_and_citation ______

item = <Coroutine test_find_certifications_success_preserves_rich_fields_and_citation>

    @pytest.hookimpl(wrapper=True, tryfirst=True)
    def pytest_runtest_call(item: Any) -> Generator[None, Any, None]:
        if _soft_scope is None:
            yield
            return
        hard_failure: Optional[BaseException] = None
        with _soft_scope() as errors:
            try:
                yield
            except BaseException as exc:
                hard_failure = exc
        if not errors:
            if hard_failure is not None:
>               raise hard_failure

../factory-story-680/.runtime/test-venvs/career-intelligence-mcp/lib/python3.12/site-packages/pytest_playwright/pytest_playwright.py:113: 
_ _ _ _ _ _ _ _ _ _ _ _ _ _ _ _ _ _ _ _ _ _ _ _ _ _ _ _ _ _ _ _ _ _ _ _ _ _ _ _ 
../factory-story-680/.runtime/test-venvs/career-intelligence-mcp/lib/python3.12/site-packages/pytest_playwright/pytest_playwright.py:108: in pytest_runtest_call
    yield
../factory-story-680/.runtime/test-venvs/career-intelligence-mcp/lib/python3.12/site-packages/pytest_asyncio/plugin.py:569: in runtest
    super().runtest()
../factory-story-680/.runtime/test-venvs/career-intelligence-mcp/lib/python3.12/site-packages/pytest_asyncio/plugin.py:905: in inner
    runner.run(coro, context=context)
_ _ _ _ _ _ _ _ _ _ _ _ _ _ _ _ _ _ _ _ _ _ _ _ _ _ _ _ _ _ _ _ _ _ _ _ _ _ _ _ 

self = <asyncio.runners.Runner object at 0x10b76bda0>
coro = <coroutine object test_find_certifications_success_preserves_rich_fields_and_citation at 0x10a4bdc60>
context = <_contextvars.Context object at 0x10b937480>

    def run(self, coro, *, context=None):
        """Run a coroutine inside the embedded event loop."""
        if not coroutines.iscoroutine(coro):
            raise ValueError("a coroutine was expected, got {!r}".format(coro))
    
        if events._get_running_loop() is not None:
            # fail fast with short traceback
>           raise RuntimeError(
                "Runner.run() cannot be called from a running event loop")
E           RuntimeError: Runner.run() cannot be called from a running event loop

/Users/aiengineer/.local/share/uv/python/cpython-3.12.13-macos-x86_64-none/lib/python3.12/asyncio/runners.py:93: RuntimeError
_________ test_find_certifications_zero_matches_still_carries_citation _________

item = <Coroutine test_find_certifications_zero_matches_still_carries_citation>

    @pytest.hookimpl(wrapper=True, tryfirst=True)
    def pytest_runtest_call(item: Any) -> Generator[None, Any, None]:
        if _soft_scope is None:
            yield
            return
        hard_failure: Optional[BaseException] = None
        with _soft_scope() as errors:
            try:
                yield
            except BaseException as exc:
                hard_failure = exc
        if not errors:
            if hard_failure is not None:
>               raise hard_failure

../factory-story-680/.runtime/test-venvs/career-intelligence-mcp/lib/python3.12/site-packages/pytest_playwright/pytest_playwright.py:113: 
_ _ _ _ _ _ _ _ _ _ _ _ _ _ _ _ _ _ _ _ _ _ _ _ _ _ _ _ _ _ _ _ _ _ _ _ _ _ _ _ 
../factory-story-680/.runtime/test-venvs/career-intelligence-mcp/lib/python3.12/site-packages/pytest_playwright/pytest_playwright.py:108: in pytest_runtest_call
    yield
../factory-story-680/.runtime/test-venvs/career-intelligence-mcp/lib/python3.12/site-packages/pytest_asyncio/plugin.py:569: in runtest
    super().runtest()
../factory-story-680/.runtime/test-venvs/career-intelligence-mcp/lib/python3.12/site-packages/pytest_asyncio/plugin.py:905: in inner
    runner.run(coro, context=context)
_ _ _ _ _ _ _ _ _ _ _ _ _ _ _ _ _ _ _ _ _ _ _ _ _ _ _ _ _ _ _ _ _ _ _ _ _ _ _ _ 

self = <asyncio.runners.Runner object at 0x10b77d970>
coro = <coroutine object test_find_certifications_zero_matches_still_carries_citation at 0x10a4a8ea0>
context = <_contextvars.Context object at 0x10abedcc0>

    def run(self, coro, *, context=None):
        """Run a coroutine inside the embedded event loop."""
        if not coroutines.iscoroutine(coro):
            raise ValueError("a coroutine was expected, got {!r}".format(coro))
    
        if events._get_running_loop() is not None:
            # fail fast with short traceback
>           raise RuntimeError(
                "Runner.run() cannot be called from a running event loop")
E           RuntimeError: Runner.run() cannot be called from a running event loop

/Users/aiengineer/.local/share/uv/python/cpython-3.12.13-macos-x86_64-none/lib/python3.12/asyncio/runners.py:93: RuntimeError
______ test_find_certifications_upstream_failure_propagates_not_swallowed ______

item = <Coroutine test_find_certifications_upstream_failure_propagates_not_swallowed>

    @pytest.hookimpl(wrapper=True, tryfirst=True)
    def pytest_runtest_call(item: Any) -> Generator[None, Any, None]:
        if _soft_scope is None:
            yield
            return
        hard_failure: Optional[BaseException] = None
        with _soft_scope() as errors:
            try:
                yield
            except BaseException as exc:
                hard_failure = exc
        if not errors:
            if hard_failure is not None:
>               raise hard_failure

../factory-story-680/.runtime/test-venvs/career-intelligence-mcp/lib/python3.12/site-packages/pytest_playwright/pytest_playwright.py:113: 
_ _ _ _ _ _ _ _ _ _ _ _ _ _ _ _ _ _ _ _ _ _ _ _ _ _ _ _ _ _ _ _ _ _ _ _ _ _ _ _ 
../factory-story-680/.runtime/test-venvs/career-intelligence-mcp/lib/python3.12/site-packages/pytest_playwright/pytest_playwright.py:108: in pytest_runtest_call
    yield
../factory-story-680/.runtime/test-venvs/career-intelligence-mcp/lib/python3.12/site-packages/pytest_asyncio/plugin.py:569: in runtest
    super().runtest()
../factory-story-680/.runtime/test-venvs/career-intelligence-mcp/lib/python3.12/site-packages/pytest_asyncio/plugin.py:905: in inner
    runner.run(coro, context=context)
_ _ _ _ _ _ _ _ _ _ _ _ _ _ _ _ _ _ _ _ _ _ _ _ _ _ _ _ _ _ _ _ _ _ _ _ _ _ _ _ 

self = <asyncio.runners.Runner object at 0x10b77e870>
coro = <coroutine object test_find_certifications_upstream_failure_propagates_not_swallowed at 0x10a43a350>
context = <_contextvars.Context object at 0x10b75e380>

    def run(self, coro, *, context=None):
        """Run a coroutine inside the embedded event loop."""
        if not coroutines.iscoroutine(coro):
            raise ValueError("a coroutine was expected, got {!r}".format(coro))
    
        if events._get_running_loop() is not None:
            # fail fast with short traceback
>           raise RuntimeError(
                "Runner.run() cannot be called from a running event loop")
E           RuntimeError: Runner.run() cannot be called from a running event loop

/Users/aiengineer/.local/share/uv/python/cpython-3.12.13-macos-x86_64-none/lib/python3.12/asyncio/runners.py:93: RuntimeError
___________ test_find_certifications_missing_credentials_propagates ____________

item = <Coroutine test_find_certifications_missing_credentials_propagates>

    @pytest.hookimpl(wrapper=True, tryfirst=True)
    def pytest_runtest_call(item: Any) -> Generator[None, Any, None]:
        if _soft_scope is None:
            yield
            return
        hard_failure: Optional[BaseException] = None
        with _soft_scope() as errors:
            try:
                yield
            except BaseException as exc:
                hard_failure = exc
        if not errors:
            if hard_failure is not None:
>               raise hard_failure

../factory-story-680/.runtime/test-venvs/career-intelligence-mcp/lib/python3.12/site-packages/pytest_playwright/pytest_playwright.py:113: 
_ _ _ _ _ _ _ _ _ _ _ _ _ _ _ _ _ _ _ _ _ _ _ _ _ _ _ _ _ _ _ _ _ _ _ _ _ _ _ _ 
../factory-story-680/.runtime/test-venvs/career-intelligence-mcp/lib/python3.12/site-packages/pytest_playwright/pytest_playwright.py:108: in pytest_runtest_call
    yield
../factory-story-680/.runtime/test-venvs/career-intelligence-mcp/lib/python3.12/site-packages/pytest_asyncio/plugin.py:569: in runtest
    super().runtest()
../factory-story-680/.runtime/test-venvs/career-intelligence-mcp/lib/python3.12/site-packages/pytest_asyncio/plugin.py:905: in inner
    runner.run(coro, context=context)
_ _ _ _ _ _ _ _ _ _ _ _ _ _ _ _ _ _ _ _ _ _ _ _ _ _ _ _ _ _ _ _ _ _ _ _ _ _ _ _ 

self = <asyncio.runners.Runner object at 0x10b768f80>
coro = <coroutine object test_find_certifications_missing_credentials_propagates at 0x10a419240>
context = <_contextvars.Context object at 0x10bee7700>

    def run(self, coro, *, context=None):
        """Run a coroutine inside the embedded event loop."""
        if not coroutines.iscoroutine(coro):
            raise ValueError("a coroutine was expected, got {!r}".format(coro))
    
        if events._get_running_loop() is not None:
            # fail fast with short traceback
>           raise RuntimeError(
                "Runner.run() cannot be called from a running event loop")
E           RuntimeError: Runner.run() cannot be called from a running event loop

/Users/aiengineer/.local/share/uv/python/cpython-3.12.13-macos-x86_64-none/lib/python3.12/asyncio/runners.py:93: RuntimeError
________ test_find_job_centers_missing_location_raises_invalid_request _________

item = <Coroutine test_find_job_centers_missing_location_raises_invalid_request>

    @pytest.hookimpl(wrapper=True, tryfirst=True)
    def pytest_runtest_call(item: Any) -> Generator[None, Any, None]:
        if _soft_scope is None:
            yield
            return
        hard_failure: Optional[BaseException] = None
        with _soft_scope() as errors:
            try:
                yield
            except BaseException as exc:
                hard_failure = exc
        if not errors:
            if hard_failure is not None:
>               raise hard_failure

../factory-story-680/.runtime/test-venvs/career-intelligence-mcp/lib/python3.12/site-packages/pytest_playwright/pytest_playwright.py:113: 
_ _ _ _ _ _ _ _ _ _ _ _ _ _ _ _ _ _ _ _ _ _ _ _ _ _ _ _ _ _ _ _ _ _ _ _ _ _ _ _ 
../factory-story-680/.runtime/test-venvs/career-intelligence-mcp/lib/python3.12/site-packages/pytest_playwright/pytest_playwright.py:108: in pytest_runtest_call
    yield
../factory-story-680/.runtime/test-venvs/career-intelligence-mcp/lib/python3.12/site-packages/pytest_asyncio/plugin.py:569: in runtest
    super().runtest()
../factory-story-680/.runtime/test-venvs/career-intelligence-mcp/lib/python3.12/site-packages/pytest_asyncio/plugin.py:905: in inner
    runner.run(coro, context=context)
_ _ _ _ _ _ _ _ _ _ _ _ _ _ _ _ _ _ _ _ _ _ _ _ _ _ _ _ _ _ _ _ _ _ _ _ _ _ _ _ 

self = <asyncio.runners.Runner object at 0x10b77e780>
coro = <coroutine object test_find_job_centers_missing_location_raises_invalid_request at 0x10a43adf0>
context = <_contextvars.Context object at 0x10ba07780>

    def run(self, coro, *, context=None):
        """Run a coroutine inside the embedded event loop."""
        if not coroutines.iscoroutine(coro):
            raise ValueError("a coroutine was expected, got {!r}".format(coro))
    
        if events._get_running_loop() is not None:
            # fail fast with short traceback
>           raise RuntimeError(
                "Runner.run() cannot be called from a running event loop")
E           RuntimeError: Runner.run() cannot be called from a running event loop

/Users/aiengineer/.local/share/uv/python/cpython-3.12.13-macos-x86_64-none/lib/python3.12/asyncio/runners.py:93: RuntimeError
____ test_find_job_centers_whitespace_only_location_raises_invalid_request _____

item = <Coroutine test_find_job_centers_whitespace_only_location_raises_invalid_request>

    @pytest.hookimpl(wrapper=True, tryfirst=True)
    def pytest_runtest_call(item: Any) -> Generator[None, Any, None]:
        if _soft_scope is None:
            yield
            return
        hard_failure: Optional[BaseException] = None
        with _soft_scope() as errors:
            try:
                yield
            except BaseException as exc:
                hard_failure = exc
        if not errors:
            if hard_failure is not None:
>               raise hard_failure

../factory-story-680/.runtime/test-venvs/career-intelligence-mcp/lib/python3.12/site-packages/pytest_playwright/pytest_playwright.py:113: 
_ _ _ _ _ _ _ _ _ _ _ _ _ _ _ _ _ _ _ _ _ _ _ _ _ _ _ _ _ _ _ _ _ _ _ _ _ _ _ _ 
../factory-story-680/.runtime/test-venvs/career-intelligence-mcp/lib/python3.12/site-packages/pytest_playwright/pytest_playwright.py:108: in pytest_runtest_call
    yield
../factory-story-680/.runtime/test-venvs/career-intelligence-mcp/lib/python3.12/site-packages/pytest_asyncio/plugin.py:569: in runtest
    super().runtest()
../factory-story-680/.runtime/test-venvs/career-intelligence-mcp/lib/python3.12/site-packages/pytest_asyncio/plugin.py:905: in inner
    runner.run(coro, context=context)
_ _ _ _ _ _ _ _ _ _ _ _ _ _ _ _ _ _ _ _ _ _ _ _ _ _ _ _ _ _ _ _ _ _ _ _ _ _ _ _ 

self = <asyncio.runners.Runner object at 0x10b77fdd0>
coro = <coroutine object test_find_job_centers_whitespace_only_location_raises_invalid_request at 0x10b784e10>
context = <_contextvars.Context object at 0x10a431740>

    def run(self, coro, *, context=None):
        """Run a coroutine inside the embedded event loop."""
        if not coroutines.iscoroutine(coro):
            raise ValueError("a coroutine was expected, got {!r}".format(coro))
    
        if events._get_running_loop() is not None:
            # fail fast with short traceback
>           raise RuntimeError(
                "Runner.run() cannot be called from a running event loop")
E           RuntimeError: Runner.run() cannot be called from a running event loop

/Users/aiengineer/.local/share/uv/python/cpython-3.12.13-macos-x86_64-none/lib/python3.12/asyncio/runners.py:93: RuntimeError
________ test_find_job_centers_success_normalizes_and_attaches_citation ________

item = <Coroutine test_find_job_centers_success_normalizes_and_attaches_citation>

    @pytest.hookimpl(wrapper=True, tryfirst=True)
    def pytest_runtest_call(item: Any) -> Generator[None, Any, None]:
        if _soft_scope is None:
            yield
            return
        hard_failure: Optional[BaseException] = None
        with _soft_scope() as errors:
            try:
                yield
            except BaseException as exc:
                hard_failure = exc
        if not errors:
            if hard_failure is not None:
>               raise hard_failure

../factory-story-680/.runtime/test-venvs/career-intelligence-mcp/lib/python3.12/site-packages/pytest_playwright/pytest_playwright.py:113: 
_ _ _ _ _ _ _ _ _ _ _ _ _ _ _ _ _ _ _ _ _ _ _ _ _ _ _ _ _ _ _ _ _ _ _ _ _ _ _ _ 
../factory-story-680/.runtime/test-venvs/career-intelligence-mcp/lib/python3.12/site-packages/pytest_playwright/pytest_playwright.py:108: in pytest_runtest_call
    yield
../factory-story-680/.runtime/test-venvs/career-intelligence-mcp/lib/python3.12/site-packages/pytest_asyncio/plugin.py:569: in runtest
    super().runtest()
../factory-story-680/.runtime/test-venvs/career-intelligence-mcp/lib/python3.12/site-packages/pytest_asyncio/plugin.py:905: in inner
    runner.run(coro, context=context)
_ _ _ _ _ _ _ _ _ _ _ _ _ _ _ _ _ _ _ _ _ _ _ _ _ _ _ _ _ _ _ _ _ _ _ _ _ _ _ _ 

self = <asyncio.runners.Runner object at 0x10b77e0c0>
coro = <coroutine object test_find_job_centers_success_normalizes_and_attaches_citation at 0x10a4bdc60>
context = <_contextvars.Context object at 0x10bbcdb00>

    def run(self, coro, *, context=None):
        """Run a coroutine inside the embedded event loop."""
        if not coroutines.iscoroutine(coro):
            raise ValueError("a coroutine was expected, got {!r}".format(coro))
    
        if events._get_running_loop() is not None:
            # fail fast with short traceback
>           raise RuntimeError(
                "Runner.run() cannot be called from a running event loop")
E           RuntimeError: Runner.run() cannot be called from a running event loop

/Users/aiengineer/.local/share/uv/python/cpython-3.12.13-macos-x86_64-none/lib/python3.12/asyncio/runners.py:93: RuntimeError
__________ test_find_job_centers_zero_matches_still_carries_citation ___________

item = <Coroutine test_find_job_centers_zero_matches_still_carries_citation>

    @pytest.hookimpl(wrapper=True, tryfirst=True)
    def pytest_runtest_call(item: Any) -> Generator[None, Any, None]:
        if _soft_scope is None:
            yield
            return
        hard_failure: Optional[BaseException] = None
        with _soft_scope() as errors:
            try:
                yield
            except BaseException as exc:
                hard_failure = exc
        if not errors:
            if hard_failure is not None:
>               raise hard_failure

../factory-story-680/.runtime/test-venvs/career-intelligence-mcp/lib/python3.12/site-packages/pytest_playwright/pytest_playwright.py:113: 
_ _ _ _ _ _ _ _ _ _ _ _ _ _ _ _ _ _ _ _ _ _ _ _ _ _ _ _ _ _ _ _ _ _ _ _ _ _ _ _ 
../factory-story-680/.runtime/test-venvs/career-intelligence-mcp/lib/python3.12/site-packages/pytest_playwright/pytest_playwright.py:108: in pytest_runtest_call
    yield
../factory-story-680/.runtime/test-venvs/career-intelligence-mcp/lib/python3.12/site-packages/pytest_asyncio/plugin.py:569: in runtest
    super().runtest()
../factory-story-680/.runtime/test-venvs/career-intelligence-mcp/lib/python3.12/site-packages/pytest_asyncio/plugin.py:905: in inner
    runner.run(coro, context=context)
_ _ _ _ _ _ _ _ _ _ _ _ _ _ _ _ _ _ _ _ _ _ _ _ _ _ _ _ _ _ _ _ _ _ _ _ _ _ _ _ 

self = <asyncio.runners.Runner object at 0x10b77d730>
coro = <coroutine object test_find_job_centers_zero_matches_still_carries_citation at 0x10a283df0>
context = <_contextvars.Context object at 0x10b97a940>

    def run(self, coro, *, context=None):
        """Run a coroutine inside the embedded event loop."""
        if not coroutines.iscoroutine(coro):
            raise ValueError("a coroutine was expected, got {!r}".format(coro))
    
        if events._get_running_loop() is not None:
            # fail fast with short traceback
>           raise RuntimeError(
                "Runner.run() cannot be called from a running event loop")
E           RuntimeError: Runner.run() cannot be called from a running event loop

/Users/aiengineer/.local/share/uv/python/cpython-3.12.13-macos-x86_64-none/lib/python3.12/asyncio/runners.py:93: RuntimeError
_______ test_find_job_centers_upstream_failure_propagates_not_swallowed ________

item = <Coroutine test_find_job_centers_upstream_failure_propagates_not_swallowed>

    @pytest.hookimpl(wrapper=True, tryfirst=True)
    def pytest_runtest_call(item: Any) -> Generator[None, Any, None]:
        if _soft_scope is None:
            yield
            return
        hard_failure: Optional[BaseException] = None
        with _soft_scope() as errors:
            try:
                yield
            except BaseException as exc:
                hard_failure = exc
        if not errors:
            if hard_failure is not None:
>               raise hard_failure

../factory-story-680/.runtime/test-venvs/career-intelligence-mcp/lib/python3.12/site-packages/pytest_playwright/pytest_playwright.py:113: 
_ _ _ _ _ _ _ _ _ _ _ _ _ _ _ _ _ _ _ _ _ _ _ _ _ _ _ _ _ _ _ _ _ _ _ _ _ _ _ _ 
../factory-story-680/.runtime/test-venvs/career-intelligence-mcp/lib/python3.12/site-packages/pytest_playwright/pytest_playwright.py:108: in pytest_runtest_call
    yield
../factory-story-680/.runtime/test-venvs/career-intelligence-mcp/lib/python3.12/site-packages/pytest_asyncio/plugin.py:569: in runtest
    super().runtest()
../factory-story-680/.runtime/test-venvs/career-intelligence-mcp/lib/python3.12/site-packages/pytest_asyncio/plugin.py:905: in inner
    runner.run(coro, context=context)
_ _ _ _ _ _ _ _ _ _ _ _ _ _ _ _ _ _ _ _ _ _ _ _ _ _ _ _ _ _ _ _ _ _ _ _ _ _ _ _ 

self = <asyncio.runners.Runner object at 0x10b77d040>
coro = <coroutine object test_find_job_centers_upstream_failure_propagates_not_swallowed at 0x10a434c70>
context = <_contextvars.Context object at 0x10b64c080>

    def run(self, coro, *, context=None):
        """Run a coroutine inside the embedded event loop."""
        if not coroutines.iscoroutine(coro):
            raise ValueError("a coroutine was expected, got {!r}".format(coro))
    
        if events._get_running_loop() is not None:
            # fail fast with short traceback
>           raise RuntimeError(
                "Runner.run() cannot be called from a running event loop")
E           RuntimeError: Runner.run() cannot be called from a running event loop

/Users/aiengineer/.local/share/uv/python/cpython-3.12.13-macos-x86_64-none/lib/python3.12/asyncio/runners.py:93: RuntimeError
_____________ test_find_job_centers_missing_credentials_propagates _____________

item = <Coroutine test_find_job_centers_missing_credentials_propagates>

    @pytest.hookimpl(wrapper=True, tryfirst=True)
    def pytest_runtest_call(item: Any) -> Generator[None, Any, None]:
        if _soft_scope is None:
            yield
            return
        hard_failure: Optional[BaseException] = None
        with _soft_scope() as errors:
            try:
                yield
            except BaseException as exc:
                hard_failure = exc
        if not errors:
            if hard_failure is not None:
>               raise hard_failure

../factory-story-680/.runtime/test-venvs/career-intelligence-mcp/lib/python3.12/site-packages/pytest_playwright/pytest_playwright.py:113: 
_ _ _ _ _ _ _ _ _ _ _ _ _ _ _ _ _ _ _ _ _ _ _ _ _ _ _ _ _ _ _ _ _ _ _ _ _ _ _ _ 
../factory-story-680/.runtime/test-venvs/career-intelligence-mcp/lib/python3.12/site-packages/pytest_playwright/pytest_playwright.py:108: in pytest_runtest_call
    yield
../factory-story-680/.runtime/test-venvs/career-intelligence-mcp/lib/python3.12/site-packages/pytest_asyncio/plugin.py:569: in runtest
    super().runtest()
../factory-story-680/.runtime/test-venvs/career-intelligence-mcp/lib/python3.12/site-packages/pytest_asyncio/plugin.py:905: in inner
    runner.run(coro, context=context)
_ _ _ _ _ _ _ _ _ _ _ _ _ _ _ _ _ _ _ _ _ _ _ _ _ _ _ _ _ _ _ _ _ _ _ _ _ _ _ _ 

self = <asyncio.runners.Runner object at 0x10b781e80>
coro = <coroutine object test_find_job_centers_missing_credentials_propagates at 0x10b6919a0>
context = <_contextvars.Context object at 0x10abedcc0>

    def run(self, coro, *, context=None):
        """Run a coroutine inside the embedded event loop."""
        if not coroutines.iscoroutine(coro):
            raise ValueError("a coroutine was expected, got {!r}".format(coro))
    
        if events._get_running_loop() is not None:
            # fail fast with short traceback
>           raise RuntimeError(
                "Runner.run() cannot be called from a running event loop")
E           RuntimeError: Runner.run() cannot be called from a running event loop

/Users/aiengineer/.local/share/uv/python/cpython-3.12.13-macos-x86_64-none/lib/python3.12/asyncio/runners.py:93: RuntimeError
_____________ test_send_message_no_tool_use_returns_text_directly ______________

item = <Coroutine test_send_message_no_tool_use_returns_text_directly>

    @pytest.hookimpl(wrapper=True, tryfirst=True)
    def pytest_runtest_call(item: Any) -> Generator[None, Any, None]:
        if _soft_scope is None:
            yield
            return
        hard_failure: Optional[BaseException] = None
        with _soft_scope() as errors:
            try:
                yield
            except BaseException as exc:
                hard_failure = exc
        if not errors:
            if hard_failure is not None:
>               raise hard_failure

../factory-story-680/.runtime/test-venvs/career-intelligence-mcp/lib/python3.12/site-packages/pytest_playwright/pytest_playwright.py:113: 
_ _ _ _ _ _ _ _ _ _ _ _ _ _ _ _ _ _ _ _ _ _ _ _ _ _ _ _ _ _ _ _ _ _ _ _ _ _ _ _ 
../factory-story-680/.runtime/test-venvs/career-intelligence-mcp/lib/python3.12/site-packages/pytest_playwright/pytest_playwright.py:108: in pytest_runtest_call
    yield
../factory-story-680/.runtime/test-venvs/career-intelligence-mcp/lib/python3.12/site-packages/pytest_asyncio/plugin.py:569: in runtest
    super().runtest()
../factory-story-680/.runtime/test-venvs/career-intelligence-mcp/lib/python3.12/site-packages/pytest_asyncio/plugin.py:905: in inner
    runner.run(coro, context=context)
_ _ _ _ _ _ _ _ _ _ _ _ _ _ _ _ _ _ _ _ _ _ _ _ _ _ _ _ _ _ _ _ _ _ _ _ _ _ _ _ 

self = <asyncio.runners.Runner object at 0x10b782a80>
coro = <coroutine object test_send_message_no_tool_use_returns_text_directly at 0x10a2838b0>
context = <_contextvars.Context object at 0x10bbe1300>

    def run(self, coro, *, context=None):
        """Run a coroutine inside the embedded event loop."""
        if not coroutines.iscoroutine(coro):
            raise ValueError("a coroutine was expected, got {!r}".format(coro))
    
        if events._get_running_loop() is not None:
            # fail fast with short traceback
>           raise RuntimeError(
                "Runner.run() cannot be called from a running event loop")
E           RuntimeError: Runner.run() cannot be called from a running event loop

/Users/aiengineer/.local/share/uv/python/cpython-3.12.13-macos-x86_64-none/lib/python3.12/asyncio/runners.py:93: RuntimeError
_______________ test_send_message_rewrites_handback_menu_closing _______________

item = <Coroutine test_send_message_rewrites_handback_menu_closing>

    @pytest.hookimpl(wrapper=True, tryfirst=True)
    def pytest_runtest_call(item: Any) -> Generator[None, Any, None]:
        if _soft_scope is None:
            yield
            return
        hard_failure: Optional[BaseException] = None
        with _soft_scope() as errors:
            try:
                yield
            except BaseException as exc:
                hard_failure = exc
        if not errors:
            if hard_failure is not None:
>               raise hard_failure

../factory-story-680/.runtime/test-venvs/career-intelligence-mcp/lib/python3.12/site-packages/pytest_playwright/pytest_playwright.py:113: 
_ _ _ _ _ _ _ _ _ _ _ _ _ _ _ _ _ _ _ _ _ _ _ _ _ _ _ _ _ _ _ _ _ _ _ _ _ _ _ _ 
../factory-story-680/.runtime/test-venvs/career-intelligence-mcp/lib/python3.12/site-packages/pytest_playwright/pytest_playwright.py:108: in pytest_runtest_call
    yield
../factory-story-680/.runtime/test-venvs/career-intelligence-mcp/lib/python3.12/site-packages/pytest_asyncio/plugin.py:569: in runtest
    super().runtest()
../factory-story-680/.runtime/test-venvs/career-intelligence-mcp/lib/python3.12/site-packages/pytest_asyncio/plugin.py:905: in inner
    runner.run(coro, context=context)
_ _ _ _ _ _ _ _ _ _ _ _ _ _ _ _ _ _ _ _ _ _ _ _ _ _ _ _ _ _ _ _ _ _ _ _ _ _ _ _ 

self = <asyncio.runners.Runner object at 0x10b77cdd0>
coro = <coroutine object test_send_message_rewrites_handback_menu_closing at 0x10a222f60>
context = <_contextvars.Context object at 0x10ca23540>

    def run(self, coro, *, context=None):
        """Run a coroutine inside the embedded event loop."""
        if not coroutines.iscoroutine(coro):
            raise ValueError("a coroutine was expected, got {!r}".format(coro))
    
        if events._get_running_loop() is not None:
            # fail fast with short traceback
>           raise RuntimeError(
                "Runner.run() cannot be called from a running event loop")
E           RuntimeError: Runner.run() cannot be called from a running event loop

/Users/aiengineer/.local/share/uv/python/cpython-3.12.13-macos-x86_64-none/lib/python3.12/asyncio/runners.py:93: RuntimeError
___ test_send_message_keeps_session_history_consistent_with_rewritten_reply ____

item = <Coroutine test_send_message_keeps_session_history_consistent_with_rewritten_reply>

    @pytest.hookimpl(wrapper=True, tryfirst=True)
    def pytest_runtest_call(item: Any) -> Generator[None, Any, None]:
        if _soft_scope is None:
            yield
            return
        hard_failure: Optional[BaseException] = None
        with _soft_scope() as errors:
            try:
                yield
            except BaseException as exc:
                hard_failure = exc
        if not errors:
            if hard_failure is not None:
>               raise hard_failure

../factory-story-680/.runtime/test-venvs/career-intelligence-mcp/lib/python3.12/site-packages/pytest_playwright/pytest_playwright.py:113: 
_ _ _ _ _ _ _ _ _ _ _ _ _ _ _ _ _ _ _ _ _ _ _ _ _ _ _ _ _ _ _ _ _ _ _ _ _ _ _ _ 
../factory-story-680/.runtime/test-venvs/career-intelligence-mcp/lib/python3.12/site-packages/pytest_playwright/pytest_playwright.py:108: in pytest_runtest_call
    yield
../factory-story-680/.runtime/test-venvs/career-intelligence-mcp/lib/python3.12/site-packages/pytest_asyncio/plugin.py:569: in runtest
    super().runtest()
../factory-story-680/.runtime/test-venvs/career-intelligence-mcp/lib/python3.12/site-packages/pytest_asyncio/plugin.py:905: in inner
    runner.run(coro, context=context)
_ _ _ _ _ _ _ _ _ _ _ _ _ _ _ _ _ _ _ _ _ _ _ _ _ _ _ _ _ _ _ _ _ _ _ _ _ _ _ _ 

self = <asyncio.runners.Runner object at 0x10b781910>
coro = <coroutine object test_send_message_keeps_session_history_consistent_with_rewritten_reply at 0x10a3d6840>
context = <_contextvars.Context object at 0x10ba07780>

    def run(self, coro, *, context=None):
        """Run a coroutine inside the embedded event loop."""
        if not coroutines.iscoroutine(coro):
            raise ValueError("a coroutine was expected, got {!r}".format(coro))
    
        if events._get_running_loop() is not None:
            # fail fast with short traceback
>           raise RuntimeError(
                "Runner.run() cannot be called from a running event loop")
E           RuntimeError: Runner.run() cannot be called from a running event loop

/Users/aiengineer/.local/share/uv/python/cpython-3.12.13-macos-x86_64-none/lib/python3.12/asyncio/runners.py:93: RuntimeError
________________ test_send_message_does_not_touch_a_clean_reply ________________

item = <Coroutine test_send_message_does_not_touch_a_clean_reply>

    @pytest.hookimpl(wrapper=True, tryfirst=True)
    def pytest_runtest_call(item: Any) -> Generator[None, Any, None]:
        if _soft_scope is None:
            yield
            return
        hard_failure: Optional[BaseException] = None
        with _soft_scope() as errors:
            try:
                yield
            except BaseException as exc:
                hard_failure = exc
        if not errors:
            if hard_failure is not None:
>               raise hard_failure

../factory-story-680/.runtime/test-venvs/career-intelligence-mcp/lib/python3.12/site-packages/pytest_playwright/pytest_playwright.py:113: 
_ _ _ _ _ _ _ _ _ _ _ _ _ _ _ _ _ _ _ _ _ _ _ _ _ _ _ _ _ _ _ _ _ _ _ _ _ _ _ _ 
../factory-story-680/.runtime/test-venvs/career-intelligence-mcp/lib/python3.12/site-packages/pytest_playwright/pytest_playwright.py:108: in pytest_runtest_call
    yield
../factory-story-680/.runtime/test-venvs/career-intelligence-mcp/lib/python3.12/site-packages/pytest_asyncio/plugin.py:569: in runtest
    super().runtest()
../factory-story-680/.runtime/test-venvs/career-intelligence-mcp/lib/python3.12/site-packages/pytest_asyncio/plugin.py:905: in inner
    runner.run(coro, context=context)
_ _ _ _ _ _ _ _ _ _ _ _ _ _ _ _ _ _ _ _ _ _ _ _ _ _ _ _ _ _ _ _ _ _ _ _ _ _ _ _ 

self = <asyncio.runners.Runner object at 0x10b781640>
coro = <coroutine object test_send_message_does_not_touch_a_clean_reply at 0x10a3d5940>
context = <_contextvars.Context object at 0x10a431740>

    def run(self, coro, *, context=None):
        """Run a coroutine inside the embedded event loop."""
        if not coroutines.iscoroutine(coro):
            raise ValueError("a coroutine was expected, got {!r}".format(coro))
    
        if events._get_running_loop() is not None:
            # fail fast with short traceback
>           raise RuntimeError(
                "Runner.run() cannot be called from a running event loop")
E           RuntimeError: Runner.run() cannot be called from a running event loop

/Users/aiengineer/.local/share/uv/python/cpython-3.12.13-macos-x86_64-none/lib/python3.12/asyncio/runners.py:93: RuntimeError
____________ test_send_message_executes_tool_and_returns_final_text ____________

item = <Coroutine test_send_message_executes_tool_and_returns_final_text>

    @pytest.hookimpl(wrapper=True, tryfirst=True)
    def pytest_runtest_call(item: Any) -> Generator[None, Any, None]:
        if _soft_scope is None:
            yield
            return
        hard_failure: Optional[BaseException] = None
        with _soft_scope() as errors:
            try:
                yield
            except BaseException as exc:
                hard_failure = exc
        if not errors:
            if hard_failure is not None:
>               raise hard_failure

../factory-story-680/.runtime/test-venvs/career-intelligence-mcp/lib/python3.12/site-packages/pytest_playwright/pytest_playwright.py:113: 
_ _ _ _ _ _ _ _ _ _ _ _ _ _ _ _ _ _ _ _ _ _ _ _ _ _ _ _ _ _ _ _ _ _ _ _ _ _ _ _ 
../factory-story-680/.runtime/test-venvs/career-intelligence-mcp/lib/python3.12/site-packages/pytest_playwright/pytest_playwright.py:108: in pytest_runtest_call
    yield
../factory-story-680/.runtime/test-venvs/career-intelligence-mcp/lib/python3.12/site-packages/pytest_asyncio/plugin.py:569: in runtest
    super().runtest()
../factory-story-680/.runtime/test-venvs/career-intelligence-mcp/lib/python3.12/site-packages/pytest_asyncio/plugin.py:905: in inner
    runner.run(coro, context=context)
_ _ _ _ _ _ _ _ _ _ _ _ _ _ _ _ _ _ _ _ _ _ _ _ _ _ _ _ _ _ _ _ _ _ _ _ _ _ _ _ 

self = <asyncio.runners.Runner object at 0x10b782ae0>
coro = <coroutine object test_send_message_executes_tool_and_returns_final_text at 0x10a4a8ea0>
context = <_contextvars.Context object at 0x10b797900>

    def run(self, coro, *, context=None):
        """Run a coroutine inside the embedded event loop."""
        if not coroutines.iscoroutine(coro):
            raise ValueError("a coroutine was expected, got {!r}".format(coro))
    
        if events._get_running_loop() is not None:
            # fail fast with short traceback
>           raise RuntimeError(
                "Runner.run() cannot be called from a running event loop")
E           RuntimeError: Runner.run() cannot be called from a running event loop

/Users/aiengineer/.local/share/uv/python/cpython-3.12.13-macos-x86_64-none/lib/python3.12/asyncio/runners.py:93: RuntimeError
______ test_send_message_populates_followups_from_successful_tool_result _______

item = <Coroutine test_send_message_populates_followups_from_successful_tool_result>

    @pytest.hookimpl(wrapper=True, tryfirst=True)
    def pytest_runtest_call(item: Any) -> Generator[None, Any, None]:
        if _soft_scope is None:
            yield
            return
        hard_failure: Optional[BaseException] = None
        with _soft_scope() as errors:
            try:
                yield
            except BaseException as exc:
                hard_failure = exc
        if not errors:
            if hard_failure is not None:
>               raise hard_failure

../factory-story-680/.runtime/test-venvs/career-intelligence-mcp/lib/python3.12/site-packages/pytest_playwright/pytest_playwright.py:113: 
_ _ _ _ _ _ _ _ _ _ _ _ _ _ _ _ _ _ _ _ _ _ _ _ _ _ _ _ _ _ _ _ _ _ _ _ _ _ _ _ 
../factory-story-680/.runtime/test-venvs/career-intelligence-mcp/lib/python3.12/site-packages/pytest_playwright/pytest_playwright.py:108: in pytest_runtest_call
    yield
../factory-story-680/.runtime/test-venvs/career-intelligence-mcp/lib/python3.12/site-packages/pytest_asyncio/plugin.py:569: in runtest
    super().runtest()
../factory-story-680/.runtime/test-venvs/career-intelligence-mcp/lib/python3.12/site-packages/pytest_asyncio/plugin.py:905: in inner
    runner.run(coro, context=context)
_ _ _ _ _ _ _ _ _ _ _ _ _ _ _ _ _ _ _ _ _ _ _ _ _ _ _ _ _ _ _ _ _ _ _ _ _ _ _ _ 

self = <asyncio.runners.Runner object at 0x10b699880>
coro = <coroutine object test_send_message_populates_followups_from_successful_tool_result at 0x10a2be050>
context = <_contextvars.Context object at 0x10b7946c0>

    def run(self, coro, *, context=None):
        """Run a coroutine inside the embedded event loop."""
        if not coroutines.iscoroutine(coro):
            raise ValueError("a coroutine was expected, got {!r}".format(coro))
    
        if events._get_running_loop() is not None:
            # fail fast with short traceback
>           raise RuntimeError(
                "Runner.run() cannot be called from a running event loop")
E           RuntimeError: Runner.run() cannot be called from a running event loop

/Users/aiengineer/.local/share/uv/python/cpython-3.12.13-macos-x86_64-none/lib/python3.12/asyncio/runners.py:93: RuntimeError
_____ test_send_message_accumulates_followups_across_multiple_tool_rounds ______

item = <Coroutine test_send_message_accumulates_followups_across_multiple_tool_rounds>

    @pytest.hookimpl(wrapper=True, tryfirst=True)
    def pytest_runtest_call(item: Any) -> Generator[None, Any, None]:
        if _soft_scope is None:
            yield
            return
        hard_failure: Optional[BaseException] = None
        with _soft_scope() as errors:
            try:
                yield
            except BaseException as exc:
                hard_failure = exc
        if not errors:
            if hard_failure is not None:
>               raise hard_failure

../factory-story-680/.runtime/test-venvs/career-intelligence-mcp/lib/python3.12/site-packages/pytest_playwright/pytest_playwright.py:113: 
_ _ _ _ _ _ _ _ _ _ _ _ _ _ _ _ _ _ _ _ _ _ _ _ _ _ _ _ _ _ _ _ _ _ _ _ _ _ _ _ 
../factory-story-680/.runtime/test-venvs/career-intelligence-mcp/lib/python3.12/site-packages/pytest_playwright/pytest_playwright.py:108: in pytest_runtest_call
    yield
../factory-story-680/.runtime/test-venvs/career-intelligence-mcp/lib/python3.12/site-packages/pytest_asyncio/plugin.py:569: in runtest
    super().runtest()
../factory-story-680/.runtime/test-venvs/career-intelligence-mcp/lib/python3.12/site-packages/pytest_asyncio/plugin.py:905: in inner
    runner.run(coro, context=context)
_ _ _ _ _ _ _ _ _ _ _ _ _ _ _ _ _ _ _ _ _ _ _ _ _ _ _ _ _ _ _ _ _ _ _ _ _ _ _ _ 

self = <asyncio.runners.Runner object at 0x10b6b7dd0>
coro = <coroutine object test_send_message_accumulates_followups_across_multiple_tool_rounds at 0x10a4a9180>
context = <_contextvars.Context object at 0x10b76fdc0>

    def run(self, coro, *, context=None):
        """Run a coroutine inside the embedded event loop."""
        if not coroutines.iscoroutine(coro):
            raise ValueError("a coroutine was expected, got {!r}".format(coro))
    
        if events._get_running_loop() is not None:
            # fail fast with short traceback
>           raise RuntimeError(
                "Runner.run() cannot be called from a running event loop")
E           RuntimeError: Runner.run() cannot be called from a running event loop

/Users/aiengineer/.local/share/uv/python/cpython-3.12.13-macos-x86_64-none/lib/python3.12/asyncio/runners.py:93: RuntimeError
_____________ test_send_message_followups_none_when_no_tool_called _____________

item = <Coroutine test_send_message_followups_none_when_no_tool_called>

    @pytest.hookimpl(wrapper=True, tryfirst=True)
    def pytest_runtest_call(item: Any) -> Generator[None, Any, None]:
        if _soft_scope is None:
            yield
            return
        hard_failure: Optional[BaseException] = None
        with _soft_scope() as errors:
            try:
                yield
            except BaseException as exc:
                hard_failure = exc
        if not errors:
            if hard_failure is not None:
>               raise hard_failure

../factory-story-680/.runtime/test-venvs/career-intelligence-mcp/lib/python3.12/site-packages/pytest_playwright/pytest_playwright.py:113: 
_ _ _ _ _ _ _ _ _ _ _ _ _ _ _ _ _ _ _ _ _ _ _ _ _ _ _ _ _ _ _ _ _ _ _ _ _ _ _ _ 
../factory-story-680/.runtime/test-venvs/career-intelligence-mcp/lib/python3.12/site-packages/pytest_playwright/pytest_playwright.py:108: in pytest_runtest_call
    yield
../factory-story-680/.runtime/test-venvs/career-intelligence-mcp/lib/python3.12/site-packages/pytest_asyncio/plugin.py:569: in runtest
    super().runtest()
../factory-story-680/.runtime/test-venvs/career-intelligence-mcp/lib/python3.12/site-packages/pytest_asyncio/plugin.py:905: in inner
    runner.run(coro, context=context)
_ _ _ _ _ _ _ _ _ _ _ _ _ _ _ _ _ _ _ _ _ _ _ _ _ _ _ _ _ _ _ _ _ _ _ _ _ _ _ _ 

self = <asyncio.runners.Runner object at 0x10b663710>
coro = <coroutine object test_send_message_followups_none_when_no_tool_called at 0x10a512f80>
context = <_contextvars.Context object at 0x10ca69600>

    def run(self, coro, *, context=None):
        """Run a coroutine inside the embedded event loop."""
        if not coroutines.iscoroutine(coro):
            raise ValueError("a coroutine was expected, got {!r}".format(coro))
    
        if events._get_running_loop() is not None:
            # fail fast with short traceback
>           raise RuntimeError(
                "Runner.run() cannot be called from a running event loop")
E           RuntimeError: Runner.run() cannot be called from a running event loop

/Users/aiengineer/.local/share/uv/python/cpython-3.12.13-macos-x86_64-none/lib/python3.12/asyncio/runners.py:93: RuntimeError
_______ test_send_message_surfaces_candidates_from_ambiguous_occupation ________

item = <Coroutine test_send_message_surfaces_candidates_from_ambiguous_occupation>

    @pytest.hookimpl(wrapper=True, tryfirst=True)
    def pytest_runtest_call(item: Any) -> Generator[None, Any, None]:
        if _soft_scope is None:
            yield
            return
        hard_failure: Optional[BaseException] = None
        with _soft_scope() as errors:
            try:
                yield
            except BaseException as exc:
                hard_failure = exc
        if not errors:
            if hard_failure is not None:
>               raise hard_failure

../factory-story-680/.runtime/test-venvs/career-intelligence-mcp/lib/python3.12/site-packages/pytest_playwright/pytest_playwright.py:113: 
_ _ _ _ _ _ _ _ _ _ _ _ _ _ _ _ _ _ _ _ _ _ _ _ _ _ _ _ _ _ _ _ _ _ _ _ _ _ _ _ 
../factory-story-680/.runtime/test-venvs/career-intelligence-mcp/lib/python3.12/site-packages/pytest_playwright/pytest_playwright.py:108: in pytest_runtest_call
    yield
../factory-story-680/.runtime/test-venvs/career-intelligence-mcp/lib/python3.12/site-packages/pytest_asyncio/plugin.py:569: in runtest
    super().runtest()
../factory-story-680/.runtime/test-venvs/career-intelligence-mcp/lib/python3.12/site-packages/pytest_asyncio/plugin.py:905: in inner
    runner.run(coro, context=context)
_ _ _ _ _ _ _ _ _ _ _ _ _ _ _ _ _ _ _ _ _ _ _ _ _ _ _ _ _ _ _ _ _ _ _ _ _ _ _ _ 

self = <asyncio.runners.Runner object at 0x10b64a480>
coro = <coroutine object test_send_message_surfaces_candidates_from_ambiguous_occupation at 0x10a4c7740>
context = <_contextvars.Context object at 0x10bbe4800>

    def run(self, coro, *, context=None):
        """Run a coroutine inside the embedded event loop."""
        if not coroutines.iscoroutine(coro):
            raise ValueError("a coroutine was expected, got {!r}".format(coro))
    
        if events._get_running_loop() is not None:
            # fail fast with short traceback
>           raise RuntimeError(
                "Runner.run() cannot be called from a running event loop")
E           RuntimeError: Runner.run() cannot be called from a running event loop

/Users/aiengineer/.local/share/uv/python/cpython-3.12.13-macos-x86_64-none/lib/python3.12/asyncio/runners.py:93: RuntimeError
_____________ test_send_message_candidates_none_for_ordinary_reply _____________

item = <Coroutine test_send_message_candidates_none_for_ordinary_reply>

    @pytest.hookimpl(wrapper=True, tryfirst=True)
    def pytest_runtest_call(item: Any) -> Generator[None, Any, None]:
        if _soft_scope is None:
            yield
            return
        hard_failure: Optional[BaseException] = None
        with _soft_scope() as errors:
            try:
                yield
            except BaseException as exc:
                hard_failure = exc
        if not errors:
            if hard_failure is not None:
>               raise hard_failure

../factory-story-680/.runtime/test-venvs/career-intelligence-mcp/lib/python3.12/site-packages/pytest_playwright/pytest_playwright.py:113: 
_ _ _ _ _ _ _ _ _ _ _ _ _ _ _ _ _ _ _ _ _ _ _ _ _ _ _ _ _ _ _ _ _ _ _ _ _ _ _ _ 
../factory-story-680/.runtime/test-venvs/career-intelligence-mcp/lib/python3.12/site-packages/pytest_playwright/pytest_playwright.py:108: in pytest_runtest_call
    yield
../factory-story-680/.runtime/test-venvs/career-intelligence-mcp/lib/python3.12/site-packages/pytest_asyncio/plugin.py:569: in runtest
    super().runtest()
../factory-story-680/.runtime/test-venvs/career-intelligence-mcp/lib/python3.12/site-packages/pytest_asyncio/plugin.py:905: in inner
    runner.run(coro, context=context)
_ _ _ _ _ _ _ _ _ _ _ _ _ _ _ _ _ _ _ _ _ _ _ _ _ _ _ _ _ _ _ _ _ _ _ _ _ _ _ _ 

self = <asyncio.runners.Runner object at 0x10b6600b0>
coro = <coroutine object test_send_message_candidates_none_for_ordinary_reply at 0x10a512f80>
context = <_contextvars.Context object at 0x10ca685c0>

    def run(self, coro, *, context=None):
        """Run a coroutine inside the embedded event loop."""
        if not coroutines.iscoroutine(coro):
            raise ValueError("a coroutine was expected, got {!r}".format(coro))
    
        if events._get_running_loop() is not None:
            # fail fast with short traceback
>           raise RuntimeError(
                "Runner.run() cannot be called from a running event loop")
E           RuntimeError: Runner.run() cannot be called from a running event loop

/Users/aiengineer/.local/share/uv/python/cpython-3.12.13-macos-x86_64-none/lib/python3.12/asyncio/runners.py:93: RuntimeError
_______________ test_send_message_raises_when_turn_limit_reached _______________

item = <Coroutine test_send_message_raises_when_turn_limit_reached>

    @pytest.hookimpl(wrapper=True, tryfirst=True)
    def pytest_runtest_call(item: Any) -> Generator[None, Any, None]:
        if _soft_scope is None:
            yield
            return
        hard_failure: Optional[BaseException] = None
        with _soft_scope() as errors:
            try:
                yield
            except BaseException as exc:
                hard_failure = exc
        if not errors:
            if hard_failure is not None:
>               raise hard_failure

../factory-story-680/.runtime/test-venvs/career-intelligence-mcp/lib/python3.12/site-packages/pytest_playwright/pytest_playwright.py:113: 
_ _ _ _ _ _ _ _ _ _ _ _ _ _ _ _ _ _ _ _ _ _ _ _ _ _ _ _ _ _ _ _ _ _ _ _ _ _ _ _ 
../factory-story-680/.runtime/test-venvs/career-intelligence-mcp/lib/python3.12/site-packages/pytest_playwright/pytest_playwright.py:108: in pytest_runtest_call
    yield
../factory-story-680/.runtime/test-venvs/career-intelligence-mcp/lib/python3.12/site-packages/pytest_asyncio/plugin.py:569: in runtest
    super().runtest()
../factory-story-680/.runtime/test-venvs/career-intelligence-mcp/lib/python3.12/site-packages/pytest_asyncio/plugin.py:905: in inner
    runner.run(coro, context=context)
_ _ _ _ _ _ _ _ _ _ _ _ _ _ _ _ _ _ _ _ _ _ _ _ _ _ _ _ _ _ _ _ _ _ _ _ _ _ _ _ 

self = <asyncio.runners.Runner object at 0x10b69b3e0>
coro = <coroutine object test_send_message_raises_when_turn_limit_reached at 0x10b5f4200>
context = <_contextvars.Context object at 0x10b76c680>

    def run(self, coro, *, context=None):
        """Run a coroutine inside the embedded event loop."""
        if not coroutines.iscoroutine(coro):
            raise ValueError("a coroutine was expected, got {!r}".format(coro))
    
        if events._get_running_loop() is not None:
            # fail fast with short traceback
>           raise RuntimeError(
                "Runner.run() cannot be called from a running event loop")
E           RuntimeError: Runner.run() cannot be called from a running event loop

/Users/aiengineer/.local/share/uv/python/cpython-3.12.13-macos-x86_64-none/lib/python3.12/asyncio/runners.py:93: RuntimeError
________________ test_send_message_stops_after_max_tool_rounds _________________

item = <Coroutine test_send_message_stops_after_max_tool_rounds>

    @pytest.hookimpl(wrapper=True, tryfirst=True)
    def pytest_runtest_call(item: Any) -> Generator[None, Any, None]:
        if _soft_scope is None:
            yield
            return
        hard_failure: Optional[BaseException] = None
        with _soft_scope() as errors:
            try:
                yield
            except BaseException as exc:
                hard_failure = exc
        if not errors:
            if hard_failure is not None:
>               raise hard_failure

../factory-story-680/.runtime/test-venvs/career-intelligence-mcp/lib/python3.12/site-packages/pytest_playwright/pytest_playwright.py:113: 
_ _ _ _ _ _ _ _ _ _ _ _ _ _ _ _ _ _ _ _ _ _ _ _ _ _ _ _ _ _ _ _ _ _ _ _ _ _ _ _ 
../factory-story-680/.runtime/test-venvs/career-intelligence-mcp/lib/python3.12/site-packages/pytest_playwright/pytest_playwright.py:108: in pytest_runtest_call
    yield
../factory-story-680/.runtime/test-venvs/career-intelligence-mcp/lib/python3.12/site-packages/pytest_asyncio/plugin.py:569: in runtest
    super().runtest()
../factory-story-680/.runtime/test-venvs/career-intelligence-mcp/lib/python3.12/site-packages/pytest_asyncio/plugin.py:905: in inner
    runner.run(coro, context=context)
_ _ _ _ _ _ _ _ _ _ _ _ _ _ _ _ _ _ _ _ _ _ _ _ _ _ _ _ _ _ _ _ _ _ _ _ _ _ _ _ 

self = <asyncio.runners.Runner object at 0x10b780ef0>
coro = <coroutine object test_send_message_stops_after_max_tool_rounds at 0x10a42c740>
context = <_contextvars.Context object at 0x10ca2d240>

    def run(self, coro, *, context=None):
        """Run a coroutine inside the embedded event loop."""
        if not coroutines.iscoroutine(coro):
            raise ValueError("a coroutine was expected, got {!r}".format(coro))
    
        if events._get_running_loop() is not None:
            # fail fast with short traceback
>           raise RuntimeError(
                "Runner.run() cannot be called from a running event loop")
E           RuntimeError: Runner.run() cannot be called from a running event loop

/Users/aiengineer/.local/share/uv/python/cpython-3.12.13-macos-x86_64-none/lib/python3.12/asyncio/runners.py:93: RuntimeError
___________________ test_send_message_rolls_back_on_failure ____________________

item = <Coroutine test_send_message_rolls_back_on_failure>

    @pytest.hookimpl(wrapper=True, tryfirst=True)
    def pytest_runtest_call(item: Any) -> Generator[None, Any, None]:
        if _soft_scope is None:
            yield
            return
        hard_failure: Optional[BaseException] = None
        with _soft_scope() as errors:
            try:
                yield
            except BaseException as exc:
                hard_failure = exc
        if not errors:
            if hard_failure is not None:
>               raise hard_failure

../factory-story-680/.runtime/test-venvs/career-intelligence-mcp/lib/python3.12/site-packages/pytest_playwright/pytest_playwright.py:113: 
_ _ _ _ _ _ _ _ _ _ _ _ _ _ _ _ _ _ _ _ _ _ _ _ _ _ _ _ _ _ _ _ _ _ _ _ _ _ _ _ 
../factory-story-680/.runtime/test-venvs/career-intelligence-mcp/lib/python3.12/site-packages/pytest_playwright/pytest_playwright.py:108: in pytest_runtest_call
    yield
../factory-story-680/.runtime/test-venvs/career-intelligence-mcp/lib/python3.12/site-packages/pytest_asyncio/plugin.py:569: in runtest
    super().runtest()
../factory-story-680/.runtime/test-venvs/career-intelligence-mcp/lib/python3.12/site-packages/pytest_asyncio/plugin.py:905: in inner
    runner.run(coro, context=context)
_ _ _ _ _ _ _ _ _ _ _ _ _ _ _ _ _ _ _ _ _ _ _ _ _ _ _ _ _ _ _ _ _ _ _ _ _ _ _ _ 

self = <asyncio.runners.Runner object at 0x10b781460>
coro = <coroutine object test_send_message_rolls_back_on_failure at 0x10a24ddf0>
context = <_contextvars.Context object at 0x10bc42bc0>

    def run(self, coro, *, context=None):
        """Run a coroutine inside the embedded event loop."""
        if not coroutines.iscoroutine(coro):
            raise ValueError("a coroutine was expected, got {!r}".format(coro))
    
        if events._get_running_loop() is not None:
            # fail fast with short traceback
>           raise RuntimeError(
                "Runner.run() cannot be called from a running event loop")
E           RuntimeError: Runner.run() cannot be called from a running event loop

/Users/aiengineer/.local/share/uv/python/cpython-3.12.13-macos-x86_64-none/lib/python3.12/asyncio/runners.py:93: RuntimeError
__________ test_send_message_serializes_concurrent_same_session_calls __________

item = <Coroutine test_send_message_serializes_concurrent_same_session_calls>

    @pytest.hookimpl(wrapper=True, tryfirst=True)
    def pytest_runtest_call(item: Any) -> Generator[None, Any, None]:
        if _soft_scope is None:
            yield
            return
        hard_failure: Optional[BaseException] = None
        with _soft_scope() as errors:
            try:
                yield
            except BaseException as exc:
                hard_failure = exc
        if not errors:
            if hard_failure is not None:
>               raise hard_failure

../factory-story-680/.runtime/test-venvs/career-intelligence-mcp/lib/python3.12/site-packages/pytest_playwright/pytest_playwright.py:113: 
_ _ _ _ _ _ _ _ _ _ _ _ _ _ _ _ _ _ _ _ _ _ _ _ _ _ _ _ _ _ _ _ _ _ _ _ _ _ _ _ 
../factory-story-680/.runtime/test-venvs/career-intelligence-mcp/lib/python3.12/site-packages/pytest_playwright/pytest_playwright.py:108: in pytest_runtest_call
    yield
../factory-story-680/.runtime/test-venvs/career-intelligence-mcp/lib/python3.12/site-packages/pytest_asyncio/plugin.py:569: in runtest
    super().runtest()
../factory-story-680/.runtime/test-venvs/career-intelligence-mcp/lib/python3.12/site-packages/pytest_asyncio/plugin.py:905: in inner
    runner.run(coro, context=context)
_ _ _ _ _ _ _ _ _ _ _ _ _ _ _ _ _ _ _ _ _ _ _ _ _ _ _ _ _ _ _ _ _ _ _ _ _ _ _ _ 

self = <asyncio.runners.Runner object at 0x10b781fd0>
coro = <coroutine object test_send_message_serializes_concurrent_same_session_calls at 0x10a2838b0>
context = <_contextvars.Context object at 0x10b7946c0>

    def run(self, coro, *, context=None):
        """Run a coroutine inside the embedded event loop."""
        if not coroutines.iscoroutine(coro):
            raise ValueError("a coroutine was expected, got {!r}".format(coro))
    
        if events._get_running_loop() is not None:
            # fail fast with short traceback
>           raise RuntimeError(
                "Runner.run() cannot be called from a running event loop")
E           RuntimeError: Runner.run() cannot be called from a running event loop

/Users/aiengineer/.local/share/uv/python/cpython-3.12.13-macos-x86_64-none/lib/python3.12/asyncio/runners.py:93: RuntimeError
______ test_execute_tool_attaches_full_plan_under_leading_underscore_key _______

item = <Coroutine test_execute_tool_attaches_full_plan_under_leading_underscore_key>

    @pytest.hookimpl(wrapper=True, tryfirst=True)
    def pytest_runtest_call(item: Any) -> Generator[None, Any, None]:
        if _soft_scope is None:
            yield
            return
        hard_failure: Optional[BaseException] = None
        with _soft_scope() as errors:
            try:
                yield
            except BaseException as exc:
                hard_failure = exc
        if not errors:
            if hard_failure is not None:
>               raise hard_failure

../factory-story-680/.runtime/test-venvs/career-intelligence-mcp/lib/python3.12/site-packages/pytest_playwright/pytest_playwright.py:113: 
_ _ _ _ _ _ _ _ _ _ _ _ _ _ _ _ _ _ _ _ _ _ _ _ _ _ _ _ _ _ _ _ _ _ _ _ _ _ _ _ 
../factory-story-680/.runtime/test-venvs/career-intelligence-mcp/lib/python3.12/site-packages/pytest_playwright/pytest_playwright.py:108: in pytest_runtest_call
    yield
../factory-story-680/.runtime/test-venvs/career-intelligence-mcp/lib/python3.12/site-packages/pytest_asyncio/plugin.py:569: in runtest
    super().runtest()
../factory-story-680/.runtime/test-venvs/career-intelligence-mcp/lib/python3.12/site-packages/pytest_asyncio/plugin.py:905: in inner
    runner.run(coro, context=context)
_ _ _ _ _ _ _ _ _ _ _ _ _ _ _ _ _ _ _ _ _ _ _ _ _ _ _ _ _ _ _ _ _ _ _ _ _ _ _ _ 

self = <asyncio.runners.Runner object at 0x10b6627e0>
coro = <coroutine object test_execute_tool_attaches_full_plan_under_leading_underscore_key at 0x10a283760>
context = <_contextvars.Context object at 0x10b98f180>

    def run(self, coro, *, context=None):
        """Run a coroutine inside the embedded event loop."""
        if not coroutines.iscoroutine(coro):
            raise ValueError("a coroutine was expected, got {!r}".format(coro))
    
        if events._get_running_loop() is not None:
            # fail fast with short traceback
>           raise RuntimeError(
                "Runner.run() cannot be called from a running event loop")
E           RuntimeError: Runner.run() cannot be called from a running event loop

/Users/aiengineer/.local/share/uv/python/cpython-3.12.13-macos-x86_64-none/lib/python3.12/asyncio/runners.py:93: RuntimeError
_____________ test_execute_tool_does_not_attach_full_plan_on_error _____________

item = <Coroutine test_execute_tool_does_not_attach_full_plan_on_error>

    @pytest.hookimpl(wrapper=True, tryfirst=True)
    def pytest_runtest_call(item: Any) -> Generator[None, Any, None]:
        if _soft_scope is None:
            yield
            return
        hard_failure: Optional[BaseException] = None
        with _soft_scope() as errors:
            try:
                yield
            except BaseException as exc:
                hard_failure = exc
        if not errors:
            if hard_failure is not None:
>               raise hard_failure

../factory-story-680/.runtime/test-venvs/career-intelligence-mcp/lib/python3.12/site-packages/pytest_playwright/pytest_playwright.py:113: 
_ _ _ _ _ _ _ _ _ _ _ _ _ _ _ _ _ _ _ _ _ _ _ _ _ _ _ _ _ _ _ _ _ _ _ _ _ _ _ _ 
../factory-story-680/.runtime/test-venvs/career-intelligence-mcp/lib/python3.12/site-packages/pytest_playwright/pytest_playwright.py:108: in pytest_runtest_call
    yield
../factory-story-680/.runtime/test-venvs/career-intelligence-mcp/lib/python3.12/site-packages/pytest_asyncio/plugin.py:569: in runtest
    super().runtest()
../factory-story-680/.runtime/test-venvs/career-intelligence-mcp/lib/python3.12/site-packages/pytest_asyncio/plugin.py:905: in inner
    runner.run(coro, context=context)
_ _ _ _ _ _ _ _ _ _ _ _ _ _ _ _ _ _ _ _ _ _ _ _ _ _ _ _ _ _ _ _ _ _ _ _ _ _ _ _ 

self = <asyncio.runners.Runner object at 0x10b77dcd0>
coro = <coroutine object test_execute_tool_does_not_attach_full_plan_on_error at 0x10a24fe00>
context = <_contextvars.Context object at 0x10ca685c0>

    def run(self, coro, *, context=None):
        """Run a coroutine inside the embedded event loop."""
        if not coroutines.iscoroutine(coro):
            raise ValueError("a coroutine was expected, got {!r}".format(coro))
    
        if events._get_running_loop() is not None:
            # fail fast with short traceback
>           raise RuntimeError(
                "Runner.run() cannot be called from a running event loop")
E           RuntimeError: Runner.run() cannot be called from a running event loop

/Users/aiengineer/.local/share/uv/python/cpython-3.12.13-macos-x86_64-none/lib/python3.12/asyncio/runners.py:93: RuntimeError
_ test_send_message_surfaces_full_plan_never_serialized_into_session_messages __

item = <Coroutine test_send_message_surfaces_full_plan_never_serialized_into_session_messages>

    @pytest.hookimpl(wrapper=True, tryfirst=True)
    def pytest_runtest_call(item: Any) -> Generator[None, Any, None]:
        if _soft_scope is None:
            yield
            return
        hard_failure: Optional[BaseException] = None
        with _soft_scope() as errors:
            try:
                yield
            except BaseException as exc:
                hard_failure = exc
        if not errors:
            if hard_failure is not None:
>               raise hard_failure

../factory-story-680/.runtime/test-venvs/career-intelligence-mcp/lib/python3.12/site-packages/pytest_playwright/pytest_playwright.py:113: 
_ _ _ _ _ _ _ _ _ _ _ _ _ _ _ _ _ _ _ _ _ _ _ _ _ _ _ _ _ _ _ _ _ _ _ _ _ _ _ _ 
../factory-story-680/.runtime/test-venvs/career-intelligence-mcp/lib/python3.12/site-packages/pytest_playwright/pytest_playwright.py:108: in pytest_runtest_call
    yield
../factory-story-680/.runtime/test-venvs/career-intelligence-mcp/lib/python3.12/site-packages/pytest_asyncio/plugin.py:569: in runtest
    super().runtest()
../factory-story-680/.runtime/test-venvs/career-intelligence-mcp/lib/python3.12/site-packages/pytest_asyncio/plugin.py:905: in inner
    runner.run(coro, context=context)
_ _ _ _ _ _ _ _ _ _ _ _ _ _ _ _ _ _ _ _ _ _ _ _ _ _ _ _ _ _ _ _ _ _ _ _ _ _ _ _ 

self = <asyncio.runners.Runner object at 0x10b768a10>
coro = <coroutine object test_send_message_surfaces_full_plan_never_serialized_into_session_messages at 0x10bcb0360>
context = <_contextvars.Context object at 0x10ca69600>

    def run(self, coro, *, context=None):
        """Run a coroutine inside the embedded event loop."""
        if not coroutines.iscoroutine(coro):
            raise ValueError("a coroutine was expected, got {!r}".format(coro))
    
        if events._get_running_loop() is not None:
            # fail fast with short traceback
>           raise RuntimeError(
                "Runner.run() cannot be called from a running event loop")
E           RuntimeError: Runner.run() cannot be called from a running event loop

/Users/aiengineer/.local/share/uv/python/cpython-3.12.13-macos-x86_64-none/lib/python3.12/asyncio/runners.py:93: RuntimeError
________________ test_send_message_plan_none_for_ordinary_reply ________________

item = <Coroutine test_send_message_plan_none_for_ordinary_reply>

    @pytest.hookimpl(wrapper=True, tryfirst=True)
    def pytest_runtest_call(item: Any) -> Generator[None, Any, None]:
        if _soft_scope is None:
            yield
            return
        hard_failure: Optional[BaseException] = None
        with _soft_scope() as errors:
            try:
                yield
            except BaseException as exc:
                hard_failure = exc
        if not errors:
            if hard_failure is not None:
>               raise hard_failure

../factory-story-680/.runtime/test-venvs/career-intelligence-mcp/lib/python3.12/site-packages/pytest_playwright/pytest_playwright.py:113: 
_ _ _ _ _ _ _ _ _ _ _ _ _ _ _ _ _ _ _ _ _ _ _ _ _ _ _ _ _ _ _ _ _ _ _ _ _ _ _ _ 
../factory-story-680/.runtime/test-venvs/career-intelligence-mcp/lib/python3.12/site-packages/pytest_playwright/pytest_playwright.py:108: in pytest_runtest_call
    yield
../factory-story-680/.runtime/test-venvs/career-intelligence-mcp/lib/python3.12/site-packages/pytest_asyncio/plugin.py:569: in runtest
    super().runtest()
../factory-story-680/.runtime/test-venvs/career-intelligence-mcp/lib/python3.12/site-packages/pytest_asyncio/plugin.py:905: in inner
    runner.run(coro, context=context)
_ _ _ _ _ _ _ _ _ _ _ _ _ _ _ _ _ _ _ _ _ _ _ _ _ _ _ _ _ _ _ _ _ _ _ _ _ _ _ _ 

self = <asyncio.runners.Runner object at 0x10b77e210>
coro = <coroutine object test_send_message_plan_none_for_ordinary_reply at 0x10a5129e0>
context = <_contextvars.Context object at 0x10ca7a8c0>

    def run(self, coro, *, context=None):
        """Run a coroutine inside the embedded event loop."""
        if not coroutines.iscoroutine(coro):
            raise ValueError("a coroutine was expected, got {!r}".format(coro))
    
        if events._get_running_loop() is not None:
            # fail fast with short traceback
>           raise RuntimeError(
                "Runner.run() cannot be called from a running event loop")
E           RuntimeError: Runner.run() cannot be called from a running event loop

/Users/aiengineer/.local/share/uv/python/cpython-3.12.13-macos-x86_64-none/lib/python3.12/asyncio/runners.py:93: RuntimeError
______ test_send_message_corrects_wrong_current_occupation_on_build_plan _______

item = <Coroutine test_send_message_corrects_wrong_current_occupation_on_build_plan>

    @pytest.hookimpl(wrapper=True, tryfirst=True)
    def pytest_runtest_call(item: Any) -> Generator[None, Any, None]:
        if _soft_scope is None:
            yield
            return
        hard_failure: Optional[BaseException] = None
        with _soft_scope() as errors:
            try:
                yield
            except BaseException as exc:
                hard_failure = exc
        if not errors:
            if hard_failure is not None:
>               raise hard_failure

../factory-story-680/.runtime/test-venvs/career-intelligence-mcp/lib/python3.12/site-packages/pytest_playwright/pytest_playwright.py:113: 
_ _ _ _ _ _ _ _ _ _ _ _ _ _ _ _ _ _ _ _ _ _ _ _ _ _ _ _ _ _ _ _ _ _ _ _ _ _ _ _ 
../factory-story-680/.runtime/test-venvs/career-intelligence-mcp/lib/python3.12/site-packages/pytest_playwright/pytest_playwright.py:108: in pytest_runtest_call
    yield
../factory-story-680/.runtime/test-venvs/career-intelligence-mcp/lib/python3.12/site-packages/pytest_asyncio/plugin.py:569: in runtest
    super().runtest()
../factory-story-680/.runtime/test-venvs/career-intelligence-mcp/lib/python3.12/site-packages/pytest_asyncio/plugin.py:905: in inner
    runner.run(coro, context=context)
_ _ _ _ _ _ _ _ _ _ _ _ _ _ _ _ _ _ _ _ _ _ _ _ _ _ _ _ _ _ _ _ _ _ _ _ _ _ _ _ 

self = <asyncio.runners.Runner object at 0x10b783560>
coro = <coroutine object test_send_message_corrects_wrong_current_occupation_on_build_plan at 0x10a4a9180>
context = <_contextvars.Context object at 0x10b76c680>

    def run(self, coro, *, context=None):
        """Run a coroutine inside the embedded event loop."""
        if not coroutines.iscoroutine(coro):
            raise ValueError("a coroutine was expected, got {!r}".format(coro))
    
        if events._get_running_loop() is not None:
            # fail fast with short traceback
>           raise RuntimeError(
                "Runner.run() cannot be called from a running event loop")
E           RuntimeError: Runner.run() cannot be called from a running event loop

/Users/aiengineer/.local/share/uv/python/cpython-3.12.13-macos-x86_64-none/lib/python3.12/asyncio/runners.py:93: RuntimeError
________ test_send_message_leaves_correct_current_occupation_untouched _________

item = <Coroutine test_send_message_leaves_correct_current_occupation_untouched>

    @pytest.hookimpl(wrapper=True, tryfirst=True)
    def pytest_runtest_call(item: Any) -> Generator[None, Any, None]:
        if _soft_scope is None:
            yield
            return
        hard_failure: Optional[BaseException] = None
        with _soft_scope() as errors:
            try:
                yield
            except BaseException as exc:
                hard_failure = exc
        if not errors:
            if hard_failure is not None:
>               raise hard_failure

../factory-story-680/.runtime/test-venvs/career-intelligence-mcp/lib/python3.12/site-packages/pytest_playwright/pytest_playwright.py:113: 
_ _ _ _ _ _ _ _ _ _ _ _ _ _ _ _ _ _ _ _ _ _ _ _ _ _ _ _ _ _ _ _ _ _ _ _ _ _ _ _ 
../factory-story-680/.runtime/test-venvs/career-intelligence-mcp/lib/python3.12/site-packages/pytest_playwright/pytest_playwright.py:108: in pytest_runtest_call
    yield
../factory-story-680/.runtime/test-venvs/career-intelligence-mcp/lib/python3.12/site-packages/pytest_asyncio/plugin.py:569: in runtest
    super().runtest()
../factory-story-680/.runtime/test-venvs/career-intelligence-mcp/lib/python3.12/site-packages/pytest_asyncio/plugin.py:905: in inner
    runner.run(coro, context=context)
_ _ _ _ _ _ _ _ _ _ _ _ _ _ _ _ _ _ _ _ _ _ _ _ _ _ _ _ _ _ _ _ _ _ _ _ _ _ _ _ 

self = <asyncio.runners.Runner object at 0x10bc87830>
coro = <coroutine object test_send_message_leaves_correct_current_occupation_untouched at 0x10a4a92f0>
context = <_contextvars.Context object at 0x10ca2d240>

    def run(self, coro, *, context=None):
        """Run a coroutine inside the embedded event loop."""
        if not coroutines.iscoroutine(coro):
            raise ValueError("a coroutine was expected, got {!r}".format(coro))
    
        if events._get_running_loop() is not None:
            # fail fast with short traceback
>           raise RuntimeError(
                "Runner.run() cannot be called from a running event loop")
E           RuntimeError: Runner.run() cannot be called from a running event loop

/Users/aiengineer/.local/share/uv/python/cpython-3.12.13-macos-x86_64-none/lib/python3.12/asyncio/runners.py:93: RuntimeError
_ test_send_message_does_not_correct_build_plan_without_prior_established_occupation _

item = <Coroutine test_send_message_does_not_correct_build_plan_without_prior_established_occupation>

    @pytest.hookimpl(wrapper=True, tryfirst=True)
    def pytest_runtest_call(item: Any) -> Generator[None, Any, None]:
        if _soft_scope is None:
            yield
            return
        hard_failure: Optional[BaseException] = None
        with _soft_scope() as errors:
            try:
                yield
            except BaseException as exc:
                hard_failure = exc
        if not errors:
            if hard_failure is not None:
>               raise hard_failure

../factory-story-680/.runtime/test-venvs/career-intelligence-mcp/lib/python3.12/site-packages/pytest_playwright/pytest_playwright.py:113: 
_ _ _ _ _ _ _ _ _ _ _ _ _ _ _ _ _ _ _ _ _ _ _ _ _ _ _ _ _ _ _ _ _ _ _ _ _ _ _ _ 
../factory-story-680/.runtime/test-venvs/career-intelligence-mcp/lib/python3.12/site-packages/pytest_playwright/pytest_playwright.py:108: in pytest_runtest_call
    yield
../factory-story-680/.runtime/test-venvs/career-intelligence-mcp/lib/python3.12/site-packages/pytest_asyncio/plugin.py:569: in runtest
    super().runtest()
../factory-story-680/.runtime/test-venvs/career-intelligence-mcp/lib/python3.12/site-packages/pytest_asyncio/plugin.py:905: in inner
    runner.run(coro, context=context)
_ _ _ _ _ _ _ _ _ _ _ _ _ _ _ _ _ _ _ _ _ _ _ _ _ _ _ _ _ _ _ _ _ _ _ _ _ _ _ _ 

self = <asyncio.runners.Runner object at 0x10bc84f20>
coro = <coroutine object test_send_message_does_not_correct_build_plan_without_prior_established_occupation at 0x10a4c6820>
context = <_contextvars.Context object at 0x10ca95e00>

    def run(self, coro, *, context=None):
        """Run a coroutine inside the embedded event loop."""
        if not coroutines.iscoroutine(coro):
            raise ValueError("a coroutine was expected, got {!r}".format(coro))
    
        if events._get_running_loop() is not None:
            # fail fast with short traceback
>           raise RuntimeError(
                "Runner.run() cannot be called from a running event loop")
E           RuntimeError: Runner.run() cannot be called from a running event loop

/Users/aiengineer/.local/share/uv/python/cpython-3.12.13-macos-x86_64-none/lib/python3.12/asyncio/runners.py:93: RuntimeError
__ test_send_message_keeps_recorded_tool_call_args_consistent_with_correction __

item = <Coroutine test_send_message_keeps_recorded_tool_call_args_consistent_with_correction>

    @pytest.hookimpl(wrapper=True, tryfirst=True)
    def pytest_runtest_call(item: Any) -> Generator[None, Any, None]:
        if _soft_scope is None:
            yield
            return
        hard_failure: Optional[BaseException] = None
        with _soft_scope() as errors:
            try:
                yield
            except BaseException as exc:
                hard_failure = exc
        if not errors:
            if hard_failure is not None:
>               raise hard_failure

../factory-story-680/.runtime/test-venvs/career-intelligence-mcp/lib/python3.12/site-packages/pytest_playwright/pytest_playwright.py:113: 
_ _ _ _ _ _ _ _ _ _ _ _ _ _ _ _ _ _ _ _ _ _ _ _ _ _ _ _ _ _ _ _ _ _ _ _ _ _ _ _ 
../factory-story-680/.runtime/test-venvs/career-intelligence-mcp/lib/python3.12/site-packages/pytest_playwright/pytest_playwright.py:108: in pytest_runtest_call
    yield
../factory-story-680/.runtime/test-venvs/career-intelligence-mcp/lib/python3.12/site-packages/pytest_asyncio/plugin.py:569: in runtest
    super().runtest()
../factory-story-680/.runtime/test-venvs/career-intelligence-mcp/lib/python3.12/site-packages/pytest_asyncio/plugin.py:905: in inner
    runner.run(coro, context=context)
_ _ _ _ _ _ _ _ _ _ _ _ _ _ _ _ _ _ _ _ _ _ _ _ _ _ _ _ _ _ _ _ _ _ _ _ _ _ _ _ 

self = <asyncio.runners.Runner object at 0x10b77f800>
coro = <coroutine object test_send_message_keeps_recorded_tool_call_args_consistent_with_correction at 0x10a5099c0>
context = <_contextvars.Context object at 0x10b7946c0>

    def run(self, coro, *, context=None):
        """Run a coroutine inside the embedded event loop."""
        if not coroutines.iscoroutine(coro):
            raise ValueError("a coroutine was expected, got {!r}".format(coro))
    
        if events._get_running_loop() is not None:
            # fail fast with short traceback
>           raise RuntimeError(
                "Runner.run() cannot be called from a running event loop")
E           RuntimeError: Runner.run() cannot be called from a running event loop

/Users/aiengineer/.local/share/uv/python/cpython-3.12.13-macos-x86_64-none/lib/python3.12/asyncio/runners.py:93: RuntimeError
_____ test_send_message_allows_get_related_careers_with_no_salary_argument _____

item = <Coroutine test_send_message_allows_get_related_careers_with_no_salary_argument>

    @pytest.hookimpl(wrapper=True, tryfirst=True)
    def pytest_runtest_call(item: Any) -> Generator[None, Any, None]:
        if _soft_scope is None:
            yield
            return
        hard_failure: Optional[BaseException] = None
        with _soft_scope() as errors:
            try:
                yield
            except BaseException as exc:
                hard_failure = exc
        if not errors:
            if hard_failure is not None:
>               raise hard_failure

../factory-story-680/.runtime/test-venvs/career-intelligence-mcp/lib/python3.12/site-packages/pytest_playwright/pytest_playwright.py:113: 
_ _ _ _ _ _ _ _ _ _ _ _ _ _ _ _ _ _ _ _ _ _ _ _ _ _ _ _ _ _ _ _ _ _ _ _ _ _ _ _ 
../factory-story-680/.runtime/test-venvs/career-intelligence-mcp/lib/python3.12/site-packages/pytest_playwright/pytest_playwright.py:108: in pytest_runtest_call
    yield
../factory-story-680/.runtime/test-venvs/career-intelligence-mcp/lib/python3.12/site-packages/pytest_asyncio/plugin.py:569: in runtest
    super().runtest()
../factory-story-680/.runtime/test-venvs/career-intelligence-mcp/lib/python3.12/site-packages/pytest_asyncio/plugin.py:905: in inner
    runner.run(coro, context=context)
_ _ _ _ _ _ _ _ _ _ _ _ _ _ _ _ _ _ _ _ _ _ _ _ _ _ _ _ _ _ _ _ _ _ _ _ _ _ _ _ 

self = <asyncio.runners.Runner object at 0x10bc85dc0>
coro = <coroutine object test_send_message_allows_get_related_careers_with_no_salary_argument at 0x10a4a92f0>
context = <_contextvars.Context object at 0x10b98f180>

    def run(self, coro, *, context=None):
        """Run a coroutine inside the embedded event loop."""
        if not coroutines.iscoroutine(coro):
            raise ValueError("a coroutine was expected, got {!r}".format(coro))
    
        if events._get_running_loop() is not None:
            # fail fast with short traceback
>           raise RuntimeError(
                "Runner.run() cannot be called from a running event loop")
E           RuntimeError: Runner.run() cannot be called from a running event loop

/Users/aiengineer/.local/share/uv/python/cpython-3.12.13-macos-x86_64-none/lib/python3.12/asyncio/runners.py:93: RuntimeError
___________________ test_send_message_refuses_without_guard ____________________

item = <Coroutine test_send_message_refuses_without_guard>

    @pytest.hookimpl(wrapper=True, tryfirst=True)
    def pytest_runtest_call(item: Any) -> Generator[None, Any, None]:
        if _soft_scope is None:
            yield
            return
        hard_failure: Optional[BaseException] = None
        with _soft_scope() as errors:
            try:
                yield
            except BaseException as exc:
                hard_failure = exc
        if not errors:
            if hard_failure is not None:
>               raise hard_failure

../factory-story-680/.runtime/test-venvs/career-intelligence-mcp/lib/python3.12/site-packages/pytest_playwright/pytest_playwright.py:113: 
_ _ _ _ _ _ _ _ _ _ _ _ _ _ _ _ _ _ _ _ _ _ _ _ _ _ _ _ _ _ _ _ _ _ _ _ _ _ _ _ 
../factory-story-680/.runtime/test-venvs/career-intelligence-mcp/lib/python3.12/site-packages/pytest_playwright/pytest_playwright.py:108: in pytest_runtest_call
    yield
../factory-story-680/.runtime/test-venvs/career-intelligence-mcp/lib/python3.12/site-packages/pytest_asyncio/plugin.py:569: in runtest
    super().runtest()
../factory-story-680/.runtime/test-venvs/career-intelligence-mcp/lib/python3.12/site-packages/pytest_asyncio/plugin.py:905: in inner
    runner.run(coro, context=context)
_ _ _ _ _ _ _ _ _ _ _ _ _ _ _ _ _ _ _ _ _ _ _ _ _ _ _ _ _ _ _ _ _ _ _ _ _ _ _ _ 

self = <asyncio.runners.Runner object at 0x10bc8d250>
coro = <coroutine object test_send_message_refuses_without_guard at 0x10b5f6a40>
context = <_contextvars.Context object at 0x10ca68b40>

    def run(self, coro, *, context=None):
        """Run a coroutine inside the embedded event loop."""
        if not coroutines.iscoroutine(coro):
            raise ValueError("a coroutine was expected, got {!r}".format(coro))
    
        if events._get_running_loop() is not None:
            # fail fast with short traceback
>           raise RuntimeError(
                "Runner.run() cannot be called from a running event loop")
E           RuntimeError: Runner.run() cannot be called from a running event loop

/Users/aiengineer/.local/share/uv/python/cpython-3.12.13-macos-x86_64-none/lib/python3.12/asyncio/runners.py:93: RuntimeError
________ test_send_message_merges_extra_env_into_subprocess_environment ________

item = <Coroutine test_send_message_merges_extra_env_into_subprocess_environment>

    @pytest.hookimpl(wrapper=True, tryfirst=True)
    def pytest_runtest_call(item: Any) -> Generator[None, Any, None]:
        if _soft_scope is None:
            yield
            return
        hard_failure: Optional[BaseException] = None
        with _soft_scope() as errors:
            try:
                yield
            except BaseException as exc:
                hard_failure = exc
        if not errors:
            if hard_failure is not None:
>               raise hard_failure

../factory-story-680/.runtime/test-venvs/career-intelligence-mcp/lib/python3.12/site-packages/pytest_playwright/pytest_playwright.py:113: 
_ _ _ _ _ _ _ _ _ _ _ _ _ _ _ _ _ _ _ _ _ _ _ _ _ _ _ _ _ _ _ _ _ _ _ _ _ _ _ _ 
../factory-story-680/.runtime/test-venvs/career-intelligence-mcp/lib/python3.12/site-packages/pytest_playwright/pytest_playwright.py:108: in pytest_runtest_call
    yield
../factory-story-680/.runtime/test-venvs/career-intelligence-mcp/lib/python3.12/site-packages/pytest_asyncio/plugin.py:569: in runtest
    super().runtest()
../factory-story-680/.runtime/test-venvs/career-intelligence-mcp/lib/python3.12/site-packages/pytest_asyncio/plugin.py:905: in inner
    runner.run(coro, context=context)
_ _ _ _ _ _ _ _ _ _ _ _ _ _ _ _ _ _ _ _ _ _ _ _ _ _ _ _ _ _ _ _ _ _ _ _ _ _ _ _ 

self = <asyncio.runners.Runner object at 0x10bc8e240>
coro = <coroutine object test_send_message_merges_extra_env_into_subprocess_environment at 0x10a24fe00>
context = <_contextvars.Context object at 0x10b96efc0>

    def run(self, coro, *, context=None):
        """Run a coroutine inside the embedded event loop."""
        if not coroutines.iscoroutine(coro):
            raise ValueError("a coroutine was expected, got {!r}".format(coro))
    
        if events._get_running_loop() is not None:
            # fail fast with short traceback
>           raise RuntimeError(
                "Runner.run() cannot be called from a running event loop")
E           RuntimeError: Runner.run() cannot be called from a running event loop

/Users/aiengineer/.local/share/uv/python/cpython-3.12.13-macos-x86_64-none/lib/python3.12/asyncio/runners.py:93: RuntimeError
_______ test_send_message_without_extra_env_keeps_unmodified_environment _______

item = <Coroutine test_send_message_without_extra_env_keeps_unmodified_environment>

    @pytest.hookimpl(wrapper=True, tryfirst=True)
    def pytest_runtest_call(item: Any) -> Generator[None, Any, None]:
        if _soft_scope is None:
            yield
            return
        hard_failure: Optional[BaseException] = None
        with _soft_scope() as errors:
            try:
                yield
            except BaseException as exc:
                hard_failure = exc
        if not errors:
            if hard_failure is not None:
>               raise hard_failure

../factory-story-680/.runtime/test-venvs/career-intelligence-mcp/lib/python3.12/site-packages/pytest_playwright/pytest_playwright.py:113: 
_ _ _ _ _ _ _ _ _ _ _ _ _ _ _ _ _ _ _ _ _ _ _ _ _ _ _ _ _ _ _ _ _ _ _ _ _ _ _ _ 
../factory-story-680/.runtime/test-venvs/career-intelligence-mcp/lib/python3.12/site-packages/pytest_playwright/pytest_playwright.py:108: in pytest_runtest_call
    yield
../factory-story-680/.runtime/test-venvs/career-intelligence-mcp/lib/python3.12/site-packages/pytest_asyncio/plugin.py:569: in runtest
    super().runtest()
../factory-story-680/.runtime/test-venvs/career-intelligence-mcp/lib/python3.12/site-packages/pytest_asyncio/plugin.py:905: in inner
    runner.run(coro, context=context)
_ _ _ _ _ _ _ _ _ _ _ _ _ _ _ _ _ _ _ _ _ _ _ _ _ _ _ _ _ _ _ _ _ _ _ _ _ _ _ _ 

self = <asyncio.runners.Runner object at 0x10bc84320>
coro = <coroutine object test_send_message_without_extra_env_keeps_unmodified_environment at 0x10ac90af0>
context = <_contextvars.Context object at 0x10ca7a8c0>

    def run(self, coro, *, context=None):
        """Run a coroutine inside the embedded event loop."""
        if not coroutines.iscoroutine(coro):
            raise ValueError("a coroutine was expected, got {!r}".format(coro))
    
        if events._get_running_loop() is not None:
            # fail fast with short traceback
>           raise RuntimeError(
                "Runner.run() cannot be called from a running event loop")
E           RuntimeError: Runner.run() cannot be called from a running event loop

/Users/aiengineer/.local/share/uv/python/cpython-3.12.13-macos-x86_64-none/lib/python3.12/asyncio/runners.py:93: RuntimeError
__________________________ test_send_message_success ___________________________

item = <Coroutine test_send_message_success>

    @pytest.hookimpl(wrapper=True, tryfirst=True)
    def pytest_runtest_call(item: Any) -> Generator[None, Any, None]:
        if _soft_scope is None:
            yield
            return
        hard_failure: Optional[BaseException] = None
        with _soft_scope() as errors:
            try:
                yield
            except BaseException as exc:
                hard_failure = exc
        if not errors:
            if hard_failure is not None:
>               raise hard_failure

../factory-story-680/.runtime/test-venvs/career-intelligence-mcp/lib/python3.12/site-packages/pytest_playwright/pytest_playwright.py:113: 
_ _ _ _ _ _ _ _ _ _ _ _ _ _ _ _ _ _ _ _ _ _ _ _ _ _ _ _ _ _ _ _ _ _ _ _ _ _ _ _ 
../factory-story-680/.runtime/test-venvs/career-intelligence-mcp/lib/python3.12/site-packages/pytest_playwright/pytest_playwright.py:108: in pytest_runtest_call
    yield
../factory-story-680/.runtime/test-venvs/career-intelligence-mcp/lib/python3.12/site-packages/pytest_asyncio/plugin.py:569: in runtest
    super().runtest()
../factory-story-680/.runtime/test-venvs/career-intelligence-mcp/lib/python3.12/site-packages/pytest_asyncio/plugin.py:905: in inner
    runner.run(coro, context=context)
_ _ _ _ _ _ _ _ _ _ _ _ _ _ _ _ _ _ _ _ _ _ _ _ _ _ _ _ _ _ _ _ _ _ _ _ _ _ _ _ 

self = <asyncio.runners.Runner object at 0x10bc8e1e0>
coro = <coroutine object test_send_message_success at 0x10a4c6140>
context = <_contextvars.Context object at 0x10b76fdc0>

    def run(self, coro, *, context=None):
        """Run a coroutine inside the embedded event loop."""
        if not coroutines.iscoroutine(coro):
            raise ValueError("a coroutine was expected, got {!r}".format(coro))
    
        if events._get_running_loop() is not None:
            # fail fast with short traceback
>           raise RuntimeError(
                "Runner.run() cannot be called from a running event loop")
E           RuntimeError: Runner.run() cannot be called from a running event loop

/Users/aiengineer/.local/share/uv/python/cpython-3.12.13-macos-x86_64-none/lib/python3.12/asyncio/runners.py:93: RuntimeError
_____________________ test_send_message_handles_cli_error ______________________

item = <Coroutine test_send_message_handles_cli_error>

    @pytest.hookimpl(wrapper=True, tryfirst=True)
    def pytest_runtest_call(item: Any) -> Generator[None, Any, None]:
        if _soft_scope is None:
            yield
            return
        hard_failure: Optional[BaseException] = None
        with _soft_scope() as errors:
            try:
                yield
            except BaseException as exc:
                hard_failure = exc
        if not errors:
            if hard_failure is not None:
>               raise hard_failure

../factory-story-680/.runtime/test-venvs/career-intelligence-mcp/lib/python3.12/site-packages/pytest_playwright/pytest_playwright.py:113: 
_ _ _ _ _ _ _ _ _ _ _ _ _ _ _ _ _ _ _ _ _ _ _ _ _ _ _ _ _ _ _ _ _ _ _ _ _ _ _ _ 
../factory-story-680/.runtime/test-venvs/career-intelligence-mcp/lib/python3.12/site-packages/pytest_playwright/pytest_playwright.py:108: in pytest_runtest_call
    yield
../factory-story-680/.runtime/test-venvs/career-intelligence-mcp/lib/python3.12/site-packages/pytest_asyncio/plugin.py:569: in runtest
    super().runtest()
../factory-story-680/.runtime/test-venvs/career-intelligence-mcp/lib/python3.12/site-packages/pytest_asyncio/plugin.py:905: in inner
    runner.run(coro, context=context)
_ _ _ _ _ _ _ _ _ _ _ _ _ _ _ _ _ _ _ _ _ _ _ _ _ _ _ _ _ _ _ _ _ _ _ _ _ _ _ _ 

self = <asyncio.runners.Runner object at 0x10bc8c290>
coro = <coroutine object test_send_message_handles_cli_error at 0x10ac90760>
context = <_contextvars.Context object at 0x10ca2d240>

    def run(self, coro, *, context=None):
        """Run a coroutine inside the embedded event loop."""
        if not coroutines.iscoroutine(coro):
            raise ValueError("a coroutine was expected, got {!r}".format(coro))
    
        if events._get_running_loop() is not None:
            # fail fast with short traceback
>           raise RuntimeError(
                "Runner.run() cannot be called from a running event loop")
E           RuntimeError: Runner.run() cannot be called from a running event loop

/Users/aiengineer/.local/share/uv/python/cpython-3.12.13-macos-x86_64-none/lib/python3.12/asyncio/runners.py:93: RuntimeError
___________________ test_send_message_handles_is_error_true ____________________

item = <Coroutine test_send_message_handles_is_error_true>

    @pytest.hookimpl(wrapper=True, tryfirst=True)
    def pytest_runtest_call(item: Any) -> Generator[None, Any, None]:
        if _soft_scope is None:
            yield
            return
        hard_failure: Optional[BaseException] = None
        with _soft_scope() as errors:
            try:
                yield
            except BaseException as exc:
                hard_failure = exc
        if not errors:
            if hard_failure is not None:
>               raise hard_failure

../factory-story-680/.runtime/test-venvs/career-intelligence-mcp/lib/python3.12/site-packages/pytest_playwright/pytest_playwright.py:113: 
_ _ _ _ _ _ _ _ _ _ _ _ _ _ _ _ _ _ _ _ _ _ _ _ _ _ _ _ _ _ _ _ _ _ _ _ _ _ _ _ 
../factory-story-680/.runtime/test-venvs/career-intelligence-mcp/lib/python3.12/site-packages/pytest_playwright/pytest_playwright.py:108: in pytest_runtest_call
    yield
../factory-story-680/.runtime/test-venvs/career-intelligence-mcp/lib/python3.12/site-packages/pytest_asyncio/plugin.py:569: in runtest
    super().runtest()
../factory-story-680/.runtime/test-venvs/career-intelligence-mcp/lib/python3.12/site-packages/pytest_asyncio/plugin.py:905: in inner
    runner.run(coro, context=context)
_ _ _ _ _ _ _ _ _ _ _ _ _ _ _ _ _ _ _ _ _ _ _ _ _ _ _ _ _ _ _ _ _ _ _ _ _ _ _ _ 

self = <asyncio.runners.Runner object at 0x10bc8c7a0>
coro = <coroutine object test_send_message_handles_is_error_true at 0x10a3d6840>
context = <_contextvars.Context object at 0x10ca3bd80>

    def run(self, coro, *, context=None):
        """Run a coroutine inside the embedded event loop."""
        if not coroutines.iscoroutine(coro):
            raise ValueError("a coroutine was expected, got {!r}".format(coro))
    
        if events._get_running_loop() is not None:
            # fail fast with short traceback
>           raise RuntimeError(
                "Runner.run() cannot be called from a running event loop")
E           RuntimeError: Runner.run() cannot be called from a running event loop

/Users/aiengineer/.local/share/uv/python/cpython-3.12.13-macos-x86_64-none/lib/python3.12/asyncio/runners.py:93: RuntimeError
_________________ test_send_message_builds_mcp_scoped_command __________________

item = <Coroutine test_send_message_builds_mcp_scoped_command>

    @pytest.hookimpl(wrapper=True, tryfirst=True)
    def pytest_runtest_call(item: Any) -> Generator[None, Any, None]:
        if _soft_scope is None:
            yield
            return
        hard_failure: Optional[BaseException] = None
        with _soft_scope() as errors:
            try:
                yield
            except BaseException as exc:
                hard_failure = exc
        if not errors:
            if hard_failure is not None:
>               raise hard_failure

../factory-story-680/.runtime/test-venvs/career-intelligence-mcp/lib/python3.12/site-packages/pytest_playwright/pytest_playwright.py:113: 
_ _ _ _ _ _ _ _ _ _ _ _ _ _ _ _ _ _ _ _ _ _ _ _ _ _ _ _ _ _ _ _ _ _ _ _ _ _ _ _ 
../factory-story-680/.runtime/test-venvs/career-intelligence-mcp/lib/python3.12/site-packages/pytest_playwright/pytest_playwright.py:108: in pytest_runtest_call
    yield
../factory-story-680/.runtime/test-venvs/career-intelligence-mcp/lib/python3.12/site-packages/pytest_asyncio/plugin.py:569: in runtest
    super().runtest()
../factory-story-680/.runtime/test-venvs/career-intelligence-mcp/lib/python3.12/site-packages/pytest_asyncio/plugin.py:905: in inner
    runner.run(coro, context=context)
_ _ _ _ _ _ _ _ _ _ _ _ _ _ _ _ _ _ _ _ _ _ _ _ _ _ _ _ _ _ _ _ _ _ _ _ _ _ _ _ 

self = <asyncio.runners.Runner object at 0x10bc87770>
coro = <coroutine object test_send_message_builds_mcp_scoped_command at 0x10a2bdcf0>
context = <_contextvars.Context object at 0x10ca94f00>

    def run(self, coro, *, context=None):
        """Run a coroutine inside the embedded event loop."""
        if not coroutines.iscoroutine(coro):
            raise ValueError("a coroutine was expected, got {!r}".format(coro))
    
        if events._get_running_loop() is not None:
            # fail fast with short traceback
>           raise RuntimeError(
                "Runner.run() cannot be called from a running event loop")
E           RuntimeError: Runner.run() cannot be called from a running event loop

/Users/aiengineer/.local/share/uv/python/cpython-3.12.13-macos-x86_64-none/lib/python3.12/asyncio/runners.py:93: RuntimeError
________________ test_send_message_recovers_from_prior_cooldown ________________

item = <Coroutine test_send_message_recovers_from_prior_cooldown>

    @pytest.hookimpl(wrapper=True, tryfirst=True)
    def pytest_runtest_call(item: Any) -> Generator[None, Any, None]:
        if _soft_scope is None:
            yield
            return
        hard_failure: Optional[BaseException] = None
        with _soft_scope() as errors:
            try:
                yield
            except BaseException as exc:
                hard_failure = exc
        if not errors:
            if hard_failure is not None:
>               raise hard_failure

../factory-story-680/.runtime/test-venvs/career-intelligence-mcp/lib/python3.12/site-packages/pytest_playwright/pytest_playwright.py:113: 
_ _ _ _ _ _ _ _ _ _ _ _ _ _ _ _ _ _ _ _ _ _ _ _ _ _ _ _ _ _ _ _ _ _ _ _ _ _ _ _ 
../factory-story-680/.runtime/test-venvs/career-intelligence-mcp/lib/python3.12/site-packages/pytest_playwright/pytest_playwright.py:108: in pytest_runtest_call
    yield
../factory-story-680/.runtime/test-venvs/career-intelligence-mcp/lib/python3.12/site-packages/pytest_asyncio/plugin.py:569: in runtest
    super().runtest()
../factory-story-680/.runtime/test-venvs/career-intelligence-mcp/lib/python3.12/site-packages/pytest_asyncio/plugin.py:905: in inner
    runner.run(coro, context=context)
_ _ _ _ _ _ _ _ _ _ _ _ _ _ _ _ _ _ _ _ _ _ _ _ _ _ _ _ _ _ _ _ _ _ _ _ _ _ _ _ 

self = <asyncio.runners.Runner object at 0x10bc8eb10>
coro = <coroutine object test_send_message_recovers_from_prior_cooldown at 0x10a4a92f0>
context = <_contextvars.Context object at 0x10b98f180>

    def run(self, coro, *, context=None):
        """Run a coroutine inside the embedded event loop."""
        if not coroutines.iscoroutine(coro):
            raise ValueError("a coroutine was expected, got {!r}".format(coro))
    
        if events._get_running_loop() is not None:
            # fail fast with short traceback
>           raise RuntimeError(
                "Runner.run() cannot be called from a running event loop")
E           RuntimeError: Runner.run() cannot be called from a running event loop

/Users/aiengineer/.local/share/uv/python/cpython-3.12.13-macos-x86_64-none/lib/python3.12/asyncio/runners.py:93: RuntimeError
___________________ test_send_message_rolls_back_on_failure ____________________

item = <Coroutine test_send_message_rolls_back_on_failure>

    @pytest.hookimpl(wrapper=True, tryfirst=True)
    def pytest_runtest_call(item: Any) -> Generator[None, Any, None]:
        if _soft_scope is None:
            yield
            return
        hard_failure: Optional[BaseException] = None
        with _soft_scope() as errors:
            try:
                yield
            except BaseException as exc:
                hard_failure = exc
        if not errors:
            if hard_failure is not None:
>               raise hard_failure

../factory-story-680/.runtime/test-venvs/career-intelligence-mcp/lib/python3.12/site-packages/pytest_playwright/pytest_playwright.py:113: 
_ _ _ _ _ _ _ _ _ _ _ _ _ _ _ _ _ _ _ _ _ _ _ _ _ _ _ _ _ _ _ _ _ _ _ _ _ _ _ _ 
../factory-story-680/.runtime/test-venvs/career-intelligence-mcp/lib/python3.12/site-packages/pytest_playwright/pytest_playwright.py:108: in pytest_runtest_call
    yield
../factory-story-680/.runtime/test-venvs/career-intelligence-mcp/lib/python3.12/site-packages/pytest_asyncio/plugin.py:569: in runtest
    super().runtest()
../factory-story-680/.runtime/test-venvs/career-intelligence-mcp/lib/python3.12/site-packages/pytest_asyncio/plugin.py:905: in inner
    runner.run(coro, context=context)
_ _ _ _ _ _ _ _ _ _ _ _ _ _ _ _ _ _ _ _ _ _ _ _ _ _ _ _ _ _ _ _ _ _ _ _ _ _ _ _ 

self = <asyncio.runners.Runner object at 0x10bc8d490>
coro = <coroutine object test_send_message_rolls_back_on_failure at 0x10a512560>
context = <_contextvars.Context object at 0x10ca68b40>

    def run(self, coro, *, context=None):
        """Run a coroutine inside the embedded event loop."""
        if not coroutines.iscoroutine(coro):
            raise ValueError("a coroutine was expected, got {!r}".format(coro))
    
        if events._get_running_loop() is not None:
            # fail fast with short traceback
>           raise RuntimeError(
                "Runner.run() cannot be called from a running event loop")
E           RuntimeError: Runner.run() cannot be called from a running event loop

/Users/aiengineer/.local/share/uv/python/cpython-3.12.13-macos-x86_64-none/lib/python3.12/asyncio/runners.py:93: RuntimeError
_______________ test_send_message_raises_when_turn_limit_reached _______________

item = <Coroutine test_send_message_raises_when_turn_limit_reached>

    @pytest.hookimpl(wrapper=True, tryfirst=True)
    def pytest_runtest_call(item: Any) -> Generator[None, Any, None]:
        if _soft_scope is None:
            yield
            return
        hard_failure: Optional[BaseException] = None
        with _soft_scope() as errors:
            try:
                yield
            except BaseException as exc:
                hard_failure = exc
        if not errors:
            if hard_failure is not None:
>               raise hard_failure

../factory-story-680/.runtime/test-venvs/career-intelligence-mcp/lib/python3.12/site-packages/pytest_playwright/pytest_playwright.py:113: 
_ _ _ _ _ _ _ _ _ _ _ _ _ _ _ _ _ _ _ _ _ _ _ _ _ _ _ _ _ _ _ _ _ _ _ _ _ _ _ _ 
../factory-story-680/.runtime/test-venvs/career-intelligence-mcp/lib/python3.12/site-packages/pytest_playwright/pytest_playwright.py:108: in pytest_runtest_call
    yield
../factory-story-680/.runtime/test-venvs/career-intelligence-mcp/lib/python3.12/site-packages/pytest_asyncio/plugin.py:569: in runtest
    super().runtest()
../factory-story-680/.runtime/test-venvs/career-intelligence-mcp/lib/python3.12/site-packages/pytest_asyncio/plugin.py:905: in inner
    runner.run(coro, context=context)
_ _ _ _ _ _ _ _ _ _ _ _ _ _ _ _ _ _ _ _ _ _ _ _ _ _ _ _ _ _ _ _ _ _ _ _ _ _ _ _ 

self = <asyncio.runners.Runner object at 0x10bbd2a20>
coro = <coroutine object test_send_message_raises_when_turn_limit_reached at 0x10b6eda80>
context = <_contextvars.Context object at 0x10ca95c40>

    def run(self, coro, *, context=None):
        """Run a coroutine inside the embedded event loop."""
        if not coroutines.iscoroutine(coro):
            raise ValueError("a coroutine was expected, got {!r}".format(coro))
    
        if events._get_running_loop() is not None:
            # fail fast with short traceback
>           raise RuntimeError(
                "Runner.run() cannot be called from a running event loop")
E           RuntimeError: Runner.run() cannot be called from a running event loop

/Users/aiengineer/.local/share/uv/python/cpython-3.12.13-macos-x86_64-none/lib/python3.12/asyncio/runners.py:93: RuntimeError
_ test_send_message_recovers_candidates_and_plan_via_reconstructed_transcript __

item = <Coroutine test_send_message_recovers_candidates_and_plan_via_reconstructed_transcript>

    @pytest.hookimpl(wrapper=True, tryfirst=True)
    def pytest_runtest_call(item: Any) -> Generator[None, Any, None]:
        if _soft_scope is None:
            yield
            return
        hard_failure: Optional[BaseException] = None
        with _soft_scope() as errors:
            try:
                yield
            except BaseException as exc:
                hard_failure = exc
        if not errors:
            if hard_failure is not None:
>               raise hard_failure

../factory-story-680/.runtime/test-venvs/career-intelligence-mcp/lib/python3.12/site-packages/pytest_playwright/pytest_playwright.py:113: 
_ _ _ _ _ _ _ _ _ _ _ _ _ _ _ _ _ _ _ _ _ _ _ _ _ _ _ _ _ _ _ _ _ _ _ _ _ _ _ _ 
../factory-story-680/.runtime/test-venvs/career-intelligence-mcp/lib/python3.12/site-packages/pytest_playwright/pytest_playwright.py:108: in pytest_runtest_call
    yield
../factory-story-680/.runtime/test-venvs/career-intelligence-mcp/lib/python3.12/site-packages/pytest_asyncio/plugin.py:569: in runtest
    super().runtest()
../factory-story-680/.runtime/test-venvs/career-intelligence-mcp/lib/python3.12/site-packages/pytest_asyncio/plugin.py:905: in inner
    runner.run(coro, context=context)
_ _ _ _ _ _ _ _ _ _ _ _ _ _ _ _ _ _ _ _ _ _ _ _ _ _ _ _ _ _ _ _ _ _ _ _ _ _ _ _ 

self = <asyncio.runners.Runner object at 0x10bc8ee10>
coro = <coroutine object test_send_message_recovers_candidates_and_plan_via_reconstructed_transcript at 0x10a5099c0>
context = <_contextvars.Context object at 0x10ca7a8c0>

    def run(self, coro, *, context=None):
        """Run a coroutine inside the embedded event loop."""
        if not coroutines.iscoroutine(coro):
            raise ValueError("a coroutine was expected, got {!r}".format(coro))
    
        if events._get_running_loop() is not None:
            # fail fast with short traceback
>           raise RuntimeError(
                "Runner.run() cannot be called from a running event loop")
E           RuntimeError: Runner.run() cannot be called from a running event loop

/Users/aiengineer/.local/share/uv/python/cpython-3.12.13-macos-x86_64-none/lib/python3.12/asyncio/runners.py:93: RuntimeError
_________ test_send_message_populates_followups_via_shared_derivation __________

item = <Coroutine test_send_message_populates_followups_via_shared_derivation>

    @pytest.hookimpl(wrapper=True, tryfirst=True)
    def pytest_runtest_call(item: Any) -> Generator[None, Any, None]:
        if _soft_scope is None:
            yield
            return
        hard_failure: Optional[BaseException] = None
        with _soft_scope() as errors:
            try:
                yield
            except BaseException as exc:
                hard_failure = exc
        if not errors:
            if hard_failure is not None:
>               raise hard_failure

../factory-story-680/.runtime/test-venvs/career-intelligence-mcp/lib/python3.12/site-packages/pytest_playwright/pytest_playwright.py:113: 
_ _ _ _ _ _ _ _ _ _ _ _ _ _ _ _ _ _ _ _ _ _ _ _ _ _ _ _ _ _ _ _ _ _ _ _ _ _ _ _ 
../factory-story-680/.runtime/test-venvs/career-intelligence-mcp/lib/python3.12/site-packages/pytest_playwright/pytest_playwright.py:108: in pytest_runtest_call
    yield
../factory-story-680/.runtime/test-venvs/career-intelligence-mcp/lib/python3.12/site-packages/pytest_asyncio/plugin.py:569: in runtest
    super().runtest()
../factory-story-680/.runtime/test-venvs/career-intelligence-mcp/lib/python3.12/site-packages/pytest_asyncio/plugin.py:905: in inner
    runner.run(coro, context=context)
_ _ _ _ _ _ _ _ _ _ _ _ _ _ _ _ _ _ _ _ _ _ _ _ _ _ _ _ _ _ _ _ _ _ _ _ _ _ _ _ 

self = <asyncio.runners.Runner object at 0x10bbd3950>
coro = <coroutine object test_send_message_populates_followups_via_shared_derivation at 0x10a20f130>
context = <_contextvars.Context object at 0x10b76fdc0>

    def run(self, coro, *, context=None):
        """Run a coroutine inside the embedded event loop."""
        if not coroutines.iscoroutine(coro):
            raise ValueError("a coroutine was expected, got {!r}".format(coro))
    
        if events._get_running_loop() is not None:
            # fail fast with short traceback
>           raise RuntimeError(
                "Runner.run() cannot be called from a running event loop")
E           RuntimeError: Runner.run() cannot be called from a running event loop

/Users/aiengineer/.local/share/uv/python/cpython-3.12.13-macos-x86_64-none/lib/python3.12/asyncio/runners.py:93: RuntimeError
___ test_get_programs_by_cip_families_sends_comma_joined_families_and_state ____

item = <Coroutine test_get_programs_by_cip_families_sends_comma_joined_families_and_state>

    @pytest.hookimpl(wrapper=True, tryfirst=True)
    def pytest_runtest_call(item: Any) -> Generator[None, Any, None]:
        if _soft_scope is None:
            yield
            return
        hard_failure: Optional[BaseException] = None
        with _soft_scope() as errors:
            try:
                yield
            except BaseException as exc:
                hard_failure = exc
        if not errors:
            if hard_failure is not None:
>               raise hard_failure

../factory-story-680/.runtime/test-venvs/career-intelligence-mcp/lib/python3.12/site-packages/pytest_playwright/pytest_playwright.py:113: 
_ _ _ _ _ _ _ _ _ _ _ _ _ _ _ _ _ _ _ _ _ _ _ _ _ _ _ _ _ _ _ _ _ _ _ _ _ _ _ _ 
../factory-story-680/.runtime/test-venvs/career-intelligence-mcp/lib/python3.12/site-packages/pytest_playwright/pytest_playwright.py:108: in pytest_runtest_call
    yield
../factory-story-680/.runtime/test-venvs/career-intelligence-mcp/lib/python3.12/site-packages/pytest_asyncio/plugin.py:569: in runtest
    super().runtest()
../factory-story-680/.runtime/test-venvs/career-intelligence-mcp/lib/python3.12/site-packages/pytest_asyncio/plugin.py:905: in inner
    runner.run(coro, context=context)
_ _ _ _ _ _ _ _ _ _ _ _ _ _ _ _ _ _ _ _ _ _ _ _ _ _ _ _ _ _ _ _ _ _ _ _ _ _ _ _ 

self = <asyncio.runners.Runner object at 0x10bbd2b40>
coro = <coroutine object test_get_programs_by_cip_families_sends_comma_joined_families_and_state at 0x10b7a05c0>
context = <_contextvars.Context object at 0x10ca2d240>

    def run(self, coro, *, context=None):
        """Run a coroutine inside the embedded event loop."""
        if not coroutines.iscoroutine(coro):
            raise ValueError("a coroutine was expected, got {!r}".format(coro))
    
        if events._get_running_loop() is not None:
            # fail fast with short traceback
>           raise RuntimeError(
                "Runner.run() cannot be called from a running event loop")
E           RuntimeError: Runner.run() cannot be called from a running event loop

/Users/aiengineer/.local/share/uv/python/cpython-3.12.13-macos-x86_64-none/lib/python3.12/asyncio/runners.py:93: RuntimeError
______ test_get_programs_by_cip_families_omits_state_param_when_not_given ______

item = <Coroutine test_get_programs_by_cip_families_omits_state_param_when_not_given>

    @pytest.hookimpl(wrapper=True, tryfirst=True)
    def pytest_runtest_call(item: Any) -> Generator[None, Any, None]:
        if _soft_scope is None:
            yield
            return
        hard_failure: Optional[BaseException] = None
        with _soft_scope() as errors:
            try:
                yield
            except BaseException as exc:
                hard_failure = exc
        if not errors:
            if hard_failure is not None:
>               raise hard_failure

../factory-story-680/.runtime/test-venvs/career-intelligence-mcp/lib/python3.12/site-packages/pytest_playwright/pytest_playwright.py:113: 
_ _ _ _ _ _ _ _ _ _ _ _ _ _ _ _ _ _ _ _ _ _ _ _ _ _ _ _ _ _ _ _ _ _ _ _ _ _ _ _ 
../factory-story-680/.runtime/test-venvs/career-intelligence-mcp/lib/python3.12/site-packages/pytest_playwright/pytest_playwright.py:108: in pytest_runtest_call
    yield
../factory-story-680/.runtime/test-venvs/career-intelligence-mcp/lib/python3.12/site-packages/pytest_asyncio/plugin.py:569: in runtest
    super().runtest()
../factory-story-680/.runtime/test-venvs/career-intelligence-mcp/lib/python3.12/site-packages/pytest_asyncio/plugin.py:905: in inner
    runner.run(coro, context=context)
_ _ _ _ _ _ _ _ _ _ _ _ _ _ _ _ _ _ _ _ _ _ _ _ _ _ _ _ _ _ _ _ _ _ _ _ _ _ _ _ 

self = <asyncio.runners.Runner object at 0x10bbd1d00>
coro = <coroutine object test_get_programs_by_cip_families_omits_state_param_when_not_given at 0x10a5139a0>
context = <_contextvars.Context object at 0x10b95bc00>

    def run(self, coro, *, context=None):
        """Run a coroutine inside the embedded event loop."""
        if not coroutines.iscoroutine(coro):
            raise ValueError("a coroutine was expected, got {!r}".format(coro))
    
        if events._get_running_loop() is not None:
            # fail fast with short traceback
>           raise RuntimeError(
                "Runner.run() cannot be called from a running event loop")
E           RuntimeError: Runner.run() cannot be called from a running event loop

/Users/aiengineer/.local/share/uv/python/cpython-3.12.13-macos-x86_64-none/lib/python3.12/asyncio/runners.py:93: RuntimeError
_____________ test_missing_credentials_raises_adapter_config_error _____________

item = <Coroutine test_missing_credentials_raises_adapter_config_error>

    @pytest.hookimpl(wrapper=True, tryfirst=True)
    def pytest_runtest_call(item: Any) -> Generator[None, Any, None]:
        if _soft_scope is None:
            yield
            return
        hard_failure: Optional[BaseException] = None
        with _soft_scope() as errors:
            try:
                yield
            except BaseException as exc:
                hard_failure = exc
        if not errors:
            if hard_failure is not None:
>               raise hard_failure

../factory-story-680/.runtime/test-venvs/career-intelligence-mcp/lib/python3.12/site-packages/pytest_playwright/pytest_playwright.py:113: 
_ _ _ _ _ _ _ _ _ _ _ _ _ _ _ _ _ _ _ _ _ _ _ _ _ _ _ _ _ _ _ _ _ _ _ _ _ _ _ _ 
../factory-story-680/.runtime/test-venvs/career-intelligence-mcp/lib/python3.12/site-packages/pytest_playwright/pytest_playwright.py:108: in pytest_runtest_call
    yield
../factory-story-680/.runtime/test-venvs/career-intelligence-mcp/lib/python3.12/site-packages/pytest_asyncio/plugin.py:569: in runtest
    super().runtest()
../factory-story-680/.runtime/test-venvs/career-intelligence-mcp/lib/python3.12/site-packages/pytest_asyncio/plugin.py:905: in inner
    runner.run(coro, context=context)
_ _ _ _ _ _ _ _ _ _ _ _ _ _ _ _ _ _ _ _ _ _ _ _ _ _ _ _ _ _ _ _ _ _ _ _ _ _ _ _ 

self = <asyncio.runners.Runner object at 0x10bbd0f20>
coro = <coroutine object test_missing_credentials_raises_adapter_config_error at 0x10b5f4d60>
context = <_contextvars.Context object at 0x10ca94f00>

    def run(self, coro, *, context=None):
        """Run a coroutine inside the embedded event loop."""
        if not coroutines.iscoroutine(coro):
            raise ValueError("a coroutine was expected, got {!r}".format(coro))
    
        if events._get_running_loop() is not None:
            # fail fast with short traceback
>           raise RuntimeError(
                "Runner.run() cannot be called from a running event loop")
E           RuntimeError: Runner.run() cannot be called from a running event loop

/Users/aiengineer/.local/share/uv/python/cpython-3.12.13-macos-x86_64-none/lib/python3.12/asyncio/runners.py:93: RuntimeError
________________ test_upstream_failure_propagates_not_swallowed ________________

item = <Coroutine test_upstream_failure_propagates_not_swallowed>

    @pytest.hookimpl(wrapper=True, tryfirst=True)
    def pytest_runtest_call(item: Any) -> Generator[None, Any, None]:
        if _soft_scope is None:
            yield
            return
        hard_failure: Optional[BaseException] = None
        with _soft_scope() as errors:
            try:
                yield
            except BaseException as exc:
                hard_failure = exc
        if not errors:
            if hard_failure is not None:
>               raise hard_failure

../factory-story-680/.runtime/test-venvs/career-intelligence-mcp/lib/python3.12/site-packages/pytest_playwright/pytest_playwright.py:113: 
_ _ _ _ _ _ _ _ _ _ _ _ _ _ _ _ _ _ _ _ _ _ _ _ _ _ _ _ _ _ _ _ _ _ _ _ _ _ _ _ 
../factory-story-680/.runtime/test-venvs/career-intelligence-mcp/lib/python3.12/site-packages/pytest_playwright/pytest_playwright.py:108: in pytest_runtest_call
    yield
../factory-story-680/.runtime/test-venvs/career-intelligence-mcp/lib/python3.12/site-packages/pytest_asyncio/plugin.py:569: in runtest
    super().runtest()
../factory-story-680/.runtime/test-venvs/career-intelligence-mcp/lib/python3.12/site-packages/pytest_asyncio/plugin.py:905: in inner
    runner.run(coro, context=context)
_ _ _ _ _ _ _ _ _ _ _ _ _ _ _ _ _ _ _ _ _ _ _ _ _ _ _ _ _ _ _ _ _ _ _ _ _ _ _ _ 

self = <asyncio.runners.Runner object at 0x10bbd3590>
coro = <coroutine object test_upstream_failure_propagates_not_swallowed at 0x10a434c70>
context = <_contextvars.Context object at 0x10b98f180>

    def run(self, coro, *, context=None):
        """Run a coroutine inside the embedded event loop."""
        if not coroutines.iscoroutine(coro):
            raise ValueError("a coroutine was expected, got {!r}".format(coro))
    
        if events._get_running_loop() is not None:
            # fail fast with short traceback
>           raise RuntimeError(
                "Runner.run() cannot be called from a running event loop")
E           RuntimeError: Runner.run() cannot be called from a running event loop

/Users/aiengineer/.local/share/uv/python/cpython-3.12.13-macos-x86_64-none/lib/python3.12/asyncio/runners.py:93: RuntimeError
___________________ test_find_career_transitions_end_to_end ____________________

item = <Coroutine test_find_career_transitions_end_to_end>

    @pytest.hookimpl(wrapper=True, tryfirst=True)
    def pytest_runtest_call(item: Any) -> Generator[None, Any, None]:
        if _soft_scope is None:
            yield
            return
        hard_failure: Optional[BaseException] = None
        with _soft_scope() as errors:
            try:
                yield
            except BaseException as exc:
                hard_failure = exc
        if not errors:
            if hard_failure is not None:
>               raise hard_failure

../factory-story-680/.runtime/test-venvs/career-intelligence-mcp/lib/python3.12/site-packages/pytest_playwright/pytest_playwright.py:113: 
_ _ _ _ _ _ _ _ _ _ _ _ _ _ _ _ _ _ _ _ _ _ _ _ _ _ _ _ _ _ _ _ _ _ _ _ _ _ _ _ 
../factory-story-680/.runtime/test-venvs/career-intelligence-mcp/lib/python3.12/site-packages/pytest_playwright/pytest_playwright.py:108: in pytest_runtest_call
    yield
../factory-story-680/.runtime/test-venvs/career-intelligence-mcp/lib/python3.12/site-packages/pytest_asyncio/plugin.py:569: in runtest
    super().runtest()
../factory-story-680/.runtime/test-venvs/career-intelligence-mcp/lib/python3.12/site-packages/pytest_asyncio/plugin.py:905: in inner
    runner.run(coro, context=context)
_ _ _ _ _ _ _ _ _ _ _ _ _ _ _ _ _ _ _ _ _ _ _ _ _ _ _ _ _ _ _ _ _ _ _ _ _ _ _ _ 

self = <asyncio.runners.Runner object at 0x10bc8efc0>
coro = <coroutine object test_find_career_transitions_end_to_end at 0x10a3d5940>
context = <_contextvars.Context object at 0x10ca68b40>

    def run(self, coro, *, context=None):
        """Run a coroutine inside the embedded event loop."""
        if not coroutines.iscoroutine(coro):
            raise ValueError("a coroutine was expected, got {!r}".format(coro))
    
        if events._get_running_loop() is not None:
            # fail fast with short traceback
>           raise RuntimeError(
                "Runner.run() cannot be called from a running event loop")
E           RuntimeError: Runner.run() cannot be called from a running event loop

/Users/aiengineer/.local/share/uv/python/cpython-3.12.13-macos-x86_64-none/lib/python3.12/asyncio/runners.py:93: RuntimeError
__________ test_find_career_transitions_stops_on_ambiguous_occupation __________

item = <Coroutine test_find_career_transitions_stops_on_ambiguous_occupation>

    @pytest.hookimpl(wrapper=True, tryfirst=True)
    def pytest_runtest_call(item: Any) -> Generator[None, Any, None]:
        if _soft_scope is None:
            yield
            return
        hard_failure: Optional[BaseException] = None
        with _soft_scope() as errors:
            try:
                yield
            except BaseException as exc:
                hard_failure = exc
        if not errors:
            if hard_failure is not None:
>               raise hard_failure

../factory-story-680/.runtime/test-venvs/career-intelligence-mcp/lib/python3.12/site-packages/pytest_playwright/pytest_playwright.py:113: 
_ _ _ _ _ _ _ _ _ _ _ _ _ _ _ _ _ _ _ _ _ _ _ _ _ _ _ _ _ _ _ _ _ _ _ _ _ _ _ _ 
../factory-story-680/.runtime/test-venvs/career-intelligence-mcp/lib/python3.12/site-packages/pytest_playwright/pytest_playwright.py:108: in pytest_runtest_call
    yield
../factory-story-680/.runtime/test-venvs/career-intelligence-mcp/lib/python3.12/site-packages/pytest_asyncio/plugin.py:569: in runtest
    super().runtest()
../factory-story-680/.runtime/test-venvs/career-intelligence-mcp/lib/python3.12/site-packages/pytest_asyncio/plugin.py:905: in inner
    runner.run(coro, context=context)
_ _ _ _ _ _ _ _ _ _ _ _ _ _ _ _ _ _ _ _ _ _ _ _ _ _ _ _ _ _ _ _ _ _ _ _ _ _ _ _ 

self = <asyncio.runners.Runner object at 0x10bc3a9c0>
coro = <coroutine object test_find_career_transitions_stops_on_ambiguous_occupation at 0x10a4a92f0>
context = <_contextvars.Context object at 0x10b9339c0>

    def run(self, coro, *, context=None):
        """Run a coroutine inside the embedded event loop."""
        if not coroutines.iscoroutine(coro):
            raise ValueError("a coroutine was expected, got {!r}".format(coro))
    
        if events._get_running_loop() is not None:
            # fail fast with short traceback
>           raise RuntimeError(
                "Runner.run() cannot be called from a running event loop")
E           RuntimeError: Runner.run() cannot be called from a running event loop

/Users/aiengineer/.local/share/uv/python/cpython-3.12.13-macos-x86_64-none/lib/python3.12/asyncio/runners.py:93: RuntimeError
____ test_find_career_transitions_with_occupation_code_bypasses_resolution _____

item = <Coroutine test_find_career_transitions_with_occupation_code_bypasses_resolution>

    @pytest.hookimpl(wrapper=True, tryfirst=True)
    def pytest_runtest_call(item: Any) -> Generator[None, Any, None]:
        if _soft_scope is None:
            yield
            return
        hard_failure: Optional[BaseException] = None
        with _soft_scope() as errors:
            try:
                yield
            except BaseException as exc:
                hard_failure = exc
        if not errors:
            if hard_failure is not None:
>               raise hard_failure

../factory-story-680/.runtime/test-venvs/career-intelligence-mcp/lib/python3.12/site-packages/pytest_playwright/pytest_playwright.py:113: 
_ _ _ _ _ _ _ _ _ _ _ _ _ _ _ _ _ _ _ _ _ _ _ _ _ _ _ _ _ _ _ _ _ _ _ _ _ _ _ _ 
../factory-story-680/.runtime/test-venvs/career-intelligence-mcp/lib/python3.12/site-packages/pytest_playwright/pytest_playwright.py:108: in pytest_runtest_call
    yield
../factory-story-680/.runtime/test-venvs/career-intelligence-mcp/lib/python3.12/site-packages/pytest_asyncio/plugin.py:569: in runtest
    super().runtest()
../factory-story-680/.runtime/test-venvs/career-intelligence-mcp/lib/python3.12/site-packages/pytest_asyncio/plugin.py:905: in inner
    runner.run(coro, context=context)
_ _ _ _ _ _ _ _ _ _ _ _ _ _ _ _ _ _ _ _ _ _ _ _ _ _ _ _ _ _ _ _ _ _ _ _ _ _ _ _ 

self = <asyncio.runners.Runner object at 0x10bbd00b0>
coro = <coroutine object test_find_career_transitions_with_occupation_code_bypasses_resolution at 0x10ac90760>
context = <_contextvars.Context object at 0x10ca7a8c0>

    def run(self, coro, *, context=None):
        """Run a coroutine inside the embedded event loop."""
        if not coroutines.iscoroutine(coro):
            raise ValueError("a coroutine was expected, got {!r}".format(coro))
    
        if events._get_running_loop() is not None:
            # fail fast with short traceback
>           raise RuntimeError(
                "Runner.run() cannot be called from a running event loop")
E           RuntimeError: Runner.run() cannot be called from a running event loop

/Users/aiengineer/.local/share/uv/python/cpython-3.12.13-macos-x86_64-none/lib/python3.12/asyncio/runners.py:93: RuntimeError
______ test_find_career_transitions_excludes_options_over_training_budget ______

item = <Coroutine test_find_career_transitions_excludes_options_over_training_budget>

    @pytest.hookimpl(wrapper=True, tryfirst=True)
    def pytest_runtest_call(item: Any) -> Generator[None, Any, None]:
        if _soft_scope is None:
            yield
            return
        hard_failure: Optional[BaseException] = None
        with _soft_scope() as errors:
            try:
                yield
            except BaseException as exc:
                hard_failure = exc
        if not errors:
            if hard_failure is not None:
>               raise hard_failure

../factory-story-680/.runtime/test-venvs/career-intelligence-mcp/lib/python3.12/site-packages/pytest_playwright/pytest_playwright.py:113: 
_ _ _ _ _ _ _ _ _ _ _ _ _ _ _ _ _ _ _ _ _ _ _ _ _ _ _ _ _ _ _ _ _ _ _ _ _ _ _ _ 
../factory-story-680/.runtime/test-venvs/career-intelligence-mcp/lib/python3.12/site-packages/pytest_playwright/pytest_playwright.py:108: in pytest_runtest_call
    yield
../factory-story-680/.runtime/test-venvs/career-intelligence-mcp/lib/python3.12/site-packages/pytest_asyncio/plugin.py:569: in runtest
    super().runtest()
../factory-story-680/.runtime/test-venvs/career-intelligence-mcp/lib/python3.12/site-packages/pytest_asyncio/plugin.py:905: in inner
    runner.run(coro, context=context)
_ _ _ _ _ _ _ _ _ _ _ _ _ _ _ _ _ _ _ _ _ _ _ _ _ _ _ _ _ _ _ _ _ _ _ _ _ _ _ _ 

self = <asyncio.runners.Runner object at 0x10bc3a660>
coro = <coroutine object test_find_career_transitions_excludes_options_over_training_budget at 0x10a3d5940>
context = <_contextvars.Context object at 0x10b76fdc0>

    def run(self, coro, *, context=None):
        """Run a coroutine inside the embedded event loop."""
        if not coroutines.iscoroutine(coro):
            raise ValueError("a coroutine was expected, got {!r}".format(coro))
    
        if events._get_running_loop() is not None:
            # fail fast with short traceback
>           raise RuntimeError(
                "Runner.run() cannot be called from a running event loop")
E           RuntimeError: Runner.run() cannot be called from a running event loop

/Users/aiengineer/.local/share/uv/python/cpython-3.12.13-macos-x86_64-none/lib/python3.12/asyncio/runners.py:93: RuntimeError
________ test_find_career_transitions_degrades_current_wages_on_failure ________

item = <Coroutine test_find_career_transitions_degrades_current_wages_on_failure>

    @pytest.hookimpl(wrapper=True, tryfirst=True)
    def pytest_runtest_call(item: Any) -> Generator[None, Any, None]:
        if _soft_scope is None:
            yield
            return
        hard_failure: Optional[BaseException] = None
        with _soft_scope() as errors:
            try:
                yield
            except BaseException as exc:
                hard_failure = exc
        if not errors:
            if hard_failure is not None:
>               raise hard_failure

../factory-story-680/.runtime/test-venvs/career-intelligence-mcp/lib/python3.12/site-packages/pytest_playwright/pytest_playwright.py:113: 
_ _ _ _ _ _ _ _ _ _ _ _ _ _ _ _ _ _ _ _ _ _ _ _ _ _ _ _ _ _ _ _ _ _ _ _ _ _ _ _ 
../factory-story-680/.runtime/test-venvs/career-intelligence-mcp/lib/python3.12/site-packages/pytest_playwright/pytest_playwright.py:108: in pytest_runtest_call
    yield
../factory-story-680/.runtime/test-venvs/career-intelligence-mcp/lib/python3.12/site-packages/pytest_asyncio/plugin.py:569: in runtest
    super().runtest()
../factory-story-680/.runtime/test-venvs/career-intelligence-mcp/lib/python3.12/site-packages/pytest_asyncio/plugin.py:905: in inner
    runner.run(coro, context=context)
_ _ _ _ _ _ _ _ _ _ _ _ _ _ _ _ _ _ _ _ _ _ _ _ _ _ _ _ _ _ _ _ _ _ _ _ _ _ _ _ 

self = <asyncio.runners.Runner object at 0x10bc3b740>
coro = <coroutine object test_find_career_transitions_degrades_current_wages_on_failure at 0x10b7a0880>
context = <_contextvars.Context object at 0x10b7946c0>

    def run(self, coro, *, context=None):
        """Run a coroutine inside the embedded event loop."""
        if not coroutines.iscoroutine(coro):
            raise ValueError("a coroutine was expected, got {!r}".format(coro))
    
        if events._get_running_loop() is not None:
            # fail fast with short traceback
>           raise RuntimeError(
                "Runner.run() cannot be called from a running event loop")
E           RuntimeError: Runner.run() cannot be called from a running event loop

/Users/aiengineer/.local/share/uv/python/cpython-3.12.13-macos-x86_64-none/lib/python3.12/asyncio/runners.py:93: RuntimeError
_____________ test_enrich_top_n_zero_preserves_current_exact_shape _____________

item = <Coroutine test_enrich_top_n_zero_preserves_current_exact_shape>

    @pytest.hookimpl(wrapper=True, tryfirst=True)
    def pytest_runtest_call(item: Any) -> Generator[None, Any, None]:
        if _soft_scope is None:
            yield
            return
        hard_failure: Optional[BaseException] = None
        with _soft_scope() as errors:
            try:
                yield
            except BaseException as exc:
                hard_failure = exc
        if not errors:
            if hard_failure is not None:
>               raise hard_failure

../factory-story-680/.runtime/test-venvs/career-intelligence-mcp/lib/python3.12/site-packages/pytest_playwright/pytest_playwright.py:113: 
_ _ _ _ _ _ _ _ _ _ _ _ _ _ _ _ _ _ _ _ _ _ _ _ _ _ _ _ _ _ _ _ _ _ _ _ _ _ _ _ 
../factory-story-680/.runtime/test-venvs/career-intelligence-mcp/lib/python3.12/site-packages/pytest_playwright/pytest_playwright.py:108: in pytest_runtest_call
    yield
../factory-story-680/.runtime/test-venvs/career-intelligence-mcp/lib/python3.12/site-packages/pytest_asyncio/plugin.py:569: in runtest
    super().runtest()
../factory-story-680/.runtime/test-venvs/career-intelligence-mcp/lib/python3.12/site-packages/pytest_asyncio/plugin.py:905: in inner
    runner.run(coro, context=context)
_ _ _ _ _ _ _ _ _ _ _ _ _ _ _ _ _ _ _ _ _ _ _ _ _ _ _ _ _ _ _ _ _ _ _ _ _ _ _ _ 

self = <asyncio.runners.Runner object at 0x10bc3a480>
coro = <coroutine object test_enrich_top_n_zero_preserves_current_exact_shape at 0x10a283760>
context = <_contextvars.Context object at 0x10b8ffa80>

    def run(self, coro, *, context=None):
        """Run a coroutine inside the embedded event loop."""
        if not coroutines.iscoroutine(coro):
            raise ValueError("a coroutine was expected, got {!r}".format(coro))
    
        if events._get_running_loop() is not None:
            # fail fast with short traceback
>           raise RuntimeError(
                "Runner.run() cannot be called from a running event loop")
E           RuntimeError: Runner.run() cannot be called from a running event loop

/Users/aiengineer/.local/share/uv/python/cpython-3.12.13-macos-x86_64-none/lib/python3.12/asyncio/runners.py:93: RuntimeError
_______ test_enrich_top_n_populates_real_fields_for_enriched_candidates ________

item = <Coroutine test_enrich_top_n_populates_real_fields_for_enriched_candidates>

    @pytest.hookimpl(wrapper=True, tryfirst=True)
    def pytest_runtest_call(item: Any) -> Generator[None, Any, None]:
        if _soft_scope is None:
            yield
            return
        hard_failure: Optional[BaseException] = None
        with _soft_scope() as errors:
            try:
                yield
            except BaseException as exc:
                hard_failure = exc
        if not errors:
            if hard_failure is not None:
>               raise hard_failure

../factory-story-680/.runtime/test-venvs/career-intelligence-mcp/lib/python3.12/site-packages/pytest_playwright/pytest_playwright.py:113: 
_ _ _ _ _ _ _ _ _ _ _ _ _ _ _ _ _ _ _ _ _ _ _ _ _ _ _ _ _ _ _ _ _ _ _ _ _ _ _ _ 
../factory-story-680/.runtime/test-venvs/career-intelligence-mcp/lib/python3.12/site-packages/pytest_playwright/pytest_playwright.py:108: in pytest_runtest_call
    yield
../factory-story-680/.runtime/test-venvs/career-intelligence-mcp/lib/python3.12/site-packages/pytest_asyncio/plugin.py:569: in runtest
    super().runtest()
../factory-story-680/.runtime/test-venvs/career-intelligence-mcp/lib/python3.12/site-packages/pytest_asyncio/plugin.py:905: in inner
    runner.run(coro, context=context)
_ _ _ _ _ _ _ _ _ _ _ _ _ _ _ _ _ _ _ _ _ _ _ _ _ _ _ _ _ _ _ _ _ _ _ _ _ _ _ _ 

self = <asyncio.runners.Runner object at 0x10bc3bce0>
coro = <coroutine object test_enrich_top_n_populates_real_fields_for_enriched_candidates at 0x10a222c20>
context = <_contextvars.Context object at 0x10ca94f00>

    def run(self, coro, *, context=None):
        """Run a coroutine inside the embedded event loop."""
        if not coroutines.iscoroutine(coro):
            raise ValueError("a coroutine was expected, got {!r}".format(coro))
    
        if events._get_running_loop() is not None:
            # fail fast with short traceback
>           raise RuntimeError(
                "Runner.run() cannot be called from a running event loop")
E           RuntimeError: Runner.run() cannot be called from a running event loop

/Users/aiengineer/.local/share/uv/python/cpython-3.12.13-macos-x86_64-none/lib/python3.12/asyncio/runners.py:93: RuntimeError
________ test_wage_fetch_failure_degrades_independently_of_other_fields ________

item = <Coroutine test_wage_fetch_failure_degrades_independently_of_other_fields>

    @pytest.hookimpl(wrapper=True, tryfirst=True)
    def pytest_runtest_call(item: Any) -> Generator[None, Any, None]:
        if _soft_scope is None:
            yield
            return
        hard_failure: Optional[BaseException] = None
        with _soft_scope() as errors:
            try:
                yield
            except BaseException as exc:
                hard_failure = exc
        if not errors:
            if hard_failure is not None:
>               raise hard_failure

../factory-story-680/.runtime/test-venvs/career-intelligence-mcp/lib/python3.12/site-packages/pytest_playwright/pytest_playwright.py:113: 
_ _ _ _ _ _ _ _ _ _ _ _ _ _ _ _ _ _ _ _ _ _ _ _ _ _ _ _ _ _ _ _ _ _ _ _ _ _ _ _ 
../factory-story-680/.runtime/test-venvs/career-intelligence-mcp/lib/python3.12/site-packages/pytest_playwright/pytest_playwright.py:108: in pytest_runtest_call
    yield
../factory-story-680/.runtime/test-venvs/career-intelligence-mcp/lib/python3.12/site-packages/pytest_asyncio/plugin.py:569: in runtest
    super().runtest()
../factory-story-680/.runtime/test-venvs/career-intelligence-mcp/lib/python3.12/site-packages/pytest_asyncio/plugin.py:905: in inner
    runner.run(coro, context=context)
_ _ _ _ _ _ _ _ _ _ _ _ _ _ _ _ _ _ _ _ _ _ _ _ _ _ _ _ _ _ _ _ _ _ _ _ _ _ _ _ 

self = <asyncio.runners.Runner object at 0x10bc3a810>
coro = <coroutine object test_wage_fetch_failure_degrades_independently_of_other_fields at 0x10a3d5940>
context = <_contextvars.Context object at 0x10ca7bf40>

    def run(self, coro, *, context=None):
        """Run a coroutine inside the embedded event loop."""
        if not coroutines.iscoroutine(coro):
            raise ValueError("a coroutine was expected, got {!r}".format(coro))
    
        if events._get_running_loop() is not None:
            # fail fast with short traceback
>           raise RuntimeError(
                "Runner.run() cannot be called from a running event loop")
E           RuntimeError: Runner.run() cannot be called from a running event loop

/Users/aiengineer/.local/share/uv/python/cpython-3.12.13-macos-x86_64-none/lib/python3.12/asyncio/runners.py:93: RuntimeError
____ test_missing_careeronestop_credentials_degrades_wages_not_other_fields ____

item = <Coroutine test_missing_careeronestop_credentials_degrades_wages_not_other_fields>

    @pytest.hookimpl(wrapper=True, tryfirst=True)
    def pytest_runtest_call(item: Any) -> Generator[None, Any, None]:
        if _soft_scope is None:
            yield
            return
        hard_failure: Optional[BaseException] = None
        with _soft_scope() as errors:
            try:
                yield
            except BaseException as exc:
                hard_failure = exc
        if not errors:
            if hard_failure is not None:
>               raise hard_failure

../factory-story-680/.runtime/test-venvs/career-intelligence-mcp/lib/python3.12/site-packages/pytest_playwright/pytest_playwright.py:113: 
_ _ _ _ _ _ _ _ _ _ _ _ _ _ _ _ _ _ _ _ _ _ _ _ _ _ _ _ _ _ _ _ _ _ _ _ _ _ _ _ 
../factory-story-680/.runtime/test-venvs/career-intelligence-mcp/lib/python3.12/site-packages/pytest_playwright/pytest_playwright.py:108: in pytest_runtest_call
    yield
../factory-story-680/.runtime/test-venvs/career-intelligence-mcp/lib/python3.12/site-packages/pytest_asyncio/plugin.py:569: in runtest
    super().runtest()
../factory-story-680/.runtime/test-venvs/career-intelligence-mcp/lib/python3.12/site-packages/pytest_asyncio/plugin.py:905: in inner
    runner.run(coro, context=context)
_ _ _ _ _ _ _ _ _ _ _ _ _ _ _ _ _ _ _ _ _ _ _ _ _ _ _ _ _ _ _ _ _ _ _ _ _ _ _ _ 

self = <asyncio.runners.Runner object at 0x10bbd5df0>
coro = <coroutine object test_missing_careeronestop_credentials_degrades_wages_not_other_fields at 0x10ac91210>
context = <_contextvars.Context object at 0x10ca68b40>

    def run(self, coro, *, context=None):
        """Run a coroutine inside the embedded event loop."""
        if not coroutines.iscoroutine(coro):
            raise ValueError("a coroutine was expected, got {!r}".format(coro))
    
        if events._get_running_loop() is not None:
            # fail fast with short traceback
>           raise RuntimeError(
                "Runner.run() cannot be called from a running event loop")
E           RuntimeError: Runner.run() cannot be called from a running event loop

/Users/aiengineer/.local/share/uv/python/cpython-3.12.13-macos-x86_64-none/lib/python3.12/asyncio/runners.py:93: RuntimeError
___________________ test_successful_request_returns_response ___________________

item = <Coroutine test_successful_request_returns_response>

    @pytest.hookimpl(wrapper=True, tryfirst=True)
    def pytest_runtest_call(item: Any) -> Generator[None, Any, None]:
        if _soft_scope is None:
            yield
            return
        hard_failure: Optional[BaseException] = None
        with _soft_scope() as errors:
            try:
                yield
            except BaseException as exc:
                hard_failure = exc
        if not errors:
            if hard_failure is not None:
>               raise hard_failure

../factory-story-680/.runtime/test-venvs/career-intelligence-mcp/lib/python3.12/site-packages/pytest_playwright/pytest_playwright.py:113: 
_ _ _ _ _ _ _ _ _ _ _ _ _ _ _ _ _ _ _ _ _ _ _ _ _ _ _ _ _ _ _ _ _ _ _ _ _ _ _ _ 
../factory-story-680/.runtime/test-venvs/career-intelligence-mcp/lib/python3.12/site-packages/pytest_playwright/pytest_playwright.py:108: in pytest_runtest_call
    yield
../factory-story-680/.runtime/test-venvs/career-intelligence-mcp/lib/python3.12/site-packages/pytest_asyncio/plugin.py:569: in runtest
    super().runtest()
../factory-story-680/.runtime/test-venvs/career-intelligence-mcp/lib/python3.12/site-packages/pytest_asyncio/plugin.py:905: in inner
    runner.run(coro, context=context)
_ _ _ _ _ _ _ _ _ _ _ _ _ _ _ _ _ _ _ _ _ _ _ _ _ _ _ _ _ _ _ _ _ _ _ _ _ _ _ _ 

self = <asyncio.runners.Runner object at 0x10bbd4c80>
coro = <coroutine object test_successful_request_returns_response at 0x10ac90af0>
context = <_contextvars.Context object at 0x10bbfc500>

    def run(self, coro, *, context=None):
        """Run a coroutine inside the embedded event loop."""
        if not coroutines.iscoroutine(coro):
            raise ValueError("a coroutine was expected, got {!r}".format(coro))
    
        if events._get_running_loop() is not None:
            # fail fast with short traceback
>           raise RuntimeError(
                "Runner.run() cannot be called from a running event loop")
E           RuntimeError: Runner.run() cannot be called from a running event loop

/Users/aiengineer/.local/share/uv/python/cpython-3.12.13-macos-x86_64-none/lib/python3.12/asyncio/runners.py:93: RuntimeError
______________________ test_retries_on_500_then_succeeds _______________________

item = <Coroutine test_retries_on_500_then_succeeds>

    @pytest.hookimpl(wrapper=True, tryfirst=True)
    def pytest_runtest_call(item: Any) -> Generator[None, Any, None]:
        if _soft_scope is None:
            yield
            return
        hard_failure: Optional[BaseException] = None
        with _soft_scope() as errors:
            try:
                yield
            except BaseException as exc:
                hard_failure = exc
        if not errors:
            if hard_failure is not None:
>               raise hard_failure

../factory-story-680/.runtime/test-venvs/career-intelligence-mcp/lib/python3.12/site-packages/pytest_playwright/pytest_playwright.py:113: 
_ _ _ _ _ _ _ _ _ _ _ _ _ _ _ _ _ _ _ _ _ _ _ _ _ _ _ _ _ _ _ _ _ _ _ _ _ _ _ _ 
../factory-story-680/.runtime/test-venvs/career-intelligence-mcp/lib/python3.12/site-packages/pytest_playwright/pytest_playwright.py:108: in pytest_runtest_call
    yield
../factory-story-680/.runtime/test-venvs/career-intelligence-mcp/lib/python3.12/site-packages/pytest_asyncio/plugin.py:569: in runtest
    super().runtest()
../factory-story-680/.runtime/test-venvs/career-intelligence-mcp/lib/python3.12/site-packages/pytest_asyncio/plugin.py:905: in inner
    runner.run(coro, context=context)
_ _ _ _ _ _ _ _ _ _ _ _ _ _ _ _ _ _ _ _ _ _ _ _ _ _ _ _ _ _ _ _ _ _ _ _ _ _ _ _ 

self = <asyncio.runners.Runner object at 0x10bc8e5d0>
coro = <coroutine object test_retries_on_500_then_succeeds at 0x10a3d6840>
context = <_contextvars.Context object at 0x10bc5d7c0>

    def run(self, coro, *, context=None):
        """Run a coroutine inside the embedded event loop."""
        if not coroutines.iscoroutine(coro):
            raise ValueError("a coroutine was expected, got {!r}".format(coro))
    
        if events._get_running_loop() is not None:
            # fail fast with short traceback
>           raise RuntimeError(
                "Runner.run() cannot be called from a running event loop")
E           RuntimeError: Runner.run() cannot be called from a running event loop

/Users/aiengineer/.local/share/uv/python/cpython-3.12.13-macos-x86_64-none/lib/python3.12/asyncio/runners.py:93: RuntimeError
_______________ test_exhausts_retries_and_raises_upstream_error ________________

item = <Coroutine test_exhausts_retries_and_raises_upstream_error>

    @pytest.hookimpl(wrapper=True, tryfirst=True)
    def pytest_runtest_call(item: Any) -> Generator[None, Any, None]:
        if _soft_scope is None:
            yield
            return
        hard_failure: Optional[BaseException] = None
        with _soft_scope() as errors:
            try:
                yield
            except BaseException as exc:
                hard_failure = exc
        if not errors:
            if hard_failure is not None:
>               raise hard_failure

../factory-story-680/.runtime/test-venvs/career-intelligence-mcp/lib/python3.12/site-packages/pytest_playwright/pytest_playwright.py:113: 
_ _ _ _ _ _ _ _ _ _ _ _ _ _ _ _ _ _ _ _ _ _ _ _ _ _ _ _ _ _ _ _ _ _ _ _ _ _ _ _ 
../factory-story-680/.runtime/test-venvs/career-intelligence-mcp/lib/python3.12/site-packages/pytest_playwright/pytest_playwright.py:108: in pytest_runtest_call
    yield
../factory-story-680/.runtime/test-venvs/career-intelligence-mcp/lib/python3.12/site-packages/pytest_asyncio/plugin.py:569: in runtest
    super().runtest()
../factory-story-680/.runtime/test-venvs/career-intelligence-mcp/lib/python3.12/site-packages/pytest_asyncio/plugin.py:905: in inner
    runner.run(coro, context=context)
_ _ _ _ _ _ _ _ _ _ _ _ _ _ _ _ _ _ _ _ _ _ _ _ _ _ _ _ _ _ _ _ _ _ _ _ _ _ _ _ 

self = <asyncio.runners.Runner object at 0x10b660c80>
coro = <coroutine object test_exhausts_retries_and_raises_upstream_error at 0x10a4362f0>
context = <_contextvars.Context object at 0x10bc07080>

    def run(self, coro, *, context=None):
        """Run a coroutine inside the embedded event loop."""
        if not coroutines.iscoroutine(coro):
            raise ValueError("a coroutine was expected, got {!r}".format(coro))
    
        if events._get_running_loop() is not None:
            # fail fast with short traceback
>           raise RuntimeError(
                "Runner.run() cannot be called from a running event loop")
E           RuntimeError: Runner.run() cannot be called from a running event loop

/Users/aiengineer/.local/share/uv/python/cpython-3.12.13-macos-x86_64-none/lib/python3.12/asyncio/runners.py:93: RuntimeError
__________________ test_client_error_fails_fast_without_retry __________________

item = <Coroutine test_client_error_fails_fast_without_retry>

    @pytest.hookimpl(wrapper=True, tryfirst=True)
    def pytest_runtest_call(item: Any) -> Generator[None, Any, None]:
        if _soft_scope is None:
            yield
            return
        hard_failure: Optional[BaseException] = None
        with _soft_scope() as errors:
            try:
                yield
            except BaseException as exc:
                hard_failure = exc
        if not errors:
            if hard_failure is not None:
>               raise hard_failure

../factory-story-680/.runtime/test-venvs/career-intelligence-mcp/lib/python3.12/site-packages/pytest_playwright/pytest_playwright.py:113: 
_ _ _ _ _ _ _ _ _ _ _ _ _ _ _ _ _ _ _ _ _ _ _ _ _ _ _ _ _ _ _ _ _ _ _ _ _ _ _ _ 
../factory-story-680/.runtime/test-venvs/career-intelligence-mcp/lib/python3.12/site-packages/pytest_playwright/pytest_playwright.py:108: in pytest_runtest_call
    yield
../factory-story-680/.runtime/test-venvs/career-intelligence-mcp/lib/python3.12/site-packages/pytest_asyncio/plugin.py:569: in runtest
    super().runtest()
../factory-story-680/.runtime/test-venvs/career-intelligence-mcp/lib/python3.12/site-packages/pytest_asyncio/plugin.py:905: in inner
    runner.run(coro, context=context)
_ _ _ _ _ _ _ _ _ _ _ _ _ _ _ _ _ _ _ _ _ _ _ _ _ _ _ _ _ _ _ _ _ _ _ _ _ _ _ _ 

self = <asyncio.runners.Runner object at 0x10bc852e0>
coro = <coroutine object test_client_error_fails_fast_without_retry at 0x10a5129e0>
context = <_contextvars.Context object at 0x10cabba80>

    def run(self, coro, *, context=None):
        """Run a coroutine inside the embedded event loop."""
        if not coroutines.iscoroutine(coro):
            raise ValueError("a coroutine was expected, got {!r}".format(coro))
    
        if events._get_running_loop() is not None:
            # fail fast with short traceback
>           raise RuntimeError(
                "Runner.run() cannot be called from a running event loop")
E           RuntimeError: Runner.run() cannot be called from a running event loop

/Users/aiengineer/.local/share/uv/python/cpython-3.12.13-macos-x86_64-none/lib/python3.12/asyncio/runners.py:93: RuntimeError
________________ test_find_licenses_ambiguous_occupation_raises ________________

item = <Coroutine test_find_licenses_ambiguous_occupation_raises>

    @pytest.hookimpl(wrapper=True, tryfirst=True)
    def pytest_runtest_call(item: Any) -> Generator[None, Any, None]:
        if _soft_scope is None:
            yield
            return
        hard_failure: Optional[BaseException] = None
        with _soft_scope() as errors:
            try:
                yield
            except BaseException as exc:
                hard_failure = exc
        if not errors:
            if hard_failure is not None:
>               raise hard_failure

../factory-story-680/.runtime/test-venvs/career-intelligence-mcp/lib/python3.12/site-packages/pytest_playwright/pytest_playwright.py:113: 
_ _ _ _ _ _ _ _ _ _ _ _ _ _ _ _ _ _ _ _ _ _ _ _ _ _ _ _ _ _ _ _ _ _ _ _ _ _ _ _ 
../factory-story-680/.runtime/test-venvs/career-intelligence-mcp/lib/python3.12/site-packages/pytest_playwright/pytest_playwright.py:108: in pytest_runtest_call
    yield
../factory-story-680/.runtime/test-venvs/career-intelligence-mcp/lib/python3.12/site-packages/pytest_asyncio/plugin.py:569: in runtest
    super().runtest()
../factory-story-680/.runtime/test-venvs/career-intelligence-mcp/lib/python3.12/site-packages/pytest_asyncio/plugin.py:905: in inner
    runner.run(coro, context=context)
_ _ _ _ _ _ _ _ _ _ _ _ _ _ _ _ _ _ _ _ _ _ _ _ _ _ _ _ _ _ _ _ _ _ _ _ _ _ _ _ 

self = <asyncio.runners.Runner object at 0x10b64bad0>
coro = <coroutine object test_find_licenses_ambiguous_occupation_raises at 0x10a41ab40>
context = <_contextvars.Context object at 0x10ca8d380>

    def run(self, coro, *, context=None):
        """Run a coroutine inside the embedded event loop."""
        if not coroutines.iscoroutine(coro):
            raise ValueError("a coroutine was expected, got {!r}".format(coro))
    
        if events._get_running_loop() is not None:
            # fail fast with short traceback
>           raise RuntimeError(
                "Runner.run() cannot be called from a running event loop")
E           RuntimeError: Runner.run() cannot be called from a running event loop

/Users/aiengineer/.local/share/uv/python/cpython-3.12.13-macos-x86_64-none/lib/python3.12/asyncio/runners.py:93: RuntimeError
________ test_find_licenses_success_preserves_legal_status_and_citation ________

item = <Coroutine test_find_licenses_success_preserves_legal_status_and_citation>

    @pytest.hookimpl(wrapper=True, tryfirst=True)
    def pytest_runtest_call(item: Any) -> Generator[None, Any, None]:
        if _soft_scope is None:
            yield
            return
        hard_failure: Optional[BaseException] = None
        with _soft_scope() as errors:
            try:
                yield
            except BaseException as exc:
                hard_failure = exc
        if not errors:
            if hard_failure is not None:
>               raise hard_failure

../factory-story-680/.runtime/test-venvs/career-intelligence-mcp/lib/python3.12/site-packages/pytest_playwright/pytest_playwright.py:113: 
_ _ _ _ _ _ _ _ _ _ _ _ _ _ _ _ _ _ _ _ _ _ _ _ _ _ _ _ _ _ _ _ _ _ _ _ _ _ _ _ 
../factory-story-680/.runtime/test-venvs/career-intelligence-mcp/lib/python3.12/site-packages/pytest_playwright/pytest_playwright.py:108: in pytest_runtest_call
    yield
../factory-story-680/.runtime/test-venvs/career-intelligence-mcp/lib/python3.12/site-packages/pytest_asyncio/plugin.py:569: in runtest
    super().runtest()
../factory-story-680/.runtime/test-venvs/career-intelligence-mcp/lib/python3.12/site-packages/pytest_asyncio/plugin.py:905: in inner
    runner.run(coro, context=context)
_ _ _ _ _ _ _ _ _ _ _ _ _ _ _ _ _ _ _ _ _ _ _ _ _ _ _ _ _ _ _ _ _ _ _ _ _ _ _ _ 

self = <asyncio.runners.Runner object at 0x10bc86510>
coro = <coroutine object test_find_licenses_success_preserves_legal_status_and_citation at 0x10a2232a0>
context = <_contextvars.Context object at 0x10cabb940>

    def run(self, coro, *, context=None):
        """Run a coroutine inside the embedded event loop."""
        if not coroutines.iscoroutine(coro):
            raise ValueError("a coroutine was expected, got {!r}".format(coro))
    
        if events._get_running_loop() is not None:
            # fail fast with short traceback
>           raise RuntimeError(
                "Runner.run() cannot be called from a running event loop")
E           RuntimeError: Runner.run() cannot be called from a running event loop

/Users/aiengineer/.local/share/uv/python/cpython-3.12.13-macos-x86_64-none/lib/python3.12/asyncio/runners.py:93: RuntimeError
____________ test_find_licenses_zero_matches_still_carries_citation ____________

item = <Coroutine test_find_licenses_zero_matches_still_carries_citation>

    @pytest.hookimpl(wrapper=True, tryfirst=True)
    def pytest_runtest_call(item: Any) -> Generator[None, Any, None]:
        if _soft_scope is None:
            yield
            return
        hard_failure: Optional[BaseException] = None
        with _soft_scope() as errors:
            try:
                yield
            except BaseException as exc:
                hard_failure = exc
        if not errors:
            if hard_failure is not None:
>               raise hard_failure

../factory-story-680/.runtime/test-venvs/career-intelligence-mcp/lib/python3.12/site-packages/pytest_playwright/pytest_playwright.py:113: 
_ _ _ _ _ _ _ _ _ _ _ _ _ _ _ _ _ _ _ _ _ _ _ _ _ _ _ _ _ _ _ _ _ _ _ _ _ _ _ _ 
../factory-story-680/.runtime/test-venvs/career-intelligence-mcp/lib/python3.12/site-packages/pytest_playwright/pytest_playwright.py:108: in pytest_runtest_call
    yield
../factory-story-680/.runtime/test-venvs/career-intelligence-mcp/lib/python3.12/site-packages/pytest_asyncio/plugin.py:569: in runtest
    super().runtest()
../factory-story-680/.runtime/test-venvs/career-intelligence-mcp/lib/python3.12/site-packages/pytest_asyncio/plugin.py:905: in inner
    runner.run(coro, context=context)
_ _ _ _ _ _ _ _ _ _ _ _ _ _ _ _ _ _ _ _ _ _ _ _ _ _ _ _ _ _ _ _ _ _ _ _ _ _ _ _ 

self = <asyncio.runners.Runner object at 0x10bc8e5d0>
coro = <coroutine object test_find_licenses_zero_matches_still_carries_citation at 0x10a4a92f0>
context = <_contextvars.Context object at 0x10bc059c0>

    def run(self, coro, *, context=None):
        """Run a coroutine inside the embedded event loop."""
        if not coroutines.iscoroutine(coro):
            raise ValueError("a coroutine was expected, got {!r}".format(coro))
    
        if events._get_running_loop() is not None:
            # fail fast with short traceback
>           raise RuntimeError(
                "Runner.run() cannot be called from a running event loop")
E           RuntimeError: Runner.run() cannot be called from a running event loop

/Users/aiengineer/.local/share/uv/python/cpython-3.12.13-macos-x86_64-none/lib/python3.12/asyncio/runners.py:93: RuntimeError
__________ test_find_licenses_defaults_to_nationwide_when_no_location __________

item = <Coroutine test_find_licenses_defaults_to_nationwide_when_no_location>

    @pytest.hookimpl(wrapper=True, tryfirst=True)
    def pytest_runtest_call(item: Any) -> Generator[None, Any, None]:
        if _soft_scope is None:
            yield
            return
        hard_failure: Optional[BaseException] = None
        with _soft_scope() as errors:
            try:
                yield
            except BaseException as exc:
                hard_failure = exc
        if not errors:
            if hard_failure is not None:
>               raise hard_failure

../factory-story-680/.runtime/test-venvs/career-intelligence-mcp/lib/python3.12/site-packages/pytest_playwright/pytest_playwright.py:113: 
_ _ _ _ _ _ _ _ _ _ _ _ _ _ _ _ _ _ _ _ _ _ _ _ _ _ _ _ _ _ _ _ _ _ _ _ _ _ _ _ 
../factory-story-680/.runtime/test-venvs/career-intelligence-mcp/lib/python3.12/site-packages/pytest_playwright/pytest_playwright.py:108: in pytest_runtest_call
    yield
../factory-story-680/.runtime/test-venvs/career-intelligence-mcp/lib/python3.12/site-packages/pytest_asyncio/plugin.py:569: in runtest
    super().runtest()
../factory-story-680/.runtime/test-venvs/career-intelligence-mcp/lib/python3.12/site-packages/pytest_asyncio/plugin.py:905: in inner
    runner.run(coro, context=context)
_ _ _ _ _ _ _ _ _ _ _ _ _ _ _ _ _ _ _ _ _ _ _ _ _ _ _ _ _ _ _ _ _ _ _ _ _ _ _ _ 

self = <asyncio.runners.Runner object at 0x10b7825a0>
coro = <coroutine object test_find_licenses_defaults_to_nationwide_when_no_location at 0x10a3d6840>
context = <_contextvars.Context object at 0x10b98f180>

    def run(self, coro, *, context=None):
        """Run a coroutine inside the embedded event loop."""
        if not coroutines.iscoroutine(coro):
            raise ValueError("a coroutine was expected, got {!r}".format(coro))
    
        if events._get_running_loop() is not None:
            # fail fast with short traceback
>           raise RuntimeError(
                "Runner.run() cannot be called from a running event loop")
E           RuntimeError: Runner.run() cannot be called from a running event loop

/Users/aiengineer/.local/share/uv/python/cpython-3.12.13-macos-x86_64-none/lib/python3.12/asyncio/runners.py:93: RuntimeError
_________ test_find_licenses_upstream_failure_propagates_not_swallowed _________

item = <Coroutine test_find_licenses_upstream_failure_propagates_not_swallowed>

    @pytest.hookimpl(wrapper=True, tryfirst=True)
    def pytest_runtest_call(item: Any) -> Generator[None, Any, None]:
        if _soft_scope is None:
            yield
            return
        hard_failure: Optional[BaseException] = None
        with _soft_scope() as errors:
            try:
                yield
            except BaseException as exc:
                hard_failure = exc
        if not errors:
            if hard_failure is not None:
>               raise hard_failure

../factory-story-680/.runtime/test-venvs/career-intelligence-mcp/lib/python3.12/site-packages/pytest_playwright/pytest_playwright.py:113: 
_ _ _ _ _ _ _ _ _ _ _ _ _ _ _ _ _ _ _ _ _ _ _ _ _ _ _ _ _ _ _ _ _ _ _ _ _ _ _ _ 
../factory-story-680/.runtime/test-venvs/career-intelligence-mcp/lib/python3.12/site-packages/pytest_playwright/pytest_playwright.py:108: in pytest_runtest_call
    yield
../factory-story-680/.runtime/test-venvs/career-intelligence-mcp/lib/python3.12/site-packages/pytest_asyncio/plugin.py:569: in runtest
    super().runtest()
../factory-story-680/.runtime/test-venvs/career-intelligence-mcp/lib/python3.12/site-packages/pytest_asyncio/plugin.py:905: in inner
    runner.run(coro, context=context)
_ _ _ _ _ _ _ _ _ _ _ _ _ _ _ _ _ _ _ _ _ _ _ _ _ _ _ _ _ _ _ _ _ _ _ _ _ _ _ _ 

self = <asyncio.runners.Runner object at 0x10bbd3500>
coro = <coroutine object test_find_licenses_upstream_failure_propagates_not_swallowed at 0x10a439140>
context = <_contextvars.Context object at 0x10bcacd40>

    def run(self, coro, *, context=None):
        """Run a coroutine inside the embedded event loop."""
        if not coroutines.iscoroutine(coro):
            raise ValueError("a coroutine was expected, got {!r}".format(coro))
    
        if events._get_running_loop() is not None:
            # fail fast with short traceback
>           raise RuntimeError(
                "Runner.run() cannot be called from a running event loop")
E           RuntimeError: Runner.run() cannot be called from a running event loop

/Users/aiengineer/.local/share/uv/python/cpython-3.12.13-macos-x86_64-none/lib/python3.12/asyncio/runners.py:93: RuntimeError
______________ test_find_licenses_missing_credentials_propagates _______________

item = <Coroutine test_find_licenses_missing_credentials_propagates>

    @pytest.hookimpl(wrapper=True, tryfirst=True)
    def pytest_runtest_call(item: Any) -> Generator[None, Any, None]:
        if _soft_scope is None:
            yield
            return
        hard_failure: Optional[BaseException] = None
        with _soft_scope() as errors:
            try:
                yield
            except BaseException as exc:
                hard_failure = exc
        if not errors:
            if hard_failure is not None:
>               raise hard_failure

../factory-story-680/.runtime/test-venvs/career-intelligence-mcp/lib/python3.12/site-packages/pytest_playwright/pytest_playwright.py:113: 
_ _ _ _ _ _ _ _ _ _ _ _ _ _ _ _ _ _ _ _ _ _ _ _ _ _ _ _ _ _ _ _ _ _ _ _ _ _ _ _ 
../factory-story-680/.runtime/test-venvs/career-intelligence-mcp/lib/python3.12/site-packages/pytest_playwright/pytest_playwright.py:108: in pytest_runtest_call
    yield
../factory-story-680/.runtime/test-venvs/career-intelligence-mcp/lib/python3.12/site-packages/pytest_asyncio/plugin.py:569: in runtest
    super().runtest()
../factory-story-680/.runtime/test-venvs/career-intelligence-mcp/lib/python3.12/site-packages/pytest_asyncio/plugin.py:905: in inner
    runner.run(coro, context=context)
_ _ _ _ _ _ _ _ _ _ _ _ _ _ _ _ _ _ _ _ _ _ _ _ _ _ _ _ _ _ _ _ _ _ _ _ _ _ _ _ 

self = <asyncio.runners.Runner object at 0x10bc8d4c0>
coro = <coroutine object test_find_licenses_missing_credentials_propagates at 0x10794df40>
context = <_contextvars.Context object at 0x10bc5d7c0>

    def run(self, coro, *, context=None):
        """Run a coroutine inside the embedded event loop."""
        if not coroutines.iscoroutine(coro):
            raise ValueError("a coroutine was expected, got {!r}".format(coro))
    
        if events._get_running_loop() is not None:
            # fail fast with short traceback
>           raise RuntimeError(
                "Runner.run() cannot be called from a running event loop")
E           RuntimeError: Runner.run() cannot be called from a running event loop

/Users/aiengineer/.local/share/uv/python/cpython-3.12.13-macos-x86_64-none/lib/python3.12/asyncio/runners.py:93: RuntimeError
__________ test_find_employing_industries_ambiguous_occupation_raises __________

item = <Coroutine test_find_employing_industries_ambiguous_occupation_raises>

    @pytest.hookimpl(wrapper=True, tryfirst=True)
    def pytest_runtest_call(item: Any) -> Generator[None, Any, None]:
        if _soft_scope is None:
            yield
            return
        hard_failure: Optional[BaseException] = None
        with _soft_scope() as errors:
            try:
                yield
            except BaseException as exc:
                hard_failure = exc
        if not errors:
            if hard_failure is not None:
>               raise hard_failure

../factory-story-680/.runtime/test-venvs/career-intelligence-mcp/lib/python3.12/site-packages/pytest_playwright/pytest_playwright.py:113: 
_ _ _ _ _ _ _ _ _ _ _ _ _ _ _ _ _ _ _ _ _ _ _ _ _ _ _ _ _ _ _ _ _ _ _ _ _ _ _ _ 
../factory-story-680/.runtime/test-venvs/career-intelligence-mcp/lib/python3.12/site-packages/pytest_playwright/pytest_playwright.py:108: in pytest_runtest_call
    yield
../factory-story-680/.runtime/test-venvs/career-intelligence-mcp/lib/python3.12/site-packages/pytest_asyncio/plugin.py:569: in runtest
    super().runtest()
../factory-story-680/.runtime/test-venvs/career-intelligence-mcp/lib/python3.12/site-packages/pytest_asyncio/plugin.py:905: in inner
    runner.run(coro, context=context)
_ _ _ _ _ _ _ _ _ _ _ _ _ _ _ _ _ _ _ _ _ _ _ _ _ _ _ _ _ _ _ _ _ _ _ _ _ _ _ _ 

self = <asyncio.runners.Runner object at 0x10bc85010>
coro = <coroutine object test_find_employing_industries_ambiguous_occupation_raises at 0x10a41a040>
context = <_contextvars.Context object at 0x10b96cd40>

    def run(self, coro, *, context=None):
        """Run a coroutine inside the embedded event loop."""
        if not coroutines.iscoroutine(coro):
            raise ValueError("a coroutine was expected, got {!r}".format(coro))
    
        if events._get_running_loop() is not None:
            # fail fast with short traceback
>           raise RuntimeError(
                "Runner.run() cannot be called from a running event loop")
E           RuntimeError: Runner.run() cannot be called from a running event loop

/Users/aiengineer/.local/share/uv/python/cpython-3.12.13-macos-x86_64-none/lib/python3.12/asyncio/runners.py:93: RuntimeError
_____________ test_find_employing_industries_success_and_citation ______________

item = <Coroutine test_find_employing_industries_success_and_citation>

    @pytest.hookimpl(wrapper=True, tryfirst=True)
    def pytest_runtest_call(item: Any) -> Generator[None, Any, None]:
        if _soft_scope is None:
            yield
            return
        hard_failure: Optional[BaseException] = None
        with _soft_scope() as errors:
            try:
                yield
            except BaseException as exc:
                hard_failure = exc
        if not errors:
            if hard_failure is not None:
>               raise hard_failure

../factory-story-680/.runtime/test-venvs/career-intelligence-mcp/lib/python3.12/site-packages/pytest_playwright/pytest_playwright.py:113: 
_ _ _ _ _ _ _ _ _ _ _ _ _ _ _ _ _ _ _ _ _ _ _ _ _ _ _ _ _ _ _ _ _ _ _ _ _ _ _ _ 
../factory-story-680/.runtime/test-venvs/career-intelligence-mcp/lib/python3.12/site-packages/pytest_playwright/pytest_playwright.py:108: in pytest_runtest_call
    yield
../factory-story-680/.runtime/test-venvs/career-intelligence-mcp/lib/python3.12/site-packages/pytest_asyncio/plugin.py:569: in runtest
    super().runtest()
../factory-story-680/.runtime/test-venvs/career-intelligence-mcp/lib/python3.12/site-packages/pytest_asyncio/plugin.py:905: in inner
    runner.run(coro, context=context)
_ _ _ _ _ _ _ _ _ _ _ _ _ _ _ _ _ _ _ _ _ _ _ _ _ _ _ _ _ _ _ _ _ _ _ _ _ _ _ _ 

self = <asyncio.runners.Runner object at 0x10bc39bb0>
coro = <coroutine object test_find_employing_industries_success_and_citation at 0x10a5099c0>
context = <_contextvars.Context object at 0x10cabba80>

    def run(self, coro, *, context=None):
        """Run a coroutine inside the embedded event loop."""
        if not coroutines.iscoroutine(coro):
            raise ValueError("a coroutine was expected, got {!r}".format(coro))
    
        if events._get_running_loop() is not None:
            # fail fast with short traceback
>           raise RuntimeError(
                "Runner.run() cannot be called from a running event loop")
E           RuntimeError: Runner.run() cannot be called from a running event loop

/Users/aiengineer/.local/share/uv/python/cpython-3.12.13-macos-x86_64-none/lib/python3.12/asyncio/runners.py:93: RuntimeError
______ test_find_employing_industries_zero_matches_still_carries_citation ______

item = <Coroutine test_find_employing_industries_zero_matches_still_carries_citation>

    @pytest.hookimpl(wrapper=True, tryfirst=True)
    def pytest_runtest_call(item: Any) -> Generator[None, Any, None]:
        if _soft_scope is None:
            yield
            return
        hard_failure: Optional[BaseException] = None
        with _soft_scope() as errors:
            try:
                yield
            except BaseException as exc:
                hard_failure = exc
        if not errors:
            if hard_failure is not None:
>               raise hard_failure

../factory-story-680/.runtime/test-venvs/career-intelligence-mcp/lib/python3.12/site-packages/pytest_playwright/pytest_playwright.py:113: 
_ _ _ _ _ _ _ _ _ _ _ _ _ _ _ _ _ _ _ _ _ _ _ _ _ _ _ _ _ _ _ _ _ _ _ _ _ _ _ _ 
../factory-story-680/.runtime/test-venvs/career-intelligence-mcp/lib/python3.12/site-packages/pytest_playwright/pytest_playwright.py:108: in pytest_runtest_call
    yield
../factory-story-680/.runtime/test-venvs/career-intelligence-mcp/lib/python3.12/site-packages/pytest_asyncio/plugin.py:569: in runtest
    super().runtest()
../factory-story-680/.runtime/test-venvs/career-intelligence-mcp/lib/python3.12/site-packages/pytest_asyncio/plugin.py:905: in inner
    runner.run(coro, context=context)
_ _ _ _ _ _ _ _ _ _ _ _ _ _ _ _ _ _ _ _ _ _ _ _ _ _ _ _ _ _ _ _ _ _ _ _ _ _ _ _ 

self = <asyncio.runners.Runner object at 0x10bc3bda0>
coro = <coroutine object test_find_employing_industries_zero_matches_still_carries_citation at 0x10a4a92f0>
context = <_contextvars.Context object at 0x10c88d140>

    def run(self, coro, *, context=None):
        """Run a coroutine inside the embedded event loop."""
        if not coroutines.iscoroutine(coro):
            raise ValueError("a coroutine was expected, got {!r}".format(coro))
    
        if events._get_running_loop() is not None:
            # fail fast with short traceback
>           raise RuntimeError(
                "Runner.run() cannot be called from a running event loop")
E           RuntimeError: Runner.run() cannot be called from a running event loop

/Users/aiengineer/.local/share/uv/python/cpython-3.12.13-macos-x86_64-none/lib/python3.12/asyncio/runners.py:93: RuntimeError
___ test_find_employing_industries_upstream_failure_propagates_not_swallowed ___

item = <Coroutine test_find_employing_industries_upstream_failure_propagates_not_swallowed>

    @pytest.hookimpl(wrapper=True, tryfirst=True)
    def pytest_runtest_call(item: Any) -> Generator[None, Any, None]:
        if _soft_scope is None:
            yield
            return
        hard_failure: Optional[BaseException] = None
        with _soft_scope() as errors:
            try:
                yield
            except BaseException as exc:
                hard_failure = exc
        if not errors:
            if hard_failure is not None:
>               raise hard_failure

../factory-story-680/.runtime/test-venvs/career-intelligence-mcp/lib/python3.12/site-packages/pytest_playwright/pytest_playwright.py:113: 
_ _ _ _ _ _ _ _ _ _ _ _ _ _ _ _ _ _ _ _ _ _ _ _ _ _ _ _ _ _ _ _ _ _ _ _ _ _ _ _ 
../factory-story-680/.runtime/test-venvs/career-intelligence-mcp/lib/python3.12/site-packages/pytest_playwright/pytest_playwright.py:108: in pytest_runtest_call
    yield
../factory-story-680/.runtime/test-venvs/career-intelligence-mcp/lib/python3.12/site-packages/pytest_asyncio/plugin.py:569: in runtest
    super().runtest()
../factory-story-680/.runtime/test-venvs/career-intelligence-mcp/lib/python3.12/site-packages/pytest_asyncio/plugin.py:905: in inner
    runner.run(coro, context=context)
_ _ _ _ _ _ _ _ _ _ _ _ _ _ _ _ _ _ _ _ _ _ _ _ _ _ _ _ _ _ _ _ _ _ _ _ _ _ _ _ 

self = <asyncio.runners.Runner object at 0x10bc3a0f0>
coro = <coroutine object test_find_employing_industries_upstream_failure_propagates_not_swallowed at 0x10a4398b0>
context = <_contextvars.Context object at 0x10cabb940>

    def run(self, coro, *, context=None):
        """Run a coroutine inside the embedded event loop."""
        if not coroutines.iscoroutine(coro):
            raise ValueError("a coroutine was expected, got {!r}".format(coro))
    
        if events._get_running_loop() is not None:
            # fail fast with short traceback
>           raise RuntimeError(
                "Runner.run() cannot be called from a running event loop")
E           RuntimeError: Runner.run() cannot be called from a running event loop

/Users/aiengineer/.local/share/uv/python/cpython-3.12.13-macos-x86_64-none/lib/python3.12/asyncio/runners.py:93: RuntimeError
________ test_find_employing_industries_missing_credentials_propagates _________

item = <Coroutine test_find_employing_industries_missing_credentials_propagates>

    @pytest.hookimpl(wrapper=True, tryfirst=True)
    def pytest_runtest_call(item: Any) -> Generator[None, Any, None]:
        if _soft_scope is None:
            yield
            return
        hard_failure: Optional[BaseException] = None
        with _soft_scope() as errors:
            try:
                yield
            except BaseException as exc:
                hard_failure = exc
        if not errors:
            if hard_failure is not None:
>               raise hard_failure

../factory-story-680/.runtime/test-venvs/career-intelligence-mcp/lib/python3.12/site-packages/pytest_playwright/pytest_playwright.py:113: 
_ _ _ _ _ _ _ _ _ _ _ _ _ _ _ _ _ _ _ _ _ _ _ _ _ _ _ _ _ _ _ _ _ _ _ _ _ _ _ _ 
../factory-story-680/.runtime/test-venvs/career-intelligence-mcp/lib/python3.12/site-packages/pytest_playwright/pytest_playwright.py:108: in pytest_runtest_call
    yield
../factory-story-680/.runtime/test-venvs/career-intelligence-mcp/lib/python3.12/site-packages/pytest_asyncio/plugin.py:569: in runtest
    super().runtest()
../factory-story-680/.runtime/test-venvs/career-intelligence-mcp/lib/python3.12/site-packages/pytest_asyncio/plugin.py:905: in inner
    runner.run(coro, context=context)
_ _ _ _ _ _ _ _ _ _ _ _ _ _ _ _ _ _ _ _ _ _ _ _ _ _ _ _ _ _ _ _ _ _ _ _ _ _ _ _ 

self = <asyncio.runners.Runner object at 0x10bbd2e10>
coro = <coroutine object test_find_employing_industries_missing_credentials_propagates at 0x10a419940>
context = <_contextvars.Context object at 0x10bc059c0>

    def run(self, coro, *, context=None):
        """Run a coroutine inside the embedded event loop."""
        if not coroutines.iscoroutine(coro):
            raise ValueError("a coroutine was expected, got {!r}".format(coro))
    
        if events._get_running_loop() is not None:
            # fail fast with short traceback
>           raise RuntimeError(
                "Runner.run() cannot be called from a running event loop")
E           RuntimeError: Runner.run() cannot be called from a running event loop

/Users/aiengineer/.local/share/uv/python/cpython-3.12.13-macos-x86_64-none/lib/python3.12/asyncio/runners.py:93: RuntimeError
_____________ test_resolve_occupation_exact_title_match_continues ______________

item = <Coroutine test_resolve_occupation_exact_title_match_continues>

    @pytest.hookimpl(wrapper=True, tryfirst=True)
    def pytest_runtest_call(item: Any) -> Generator[None, Any, None]:
        if _soft_scope is None:
            yield
            return
        hard_failure: Optional[BaseException] = None
        with _soft_scope() as errors:
            try:
                yield
            except BaseException as exc:
                hard_failure = exc
        if not errors:
            if hard_failure is not None:
>               raise hard_failure

../factory-story-680/.runtime/test-venvs/career-intelligence-mcp/lib/python3.12/site-packages/pytest_playwright/pytest_playwright.py:113: 
_ _ _ _ _ _ _ _ _ _ _ _ _ _ _ _ _ _ _ _ _ _ _ _ _ _ _ _ _ _ _ _ _ _ _ _ _ _ _ _ 
../factory-story-680/.runtime/test-venvs/career-intelligence-mcp/lib/python3.12/site-packages/pytest_playwright/pytest_playwright.py:108: in pytest_runtest_call
    yield
../factory-story-680/.runtime/test-venvs/career-intelligence-mcp/lib/python3.12/site-packages/pytest_asyncio/plugin.py:569: in runtest
    super().runtest()
../factory-story-680/.runtime/test-venvs/career-intelligence-mcp/lib/python3.12/site-packages/pytest_asyncio/plugin.py:905: in inner
    runner.run(coro, context=context)
_ _ _ _ _ _ _ _ _ _ _ _ _ _ _ _ _ _ _ _ _ _ _ _ _ _ _ _ _ _ _ _ _ _ _ _ _ _ _ _ 

self = <asyncio.runners.Runner object at 0x10bbd4980>
coro = <coroutine object test_resolve_occupation_exact_title_match_continues at 0x10a3d6840>
context = <_contextvars.Context object at 0x10b98f180>

    def run(self, coro, *, context=None):
        """Run a coroutine inside the embedded event loop."""
        if not coroutines.iscoroutine(coro):
            raise ValueError("a coroutine was expected, got {!r}".format(coro))
    
        if events._get_running_loop() is not None:
            # fail fast with short traceback
>           raise RuntimeError(
                "Runner.run() cannot be called from a running event loop")
E           RuntimeError: Runner.run() cannot be called from a running event loop

/Users/aiengineer/.local/share/uv/python/cpython-3.12.13-macos-x86_64-none/lib/python3.12/asyncio/runners.py:93: RuntimeError
________ test_resolve_occupation_fuzzy_match_stops_with_all_candidates _________

item = <Coroutine test_resolve_occupation_fuzzy_match_stops_with_all_candidates>

    @pytest.hookimpl(wrapper=True, tryfirst=True)
    def pytest_runtest_call(item: Any) -> Generator[None, Any, None]:
        if _soft_scope is None:
            yield
            return
        hard_failure: Optional[BaseException] = None
        with _soft_scope() as errors:
            try:
                yield
            except BaseException as exc:
                hard_failure = exc
        if not errors:
            if hard_failure is not None:
>               raise hard_failure

../factory-story-680/.runtime/test-venvs/career-intelligence-mcp/lib/python3.12/site-packages/pytest_playwright/pytest_playwright.py:113: 
_ _ _ _ _ _ _ _ _ _ _ _ _ _ _ _ _ _ _ _ _ _ _ _ _ _ _ _ _ _ _ _ _ _ _ _ _ _ _ _ 
../factory-story-680/.runtime/test-venvs/career-intelligence-mcp/lib/python3.12/site-packages/pytest_playwright/pytest_playwright.py:108: in pytest_runtest_call
    yield
../factory-story-680/.runtime/test-venvs/career-intelligence-mcp/lib/python3.12/site-packages/pytest_asyncio/plugin.py:569: in runtest
    super().runtest()
../factory-story-680/.runtime/test-venvs/career-intelligence-mcp/lib/python3.12/site-packages/pytest_asyncio/plugin.py:905: in inner
    runner.run(coro, context=context)
_ _ _ _ _ _ _ _ _ _ _ _ _ _ _ _ _ _ _ _ _ _ _ _ _ _ _ _ _ _ _ _ _ _ _ _ _ _ _ _ 

self = <asyncio.runners.Runner object at 0x10bbd63f0>
coro = <coroutine object test_resolve_occupation_fuzzy_match_stops_with_all_candidates at 0x10a3d5940>
context = <_contextvars.Context object at 0x10b967f40>

    def run(self, coro, *, context=None):
        """Run a coroutine inside the embedded event loop."""
        if not coroutines.iscoroutine(coro):
            raise ValueError("a coroutine was expected, got {!r}".format(coro))
    
        if events._get_running_loop() is not None:
            # fail fast with short traceback
>           raise RuntimeError(
                "Runner.run() cannot be called from a running event loop")
E           RuntimeError: Runner.run() cannot be called from a running event loop

/Users/aiengineer/.local/share/uv/python/cpython-3.12.13-macos-x86_64-none/lib/python3.12/asyncio/runners.py:93: RuntimeError
______ test_resolve_occupation_stops_even_with_single_non_exact_candidate ______

item = <Coroutine test_resolve_occupation_stops_even_with_single_non_exact_candidate>

    @pytest.hookimpl(wrapper=True, tryfirst=True)
    def pytest_runtest_call(item: Any) -> Generator[None, Any, None]:
        if _soft_scope is None:
            yield
            return
        hard_failure: Optional[BaseException] = None
        with _soft_scope() as errors:
            try:
                yield
            except BaseException as exc:
                hard_failure = exc
        if not errors:
            if hard_failure is not None:
>               raise hard_failure

../factory-story-680/.runtime/test-venvs/career-intelligence-mcp/lib/python3.12/site-packages/pytest_playwright/pytest_playwright.py:113: 
_ _ _ _ _ _ _ _ _ _ _ _ _ _ _ _ _ _ _ _ _ _ _ _ _ _ _ _ _ _ _ _ _ _ _ _ _ _ _ _ 
../factory-story-680/.runtime/test-venvs/career-intelligence-mcp/lib/python3.12/site-packages/pytest_playwright/pytest_playwright.py:108: in pytest_runtest_call
    yield
../factory-story-680/.runtime/test-venvs/career-intelligence-mcp/lib/python3.12/site-packages/pytest_asyncio/plugin.py:569: in runtest
    super().runtest()
../factory-story-680/.runtime/test-venvs/career-intelligence-mcp/lib/python3.12/site-packages/pytest_asyncio/plugin.py:905: in inner
    runner.run(coro, context=context)
_ _ _ _ _ _ _ _ _ _ _ _ _ _ _ _ _ _ _ _ _ _ _ _ _ _ _ _ _ _ _ _ _ _ _ _ _ _ _ _ 

self = <asyncio.runners.Runner object at 0x10bbd79e0>
coro = <coroutine object test_resolve_occupation_stops_even_with_single_non_exact_candidate at 0x10a3d6840>
context = <_contextvars.Context object at 0x10bc07080>

    def run(self, coro, *, context=None):
        """Run a coroutine inside the embedded event loop."""
        if not coroutines.iscoroutine(coro):
            raise ValueError("a coroutine was expected, got {!r}".format(coro))
    
        if events._get_running_loop() is not None:
            # fail fast with short traceback
>           raise RuntimeError(
                "Runner.run() cannot be called from a running event loop")
E           RuntimeError: Runner.run() cannot be called from a running event loop

/Users/aiengineer/.local/share/uv/python/cpython-3.12.13-macos-x86_64-none/lib/python3.12/asyncio/runners.py:93: RuntimeError
________________ test_resolve_occupation_raises_when_no_matches ________________

item = <Coroutine test_resolve_occupation_raises_when_no_matches>

    @pytest.hookimpl(wrapper=True, tryfirst=True)
    def pytest_runtest_call(item: Any) -> Generator[None, Any, None]:
        if _soft_scope is None:
            yield
            return
        hard_failure: Optional[BaseException] = None
        with _soft_scope() as errors:
            try:
                yield
            except BaseException as exc:
                hard_failure = exc
        if not errors:
            if hard_failure is not None:
>               raise hard_failure

../factory-story-680/.runtime/test-venvs/career-intelligence-mcp/lib/python3.12/site-packages/pytest_playwright/pytest_playwright.py:113: 
_ _ _ _ _ _ _ _ _ _ _ _ _ _ _ _ _ _ _ _ _ _ _ _ _ _ _ _ _ _ _ _ _ _ _ _ _ _ _ _ 
../factory-story-680/.runtime/test-venvs/career-intelligence-mcp/lib/python3.12/site-packages/pytest_playwright/pytest_playwright.py:108: in pytest_runtest_call
    yield
../factory-story-680/.runtime/test-venvs/career-intelligence-mcp/lib/python3.12/site-packages/pytest_asyncio/plugin.py:569: in runtest
    super().runtest()
../factory-story-680/.runtime/test-venvs/career-intelligence-mcp/lib/python3.12/site-packages/pytest_asyncio/plugin.py:905: in inner
    runner.run(coro, context=context)
_ _ _ _ _ _ _ _ _ _ _ _ _ _ _ _ _ _ _ _ _ _ _ _ _ _ _ _ _ _ _ _ _ _ _ _ _ _ _ _ 

self = <asyncio.runners.Runner object at 0x10bc84fe0>
coro = <coroutine object test_resolve_occupation_raises_when_no_matches at 0x10a437010>
context = <_contextvars.Context object at 0x10b96cd40>

    def run(self, coro, *, context=None):
        """Run a coroutine inside the embedded event loop."""
        if not coroutines.iscoroutine(coro):
            raise ValueError("a coroutine was expected, got {!r}".format(coro))
    
        if events._get_running_loop() is not None:
            # fail fast with short traceback
>           raise RuntimeError(
                "Runner.run() cannot be called from a running event loop")
E           RuntimeError: Runner.run() cannot be called from a running event loop

/Users/aiengineer/.local/share/uv/python/cpython-3.12.13-macos-x86_64-none/lib/python3.12/asyncio/runners.py:93: RuntimeError
______________ test_resolve_occupation_with_code_bypasses_search _______________

item = <Coroutine test_resolve_occupation_with_code_bypasses_search>

    @pytest.hookimpl(wrapper=True, tryfirst=True)
    def pytest_runtest_call(item: Any) -> Generator[None, Any, None]:
        if _soft_scope is None:
            yield
            return
        hard_failure: Optional[BaseException] = None
        with _soft_scope() as errors:
            try:
                yield
            except BaseException as exc:
                hard_failure = exc
        if not errors:
            if hard_failure is not None:
>               raise hard_failure

../factory-story-680/.runtime/test-venvs/career-intelligence-mcp/lib/python3.12/site-packages/pytest_playwright/pytest_playwright.py:113: 
_ _ _ _ _ _ _ _ _ _ _ _ _ _ _ _ _ _ _ _ _ _ _ _ _ _ _ _ _ _ _ _ _ _ _ _ _ _ _ _ 
../factory-story-680/.runtime/test-venvs/career-intelligence-mcp/lib/python3.12/site-packages/pytest_playwright/pytest_playwright.py:108: in pytest_runtest_call
    yield
../factory-story-680/.runtime/test-venvs/career-intelligence-mcp/lib/python3.12/site-packages/pytest_asyncio/plugin.py:569: in runtest
    super().runtest()
../factory-story-680/.runtime/test-venvs/career-intelligence-mcp/lib/python3.12/site-packages/pytest_asyncio/plugin.py:905: in inner
    runner.run(coro, context=context)
_ _ _ _ _ _ _ _ _ _ _ _ _ _ _ _ _ _ _ _ _ _ _ _ _ _ _ _ _ _ _ _ _ _ _ _ _ _ _ _ 

self = <asyncio.runners.Runner object at 0x10bbd92e0>
coro = <coroutine object test_resolve_occupation_with_code_bypasses_search at 0x10a24fe00>
context = <_contextvars.Context object at 0x10cabba80>

    def run(self, coro, *, context=None):
        """Run a coroutine inside the embedded event loop."""
        if not coroutines.iscoroutine(coro):
            raise ValueError("a coroutine was expected, got {!r}".format(coro))
    
        if events._get_running_loop() is not None:
            # fail fast with short traceback
>           raise RuntimeError(
                "Runner.run() cannot be called from a running event loop")
E           RuntimeError: Runner.run() cannot be called from a running event loop

/Users/aiengineer/.local/share/uv/python/cpython-3.12.13-macos-x86_64-none/lib/python3.12/asyncio/runners.py:93: RuntimeError
__________ test_resolve_occupation_with_invalid_code_raises_not_found __________

item = <Coroutine test_resolve_occupation_with_invalid_code_raises_not_found>

    @pytest.hookimpl(wrapper=True, tryfirst=True)
    def pytest_runtest_call(item: Any) -> Generator[None, Any, None]:
        if _soft_scope is None:
            yield
            return
        hard_failure: Optional[BaseException] = None
        with _soft_scope() as errors:
            try:
                yield
            except BaseException as exc:
                hard_failure = exc
        if not errors:
            if hard_failure is not None:
>               raise hard_failure

../factory-story-680/.runtime/test-venvs/career-intelligence-mcp/lib/python3.12/site-packages/pytest_playwright/pytest_playwright.py:113: 
_ _ _ _ _ _ _ _ _ _ _ _ _ _ _ _ _ _ _ _ _ _ _ _ _ _ _ _ _ _ _ _ _ _ _ _ _ _ _ _ 
../factory-story-680/.runtime/test-venvs/career-intelligence-mcp/lib/python3.12/site-packages/pytest_playwright/pytest_playwright.py:108: in pytest_runtest_call
    yield
../factory-story-680/.runtime/test-venvs/career-intelligence-mcp/lib/python3.12/site-packages/pytest_asyncio/plugin.py:569: in runtest
    super().runtest()
../factory-story-680/.runtime/test-venvs/career-intelligence-mcp/lib/python3.12/site-packages/pytest_asyncio/plugin.py:905: in inner
    runner.run(coro, context=context)
_ _ _ _ _ _ _ _ _ _ _ _ _ _ _ _ _ _ _ _ _ _ _ _ _ _ _ _ _ _ _ _ _ _ _ _ _ _ _ _ 

self = <asyncio.runners.Runner object at 0x10bbd91c0>
coro = <coroutine object test_resolve_occupation_with_invalid_code_raises_not_found at 0x10b6ec8b0>
context = <_contextvars.Context object at 0x10c8a5980>

    def run(self, coro, *, context=None):
        """Run a coroutine inside the embedded event loop."""
        if not coroutines.iscoroutine(coro):
            raise ValueError("a coroutine was expected, got {!r}".format(coro))
    
        if events._get_running_loop() is not None:
            # fail fast with short traceback
>           raise RuntimeError(
                "Runner.run() cannot be called from a running event loop")
E           RuntimeError: Runner.run() cannot be called from a running event loop

/Users/aiengineer/.local/share/uv/python/cpython-3.12.13-macos-x86_64-none/lib/python3.12/asyncio/runners.py:93: RuntimeError
____________________ test_search_occupations_parses_results ____________________

item = <Coroutine test_search_occupations_parses_results>

    @pytest.hookimpl(wrapper=True, tryfirst=True)
    def pytest_runtest_call(item: Any) -> Generator[None, Any, None]:
        if _soft_scope is None:
            yield
            return
        hard_failure: Optional[BaseException] = None
        with _soft_scope() as errors:
            try:
                yield
            except BaseException as exc:
                hard_failure = exc
        if not errors:
            if hard_failure is not None:
>               raise hard_failure

../factory-story-680/.runtime/test-venvs/career-intelligence-mcp/lib/python3.12/site-packages/pytest_playwright/pytest_playwright.py:113: 
_ _ _ _ _ _ _ _ _ _ _ _ _ _ _ _ _ _ _ _ _ _ _ _ _ _ _ _ _ _ _ _ _ _ _ _ _ _ _ _ 
../factory-story-680/.runtime/test-venvs/career-intelligence-mcp/lib/python3.12/site-packages/pytest_playwright/pytest_playwright.py:108: in pytest_runtest_call
    yield
../factory-story-680/.runtime/test-venvs/career-intelligence-mcp/lib/python3.12/site-packages/pytest_asyncio/plugin.py:569: in runtest
    super().runtest()
../factory-story-680/.runtime/test-venvs/career-intelligence-mcp/lib/python3.12/site-packages/pytest_asyncio/plugin.py:905: in inner
    runner.run(coro, context=context)
_ _ _ _ _ _ _ _ _ _ _ _ _ _ _ _ _ _ _ _ _ _ _ _ _ _ _ _ _ _ _ _ _ _ _ _ _ _ _ _ 

self = <asyncio.runners.Runner object at 0x10bbd6d80>
coro = <coroutine object test_search_occupations_parses_results at 0x10a283760>
context = <_contextvars.Context object at 0x10ca3d5c0>

    def run(self, coro, *, context=None):
        """Run a coroutine inside the embedded event loop."""
        if not coroutines.iscoroutine(coro):
            raise ValueError("a coroutine was expected, got {!r}".format(coro))
    
        if events._get_running_loop() is not None:
            # fail fast with short traceback
>           raise RuntimeError(
                "Runner.run() cannot be called from a running event loop")
E           RuntimeError: Runner.run() cannot be called from a running event loop

/Users/aiengineer/.local/share/uv/python/cpython-3.12.13-macos-x86_64-none/lib/python3.12/asyncio/runners.py:93: RuntimeError
______________ test_search_occupations_handles_single_dict_result ______________

item = <Coroutine test_search_occupations_handles_single_dict_result>

    @pytest.hookimpl(wrapper=True, tryfirst=True)
    def pytest_runtest_call(item: Any) -> Generator[None, Any, None]:
        if _soft_scope is None:
            yield
            return
        hard_failure: Optional[BaseException] = None
        with _soft_scope() as errors:
            try:
                yield
            except BaseException as exc:
                hard_failure = exc
        if not errors:
            if hard_failure is not None:
>               raise hard_failure

../factory-story-680/.runtime/test-venvs/career-intelligence-mcp/lib/python3.12/site-packages/pytest_playwright/pytest_playwright.py:113: 
_ _ _ _ _ _ _ _ _ _ _ _ _ _ _ _ _ _ _ _ _ _ _ _ _ _ _ _ _ _ _ _ _ _ _ _ _ _ _ _ 
../factory-story-680/.runtime/test-venvs/career-intelligence-mcp/lib/python3.12/site-packages/pytest_playwright/pytest_playwright.py:108: in pytest_runtest_call
    yield
../factory-story-680/.runtime/test-venvs/career-intelligence-mcp/lib/python3.12/site-packages/pytest_asyncio/plugin.py:569: in runtest
    super().runtest()
../factory-story-680/.runtime/test-venvs/career-intelligence-mcp/lib/python3.12/site-packages/pytest_asyncio/plugin.py:905: in inner
    runner.run(coro, context=context)
_ _ _ _ _ _ _ _ _ _ _ _ _ _ _ _ _ _ _ _ _ _ _ _ _ _ _ _ _ _ _ _ _ _ _ _ _ _ _ _ 

self = <asyncio.runners.Runner object at 0x10bbd9940>
coro = <coroutine object test_search_occupations_handles_single_dict_result at 0x10a24ddf0>
context = <_contextvars.Context object at 0x10bc059c0>

    def run(self, coro, *, context=None):
        """Run a coroutine inside the embedded event loop."""
        if not coroutines.iscoroutine(coro):
            raise ValueError("a coroutine was expected, got {!r}".format(coro))
    
        if events._get_running_loop() is not None:
            # fail fast with short traceback
>           raise RuntimeError(
                "Runner.run() cannot be called from a running event loop")
E           RuntimeError: Runner.run() cannot be called from a running event loop

/Users/aiengineer/.local/share/uv/python/cpython-3.12.13-macos-x86_64-none/lib/python3.12/asyncio/runners.py:93: RuntimeError
________________ test_get_skills_importance_sorts_and_truncates ________________

item = <Coroutine test_get_skills_importance_sorts_and_truncates>

    @pytest.hookimpl(wrapper=True, tryfirst=True)
    def pytest_runtest_call(item: Any) -> Generator[None, Any, None]:
        if _soft_scope is None:
            yield
            return
        hard_failure: Optional[BaseException] = None
        with _soft_scope() as errors:
            try:
                yield
            except BaseException as exc:
                hard_failure = exc
        if not errors:
            if hard_failure is not None:
>               raise hard_failure

../factory-story-680/.runtime/test-venvs/career-intelligence-mcp/lib/python3.12/site-packages/pytest_playwright/pytest_playwright.py:113: 
_ _ _ _ _ _ _ _ _ _ _ _ _ _ _ _ _ _ _ _ _ _ _ _ _ _ _ _ _ _ _ _ _ _ _ _ _ _ _ _ 
../factory-story-680/.runtime/test-venvs/career-intelligence-mcp/lib/python3.12/site-packages/pytest_playwright/pytest_playwright.py:108: in pytest_runtest_call
    yield
../factory-story-680/.runtime/test-venvs/career-intelligence-mcp/lib/python3.12/site-packages/pytest_asyncio/plugin.py:569: in runtest
    super().runtest()
../factory-story-680/.runtime/test-venvs/career-intelligence-mcp/lib/python3.12/site-packages/pytest_asyncio/plugin.py:905: in inner
    runner.run(coro, context=context)
_ _ _ _ _ _ _ _ _ _ _ _ _ _ _ _ _ _ _ _ _ _ _ _ _ _ _ _ _ _ _ _ _ _ _ _ _ _ _ _ 

self = <asyncio.runners.Runner object at 0x10bbda690>
coro = <coroutine object test_get_skills_importance_sorts_and_truncates at 0x10a2838b0>
context = <_contextvars.Context object at 0x10b98f180>

    def run(self, coro, *, context=None):
        """Run a coroutine inside the embedded event loop."""
        if not coroutines.iscoroutine(coro):
            raise ValueError("a coroutine was expected, got {!r}".format(coro))
    
        if events._get_running_loop() is not None:
            # fail fast with short traceback
>           raise RuntimeError(
                "Runner.run() cannot be called from a running event loop")
E           RuntimeError: Runner.run() cannot be called from a running event loop

/Users/aiengineer/.local/share/uv/python/cpython-3.12.13-macos-x86_64-none/lib/python3.12/asyncio/runners.py:93: RuntimeError
_________ test_get_technology_tools_flattens_categories_to_tool_names __________

item = <Coroutine test_get_technology_tools_flattens_categories_to_tool_names>

    @pytest.hookimpl(wrapper=True, tryfirst=True)
    def pytest_runtest_call(item: Any) -> Generator[None, Any, None]:
        if _soft_scope is None:
            yield
            return
        hard_failure: Optional[BaseException] = None
        with _soft_scope() as errors:
            try:
                yield
            except BaseException as exc:
                hard_failure = exc
        if not errors:
            if hard_failure is not None:
>               raise hard_failure

../factory-story-680/.runtime/test-venvs/career-intelligence-mcp/lib/python3.12/site-packages/pytest_playwright/pytest_playwright.py:113: 
_ _ _ _ _ _ _ _ _ _ _ _ _ _ _ _ _ _ _ _ _ _ _ _ _ _ _ _ _ _ _ _ _ _ _ _ _ _ _ _ 
../factory-story-680/.runtime/test-venvs/career-intelligence-mcp/lib/python3.12/site-packages/pytest_playwright/pytest_playwright.py:108: in pytest_runtest_call
    yield
../factory-story-680/.runtime/test-venvs/career-intelligence-mcp/lib/python3.12/site-packages/pytest_asyncio/plugin.py:569: in runtest
    super().runtest()
../factory-story-680/.runtime/test-venvs/career-intelligence-mcp/lib/python3.12/site-packages/pytest_asyncio/plugin.py:905: in inner
    runner.run(coro, context=context)
_ _ _ _ _ _ _ _ _ _ _ _ _ _ _ _ _ _ _ _ _ _ _ _ _ _ _ _ _ _ _ _ _ _ _ _ _ _ _ _ 

self = <asyncio.runners.Runner object at 0x10bbdb020>
coro = <coroutine object test_get_technology_tools_flattens_categories_to_tool_names at 0x10a3d6840>
context = <_contextvars.Context object at 0x10b933340>

    def run(self, coro, *, context=None):
        """Run a coroutine inside the embedded event loop."""
        if not coroutines.iscoroutine(coro):
            raise ValueError("a coroutine was expected, got {!r}".format(coro))
    
        if events._get_running_loop() is not None:
            # fail fast with short traceback
>           raise RuntimeError(
                "Runner.run() cannot be called from a running event loop")
E           RuntimeError: Runner.run() cannot be called from a running event loop

/Users/aiengineer/.local/share/uv/python/cpython-3.12.13-macos-x86_64-none/lib/python3.12/asyncio/runners.py:93: RuntimeError
____________ test_get_detailed_work_activities_returns_id_title_map ____________

item = <Coroutine test_get_detailed_work_activities_returns_id_title_map>

    @pytest.hookimpl(wrapper=True, tryfirst=True)
    def pytest_runtest_call(item: Any) -> Generator[None, Any, None]:
        if _soft_scope is None:
            yield
            return
        hard_failure: Optional[BaseException] = None
        with _soft_scope() as errors:
            try:
                yield
            except BaseException as exc:
                hard_failure = exc
        if not errors:
            if hard_failure is not None:
>               raise hard_failure

../factory-story-680/.runtime/test-venvs/career-intelligence-mcp/lib/python3.12/site-packages/pytest_playwright/pytest_playwright.py:113: 
_ _ _ _ _ _ _ _ _ _ _ _ _ _ _ _ _ _ _ _ _ _ _ _ _ _ _ _ _ _ _ _ _ _ _ _ _ _ _ _ 
../factory-story-680/.runtime/test-venvs/career-intelligence-mcp/lib/python3.12/site-packages/pytest_playwright/pytest_playwright.py:108: in pytest_runtest_call
    yield
../factory-story-680/.runtime/test-venvs/career-intelligence-mcp/lib/python3.12/site-packages/pytest_asyncio/plugin.py:569: in runtest
    super().runtest()
../factory-story-680/.runtime/test-venvs/career-intelligence-mcp/lib/python3.12/site-packages/pytest_asyncio/plugin.py:905: in inner
    runner.run(coro, context=context)
_ _ _ _ _ _ _ _ _ _ _ _ _ _ _ _ _ _ _ _ _ _ _ _ _ _ _ _ _ _ _ _ _ _ _ _ _ _ _ _ 

self = <asyncio.runners.Runner object at 0x10bbdb710>
coro = <coroutine object test_get_detailed_work_activities_returns_id_title_map at 0x10a24ddf0>
context = <_contextvars.Context object at 0x10bc07080>

    def run(self, coro, *, context=None):
        """Run a coroutine inside the embedded event loop."""
        if not coroutines.iscoroutine(coro):
            raise ValueError("a coroutine was expected, got {!r}".format(coro))
    
        if events._get_running_loop() is not None:
            # fail fast with short traceback
>           raise RuntimeError(
                "Runner.run() cannot be called from a running event loop")
E           RuntimeError: Runner.run() cannot be called from a running event loop

/Users/aiengineer/.local/share/uv/python/cpython-3.12.13-macos-x86_64-none/lib/python3.12/asyncio/runners.py:93: RuntimeError
____________________ test_all_expected_tools_are_registered ____________________

item = <Coroutine test_all_expected_tools_are_registered>

    @pytest.hookimpl(wrapper=True, tryfirst=True)
    def pytest_runtest_call(item: Any) -> Generator[None, Any, None]:
        if _soft_scope is None:
            yield
            return
        hard_failure: Optional[BaseException] = None
        with _soft_scope() as errors:
            try:
                yield
            except BaseException as exc:
                hard_failure = exc
        if not errors:
            if hard_failure is not None:
>               raise hard_failure

../factory-story-680/.runtime/test-venvs/career-intelligence-mcp/lib/python3.12/site-packages/pytest_playwright/pytest_playwright.py:113: 
_ _ _ _ _ _ _ _ _ _ _ _ _ _ _ _ _ _ _ _ _ _ _ _ _ _ _ _ _ _ _ _ _ _ _ _ _ _ _ _ 
../factory-story-680/.runtime/test-venvs/career-intelligence-mcp/lib/python3.12/site-packages/pytest_playwright/pytest_playwright.py:108: in pytest_runtest_call
    yield
../factory-story-680/.runtime/test-venvs/career-intelligence-mcp/lib/python3.12/site-packages/pytest_asyncio/plugin.py:569: in runtest
    super().runtest()
../factory-story-680/.runtime/test-venvs/career-intelligence-mcp/lib/python3.12/site-packages/pytest_asyncio/plugin.py:905: in inner
    runner.run(coro, context=context)
_ _ _ _ _ _ _ _ _ _ _ _ _ _ _ _ _ _ _ _ _ _ _ _ _ _ _ _ _ _ _ _ _ _ _ _ _ _ _ _ 

self = <asyncio.runners.Runner object at 0x10bbd95b0>
coro = <coroutine object test_all_expected_tools_are_registered at 0x10a43bbc0>
context = <_contextvars.Context object at 0x10cabb940>

    def run(self, coro, *, context=None):
        """Run a coroutine inside the embedded event loop."""
        if not coroutines.iscoroutine(coro):
            raise ValueError("a coroutine was expected, got {!r}".format(coro))
    
        if events._get_running_loop() is not None:
            # fail fast with short traceback
>           raise RuntimeError(
                "Runner.run() cannot be called from a running event loop")
E           RuntimeError: Runner.run() cannot be called from a running event loop

/Users/aiengineer/.local/share/uv/python/cpython-3.12.13-macos-x86_64-none/lib/python3.12/asyncio/runners.py:93: RuntimeError
_____________ test_get_related_careers_wrapper_calls_dispatch_tool _____________

item = <Coroutine test_get_related_careers_wrapper_calls_dispatch_tool>

    @pytest.hookimpl(wrapper=True, tryfirst=True)
    def pytest_runtest_call(item: Any) -> Generator[None, Any, None]:
        if _soft_scope is None:
            yield
            return
        hard_failure: Optional[BaseException] = None
        with _soft_scope() as errors:
            try:
                yield
            except BaseException as exc:
                hard_failure = exc
        if not errors:
            if hard_failure is not None:
>               raise hard_failure

../factory-story-680/.runtime/test-venvs/career-intelligence-mcp/lib/python3.12/site-packages/pytest_playwright/pytest_playwright.py:113: 
_ _ _ _ _ _ _ _ _ _ _ _ _ _ _ _ _ _ _ _ _ _ _ _ _ _ _ _ _ _ _ _ _ _ _ _ _ _ _ _ 
../factory-story-680/.runtime/test-venvs/career-intelligence-mcp/lib/python3.12/site-packages/pytest_playwright/pytest_playwright.py:108: in pytest_runtest_call
    yield
../factory-story-680/.runtime/test-venvs/career-intelligence-mcp/lib/python3.12/site-packages/pytest_asyncio/plugin.py:569: in runtest
    super().runtest()
../factory-story-680/.runtime/test-venvs/career-intelligence-mcp/lib/python3.12/site-packages/pytest_asyncio/plugin.py:905: in inner
    runner.run(coro, context=context)
_ _ _ _ _ _ _ _ _ _ _ _ _ _ _ _ _ _ _ _ _ _ _ _ _ _ _ _ _ _ _ _ _ _ _ _ _ _ _ _ 

self = <asyncio.runners.Runner object at 0x10bc77cb0>
coro = <coroutine object test_get_related_careers_wrapper_calls_dispatch_tool at 0x10a3d60c0>
context = <_contextvars.Context object at 0x10cabba80>

    def run(self, coro, *, context=None):
        """Run a coroutine inside the embedded event loop."""
        if not coroutines.iscoroutine(coro):
            raise ValueError("a coroutine was expected, got {!r}".format(coro))
    
        if events._get_running_loop() is not None:
            # fail fast with short traceback
>           raise RuntimeError(
                "Runner.run() cannot be called from a running event loop")
E           RuntimeError: Runner.run() cannot be called from a running event loop

/Users/aiengineer/.local/share/uv/python/cpython-3.12.13-macos-x86_64-none/lib/python3.12/asyncio/runners.py:93: RuntimeError
_____ test_get_related_careers_via_server_reflects_enrich_top_n_injection ______

item = <Coroutine test_get_related_careers_via_server_reflects_enrich_top_n_injection>

    @pytest.hookimpl(wrapper=True, tryfirst=True)
    def pytest_runtest_call(item: Any) -> Generator[None, Any, None]:
        if _soft_scope is None:
            yield
            return
        hard_failure: Optional[BaseException] = None
        with _soft_scope() as errors:
            try:
                yield
            except BaseException as exc:
                hard_failure = exc
        if not errors:
            if hard_failure is not None:
>               raise hard_failure

../factory-story-680/.runtime/test-venvs/career-intelligence-mcp/lib/python3.12/site-packages/pytest_playwright/pytest_playwright.py:113: 
_ _ _ _ _ _ _ _ _ _ _ _ _ _ _ _ _ _ _ _ _ _ _ _ _ _ _ _ _ _ _ _ _ _ _ _ _ _ _ _ 
../factory-story-680/.runtime/test-venvs/career-intelligence-mcp/lib/python3.12/site-packages/pytest_playwright/pytest_playwright.py:108: in pytest_runtest_call
    yield
../factory-story-680/.runtime/test-venvs/career-intelligence-mcp/lib/python3.12/site-packages/pytest_asyncio/plugin.py:569: in runtest
    super().runtest()
../factory-story-680/.runtime/test-venvs/career-intelligence-mcp/lib/python3.12/site-packages/pytest_asyncio/plugin.py:905: in inner
    runner.run(coro, context=context)
_ _ _ _ _ _ _ _ _ _ _ _ _ _ _ _ _ _ _ _ _ _ _ _ _ _ _ _ _ _ _ _ _ _ _ _ _ _ _ _ 

self = <asyncio.runners.Runner object at 0x10bc763c0>
coro = <coroutine object test_get_related_careers_via_server_reflects_enrich_top_n_injection at 0x10a513520>
context = <_contextvars.Context object at 0x10ca3a000>

    def run(self, coro, *, context=None):
        """Run a coroutine inside the embedded event loop."""
        if not coroutines.iscoroutine(coro):
            raise ValueError("a coroutine was expected, got {!r}".format(coro))
    
        if events._get_running_loop() is not None:
            # fail fast with short traceback
>           raise RuntimeError(
                "Runner.run() cannot be called from a running event loop")
E           RuntimeError: Runner.run() cannot be called from a running event loop

/Users/aiengineer/.local/share/uv/python/cpython-3.12.13-macos-x86_64-none/lib/python3.12/asyncio/runners.py:93: RuntimeError
__ test_find_career_transitions_via_server_reflects_max_candidates_injection ___

item = <Coroutine test_find_career_transitions_via_server_reflects_max_candidates_injection>

    @pytest.hookimpl(wrapper=True, tryfirst=True)
    def pytest_runtest_call(item: Any) -> Generator[None, Any, None]:
        if _soft_scope is None:
            yield
            return
        hard_failure: Optional[BaseException] = None
        with _soft_scope() as errors:
            try:
                yield
            except BaseException as exc:
                hard_failure = exc
        if not errors:
            if hard_failure is not None:
>               raise hard_failure

../factory-story-680/.runtime/test-venvs/career-intelligence-mcp/lib/python3.12/site-packages/pytest_playwright/pytest_playwright.py:113: 
_ _ _ _ _ _ _ _ _ _ _ _ _ _ _ _ _ _ _ _ _ _ _ _ _ _ _ _ _ _ _ _ _ _ _ _ _ _ _ _ 
../factory-story-680/.runtime/test-venvs/career-intelligence-mcp/lib/python3.12/site-packages/pytest_playwright/pytest_playwright.py:108: in pytest_runtest_call
    yield
../factory-story-680/.runtime/test-venvs/career-intelligence-mcp/lib/python3.12/site-packages/pytest_asyncio/plugin.py:569: in runtest
    super().runtest()
../factory-story-680/.runtime/test-venvs/career-intelligence-mcp/lib/python3.12/site-packages/pytest_asyncio/plugin.py:905: in inner
    runner.run(coro, context=context)
_ _ _ _ _ _ _ _ _ _ _ _ _ _ _ _ _ _ _ _ _ _ _ _ _ _ _ _ _ _ _ _ _ _ _ _ _ _ _ _ 

self = <asyncio.runners.Runner object at 0x10bbdbc80>
coro = <coroutine object test_find_career_transitions_via_server_reflects_max_candidates_injection at 0x10a512440>
context = <_contextvars.Context object at 0x10a310c40>

    def run(self, coro, *, context=None):
        """Run a coroutine inside the embedded event loop."""
        if not coroutines.iscoroutine(coro):
            raise ValueError("a coroutine was expected, got {!r}".format(coro))
    
        if events._get_running_loop() is not None:
            # fail fast with short traceback
>           raise RuntimeError(
                "Runner.run() cannot be called from a running event loop")
E           RuntimeError: Runner.run() cannot be called from a running event loop

/Users/aiengineer/.local/share/uv/python/cpython-3.12.13-macos-x86_64-none/lib/python3.12/asyncio/runners.py:93: RuntimeError
________ test_build_career_transition_plan_via_server_is_never_trimmed _________

item = <Coroutine test_build_career_transition_plan_via_server_is_never_trimmed>

    @pytest.hookimpl(wrapper=True, tryfirst=True)
    def pytest_runtest_call(item: Any) -> Generator[None, Any, None]:
        if _soft_scope is None:
            yield
            return
        hard_failure: Optional[BaseException] = None
        with _soft_scope() as errors:
            try:
                yield
            except BaseException as exc:
                hard_failure = exc
        if not errors:
            if hard_failure is not None:
>               raise hard_failure

../factory-story-680/.runtime/test-venvs/career-intelligence-mcp/lib/python3.12/site-packages/pytest_playwright/pytest_playwright.py:113: 
_ _ _ _ _ _ _ _ _ _ _ _ _ _ _ _ _ _ _ _ _ _ _ _ _ _ _ _ _ _ _ _ _ _ _ _ _ _ _ _ 
../factory-story-680/.runtime/test-venvs/career-intelligence-mcp/lib/python3.12/site-packages/pytest_playwright/pytest_playwright.py:108: in pytest_runtest_call
    yield
../factory-story-680/.runtime/test-venvs/career-intelligence-mcp/lib/python3.12/site-packages/pytest_asyncio/plugin.py:569: in runtest
    super().runtest()
../factory-story-680/.runtime/test-venvs/career-intelligence-mcp/lib/python3.12/site-packages/pytest_asyncio/plugin.py:905: in inner
    runner.run(coro, context=context)
_ _ _ _ _ _ _ _ _ _ _ _ _ _ _ _ _ _ _ _ _ _ _ _ _ _ _ _ _ _ _ _ _ _ _ _ _ _ _ _ 

self = <asyncio.runners.Runner object at 0x10bc75c70>
coro = <coroutine object test_build_career_transition_plan_via_server_is_never_trimmed at 0x10a4a8ea0>
context = <_contextvars.Context object at 0x10bc059c0>

    def run(self, coro, *, context=None):
        """Run a coroutine inside the embedded event loop."""
        if not coroutines.iscoroutine(coro):
            raise ValueError("a coroutine was expected, got {!r}".format(coro))
    
        if events._get_running_loop() is not None:
            # fail fast with short traceback
>           raise RuntimeError(
                "Runner.run() cannot be called from a running event loop")
E           RuntimeError: Runner.run() cannot be called from a running event loop

/Users/aiengineer/.local/share/uv/python/cpython-3.12.13-macos-x86_64-none/lib/python3.12/asyncio/runners.py:93: RuntimeError
__________ test_get_skills_assessment_questions_success_and_citation ___________

item = <Coroutine test_get_skills_assessment_questions_success_and_citation>

    @pytest.hookimpl(wrapper=True, tryfirst=True)
    def pytest_runtest_call(item: Any) -> Generator[None, Any, None]:
        if _soft_scope is None:
            yield
            return
        hard_failure: Optional[BaseException] = None
        with _soft_scope() as errors:
            try:
                yield
            except BaseException as exc:
                hard_failure = exc
        if not errors:
            if hard_failure is not None:
>               raise hard_failure

../factory-story-680/.runtime/test-venvs/career-intelligence-mcp/lib/python3.12/site-packages/pytest_playwright/pytest_playwright.py:113: 
_ _ _ _ _ _ _ _ _ _ _ _ _ _ _ _ _ _ _ _ _ _ _ _ _ _ _ _ _ _ _ _ _ _ _ _ _ _ _ _ 
../factory-story-680/.runtime/test-venvs/career-intelligence-mcp/lib/python3.12/site-packages/pytest_playwright/pytest_playwright.py:108: in pytest_runtest_call
    yield
../factory-story-680/.runtime/test-venvs/career-intelligence-mcp/lib/python3.12/site-packages/pytest_asyncio/plugin.py:569: in runtest
    super().runtest()
../factory-story-680/.runtime/test-venvs/career-intelligence-mcp/lib/python3.12/site-packages/pytest_asyncio/plugin.py:905: in inner
    runner.run(coro, context=context)
_ _ _ _ _ _ _ _ _ _ _ _ _ _ _ _ _ _ _ _ _ _ _ _ _ _ _ _ _ _ _ _ _ _ _ _ _ _ _ _ 

self = <asyncio.runners.Runner object at 0x10bc779e0>
coro = <coroutine object test_get_skills_assessment_questions_success_and_citation at 0x10a2838b0>
context = <_contextvars.Context object at 0x10b98f180>

    def run(self, coro, *, context=None):
        """Run a coroutine inside the embedded event loop."""
        if not coroutines.iscoroutine(coro):
            raise ValueError("a coroutine was expected, got {!r}".format(coro))
    
        if events._get_running_loop() is not None:
            # fail fast with short traceback
>           raise RuntimeError(
                "Runner.run() cannot be called from a running event loop")
E           RuntimeError: Runner.run() cannot be called from a running event loop

/Users/aiengineer/.local/share/uv/python/cpython-3.12.13-macos-x86_64-none/lib/python3.12/asyncio/runners.py:93: RuntimeError
_______ test_get_skills_assessment_questions_upstream_failure_propagates _______

item = <Coroutine test_get_skills_assessment_questions_upstream_failure_propagates>

    @pytest.hookimpl(wrapper=True, tryfirst=True)
    def pytest_runtest_call(item: Any) -> Generator[None, Any, None]:
        if _soft_scope is None:
            yield
            return
        hard_failure: Optional[BaseException] = None
        with _soft_scope() as errors:
            try:
                yield
            except BaseException as exc:
                hard_failure = exc
        if not errors:
            if hard_failure is not None:
>               raise hard_failure

../factory-story-680/.runtime/test-venvs/career-intelligence-mcp/lib/python3.12/site-packages/pytest_playwright/pytest_playwright.py:113: 
_ _ _ _ _ _ _ _ _ _ _ _ _ _ _ _ _ _ _ _ _ _ _ _ _ _ _ _ _ _ _ _ _ _ _ _ _ _ _ _ 
../factory-story-680/.runtime/test-venvs/career-intelligence-mcp/lib/python3.12/site-packages/pytest_playwright/pytest_playwright.py:108: in pytest_runtest_call
    yield
../factory-story-680/.runtime/test-venvs/career-intelligence-mcp/lib/python3.12/site-packages/pytest_asyncio/plugin.py:569: in runtest
    super().runtest()
../factory-story-680/.runtime/test-venvs/career-intelligence-mcp/lib/python3.12/site-packages/pytest_asyncio/plugin.py:905: in inner
    runner.run(coro, context=context)
_ _ _ _ _ _ _ _ _ _ _ _ _ _ _ _ _ _ _ _ _ _ _ _ _ _ _ _ _ _ _ _ _ _ _ _ _ _ _ _ 

self = <asyncio.runners.Runner object at 0x10bc77530>
coro = <coroutine object test_get_skills_assessment_questions_upstream_failure_propagates at 0x10b6ed3f0>
context = <_contextvars.Context object at 0x10bbe5500>

    def run(self, coro, *, context=None):
        """Run a coroutine inside the embedded event loop."""
        if not coroutines.iscoroutine(coro):
            raise ValueError("a coroutine was expected, got {!r}".format(coro))
    
        if events._get_running_loop() is not None:
            # fail fast with short traceback
>           raise RuntimeError(
                "Runner.run() cannot be called from a running event loop")
E           RuntimeError: Runner.run() cannot be called from a running event loop

/Users/aiengineer/.local/share/uv/python/cpython-3.12.13-macos-x86_64-none/lib/python3.12/asyncio/runners.py:93: RuntimeError
_____ test_get_skills_assessment_questions_missing_credentials_propagates ______

item = <Coroutine test_get_skills_assessment_questions_missing_credentials_propagates>

    @pytest.hookimpl(wrapper=True, tryfirst=True)
    def pytest_runtest_call(item: Any) -> Generator[None, Any, None]:
        if _soft_scope is None:
            yield
            return
        hard_failure: Optional[BaseException] = None
        with _soft_scope() as errors:
            try:
                yield
            except BaseException as exc:
                hard_failure = exc
        if not errors:
            if hard_failure is not None:
>               raise hard_failure

../factory-story-680/.runtime/test-venvs/career-intelligence-mcp/lib/python3.12/site-packages/pytest_playwright/pytest_playwright.py:113: 
_ _ _ _ _ _ _ _ _ _ _ _ _ _ _ _ _ _ _ _ _ _ _ _ _ _ _ _ _ _ _ _ _ _ _ _ _ _ _ _ 
../factory-story-680/.runtime/test-venvs/career-intelligence-mcp/lib/python3.12/site-packages/pytest_playwright/pytest_playwright.py:108: in pytest_runtest_call
    yield
../factory-story-680/.runtime/test-venvs/career-intelligence-mcp/lib/python3.12/site-packages/pytest_asyncio/plugin.py:569: in runtest
    super().runtest()
../factory-story-680/.runtime/test-venvs/career-intelligence-mcp/lib/python3.12/site-packages/pytest_asyncio/plugin.py:905: in inner
    runner.run(coro, context=context)
_ _ _ _ _ _ _ _ _ _ _ _ _ _ _ _ _ _ _ _ _ _ _ _ _ _ _ _ _ _ _ _ _ _ _ _ _ _ _ _ 

self = <asyncio.runners.Runner object at 0x10bc76a20>
coro = <coroutine object test_get_skills_assessment_questions_missing_credentials_propagates at 0x10b6e92a0>
context = <_contextvars.Context object at 0x10bc07080>

    def run(self, coro, *, context=None):
        """Run a coroutine inside the embedded event loop."""
        if not coroutines.iscoroutine(coro):
            raise ValueError("a coroutine was expected, got {!r}".format(coro))
    
        if events._get_running_loop() is not None:
            # fail fast with short traceback
>           raise RuntimeError(
                "Runner.run() cannot be called from a running event loop")
E           RuntimeError: Runner.run() cannot be called from a running event loop

/Users/aiengineer/.local/share/uv/python/cpython-3.12.13-macos-x86_64-none/lib/python3.12/asyncio/runners.py:93: RuntimeError
______________ test_submit_skills_assessment_success_full_result _______________

item = <Coroutine test_submit_skills_assessment_success_full_result>

    @pytest.hookimpl(wrapper=True, tryfirst=True)
    def pytest_runtest_call(item: Any) -> Generator[None, Any, None]:
        if _soft_scope is None:
            yield
            return
        hard_failure: Optional[BaseException] = None
        with _soft_scope() as errors:
            try:
                yield
            except BaseException as exc:
                hard_failure = exc
        if not errors:
            if hard_failure is not None:
>               raise hard_failure

../factory-story-680/.runtime/test-venvs/career-intelligence-mcp/lib/python3.12/site-packages/pytest_playwright/pytest_playwright.py:113: 
_ _ _ _ _ _ _ _ _ _ _ _ _ _ _ _ _ _ _ _ _ _ _ _ _ _ _ _ _ _ _ _ _ _ _ _ _ _ _ _ 
../factory-story-680/.runtime/test-venvs/career-intelligence-mcp/lib/python3.12/site-packages/pytest_playwright/pytest_playwright.py:108: in pytest_runtest_call
    yield
../factory-story-680/.runtime/test-venvs/career-intelligence-mcp/lib/python3.12/site-packages/pytest_asyncio/plugin.py:569: in runtest
    super().runtest()
../factory-story-680/.runtime/test-venvs/career-intelligence-mcp/lib/python3.12/site-packages/pytest_asyncio/plugin.py:905: in inner
    runner.run(coro, context=context)
_ _ _ _ _ _ _ _ _ _ _ _ _ _ _ _ _ _ _ _ _ _ _ _ _ _ _ _ _ _ _ _ _ _ _ _ _ _ _ _ 

self = <asyncio.runners.Runner object at 0x10bc77860>
coro = <coroutine object test_submit_skills_assessment_success_full_result at 0x10a5099c0>
context = <_contextvars.Context object at 0x10ca3d5c0>

    def run(self, coro, *, context=None):
        """Run a coroutine inside the embedded event loop."""
        if not coroutines.iscoroutine(coro):
            raise ValueError("a coroutine was expected, got {!r}".format(coro))
    
        if events._get_running_loop() is not None:
            # fail fast with short traceback
>           raise RuntimeError(
                "Runner.run() cannot be called from a running event loop")
E           RuntimeError: Runner.run() cannot be called from a running event loop

/Users/aiengineer/.local/share/uv/python/cpython-3.12.13-macos-x86_64-none/lib/python3.12/asyncio/runners.py:93: RuntimeError
___ test_submit_skills_assessment_partial_ratings_still_returns_real_result ____

item = <Coroutine test_submit_skills_assessment_partial_ratings_still_returns_real_result>

    @pytest.hookimpl(wrapper=True, tryfirst=True)
    def pytest_runtest_call(item: Any) -> Generator[None, Any, None]:
        if _soft_scope is None:
            yield
            return
        hard_failure: Optional[BaseException] = None
        with _soft_scope() as errors:
            try:
                yield
            except BaseException as exc:
                hard_failure = exc
        if not errors:
            if hard_failure is not None:
>               raise hard_failure

../factory-story-680/.runtime/test-venvs/career-intelligence-mcp/lib/python3.12/site-packages/pytest_playwright/pytest_playwright.py:113: 
_ _ _ _ _ _ _ _ _ _ _ _ _ _ _ _ _ _ _ _ _ _ _ _ _ _ _ _ _ _ _ _ _ _ _ _ _ _ _ _ 
../factory-story-680/.runtime/test-venvs/career-intelligence-mcp/lib/python3.12/site-packages/pytest_playwright/pytest_playwright.py:108: in pytest_runtest_call
    yield
../factory-story-680/.runtime/test-venvs/career-intelligence-mcp/lib/python3.12/site-packages/pytest_asyncio/plugin.py:569: in runtest
    super().runtest()
../factory-story-680/.runtime/test-venvs/career-intelligence-mcp/lib/python3.12/site-packages/pytest_asyncio/plugin.py:905: in inner
    runner.run(coro, context=context)
_ _ _ _ _ _ _ _ _ _ _ _ _ _ _ _ _ _ _ _ _ _ _ _ _ _ _ _ _ _ _ _ _ _ _ _ _ _ _ _ 

self = <asyncio.runners.Runner object at 0x10ca46000>
coro = <coroutine object test_submit_skills_assessment_partial_ratings_still_returns_real_result at 0x10a2838b0>
context = <_contextvars.Context object at 0x10cabba80>

    def run(self, coro, *, context=None):
        """Run a coroutine inside the embedded event loop."""
        if not coroutines.iscoroutine(coro):
            raise ValueError("a coroutine was expected, got {!r}".format(coro))
    
        if events._get_running_loop() is not None:
            # fail fast with short traceback
>           raise RuntimeError(
                "Runner.run() cannot be called from a running event loop")
E           RuntimeError: Runner.run() cannot be called from a running event loop

/Users/aiengineer/.local/share/uv/python/cpython-3.12.13-macos-x86_64-none/lib/python3.12/asyncio/runners.py:93: RuntimeError
_ test_submit_skills_assessment_rejects_unknown_element_id_without_calling_post _

item = <Coroutine test_submit_skills_assessment_rejects_unknown_element_id_without_calling_post>

    @pytest.hookimpl(wrapper=True, tryfirst=True)
    def pytest_runtest_call(item: Any) -> Generator[None, Any, None]:
        if _soft_scope is None:
            yield
            return
        hard_failure: Optional[BaseException] = None
        with _soft_scope() as errors:
            try:
                yield
            except BaseException as exc:
                hard_failure = exc
        if not errors:
            if hard_failure is not None:
>               raise hard_failure

../factory-story-680/.runtime/test-venvs/career-intelligence-mcp/lib/python3.12/site-packages/pytest_playwright/pytest_playwright.py:113: 
_ _ _ _ _ _ _ _ _ _ _ _ _ _ _ _ _ _ _ _ _ _ _ _ _ _ _ _ _ _ _ _ _ _ _ _ _ _ _ _ 
../factory-story-680/.runtime/test-venvs/career-intelligence-mcp/lib/python3.12/site-packages/pytest_playwright/pytest_playwright.py:108: in pytest_runtest_call
    yield
../factory-story-680/.runtime/test-venvs/career-intelligence-mcp/lib/python3.12/site-packages/pytest_asyncio/plugin.py:569: in runtest
    super().runtest()
../factory-story-680/.runtime/test-venvs/career-intelligence-mcp/lib/python3.12/site-packages/pytest_asyncio/plugin.py:905: in inner
    runner.run(coro, context=context)
_ _ _ _ _ _ _ _ _ _ _ _ _ _ _ _ _ _ _ _ _ _ _ _ _ _ _ _ _ _ _ _ _ _ _ _ _ _ _ _ 

self = <asyncio.runners.Runner object at 0x10ca47050>
coro = <coroutine object test_submit_skills_assessment_rejects_unknown_element_id_without_calling_post at 0x10a3d60c0>
context = <_contextvars.Context object at 0x10b669e40>

    def run(self, coro, *, context=None):
        """Run a coroutine inside the embedded event loop."""
        if not coroutines.iscoroutine(coro):
            raise ValueError("a coroutine was expected, got {!r}".format(coro))
    
        if events._get_running_loop() is not None:
            # fail fast with short traceback
>           raise RuntimeError(
                "Runner.run() cannot be called from a running event loop")
E           RuntimeError: Runner.run() cannot be called from a running event loop

/Users/aiengineer/.local/share/uv/python/cpython-3.12.13-macos-x86_64-none/lib/python3.12/asyncio/runners.py:93: RuntimeError
_ test_submit_skills_assessment_rejects_unmatched_data_value_without_calling_post _

item = <Coroutine test_submit_skills_assessment_rejects_unmatched_data_value_without_calling_post>

    @pytest.hookimpl(wrapper=True, tryfirst=True)
    def pytest_runtest_call(item: Any) -> Generator[None, Any, None]:
        if _soft_scope is None:
            yield
            return
        hard_failure: Optional[BaseException] = None
        with _soft_scope() as errors:
            try:
                yield
            except BaseException as exc:
                hard_failure = exc
        if not errors:
            if hard_failure is not None:
>               raise hard_failure

../factory-story-680/.runtime/test-venvs/career-intelligence-mcp/lib/python3.12/site-packages/pytest_playwright/pytest_playwright.py:113: 
_ _ _ _ _ _ _ _ _ _ _ _ _ _ _ _ _ _ _ _ _ _ _ _ _ _ _ _ _ _ _ _ _ _ _ _ _ _ _ _ 
../factory-story-680/.runtime/test-venvs/career-intelligence-mcp/lib/python3.12/site-packages/pytest_playwright/pytest_playwright.py:108: in pytest_runtest_call
    yield
../factory-story-680/.runtime/test-venvs/career-intelligence-mcp/lib/python3.12/site-packages/pytest_asyncio/plugin.py:569: in runtest
    super().runtest()
../factory-story-680/.runtime/test-venvs/career-intelligence-mcp/lib/python3.12/site-packages/pytest_asyncio/plugin.py:905: in inner
    runner.run(coro, context=context)
_ _ _ _ _ _ _ _ _ _ _ _ _ _ _ _ _ _ _ _ _ _ _ _ _ _ _ _ _ _ _ _ _ _ _ _ _ _ _ _ 

self = <asyncio.runners.Runner object at 0x10bc77230>
coro = <coroutine object test_submit_skills_assessment_rejects_unmatched_data_value_without_calling_post at 0x10a513880>
context = <_contextvars.Context object at 0x10cab8900>

    def run(self, coro, *, context=None):
        """Run a coroutine inside the embedded event loop."""
        if not coroutines.iscoroutine(coro):
            raise ValueError("a coroutine was expected, got {!r}".format(coro))
    
        if events._get_running_loop() is not None:
            # fail fast with short traceback
>           raise RuntimeError(
                "Runner.run() cannot be called from a running event loop")
E           RuntimeError: Runner.run() cannot be called from a running event loop

/Users/aiengineer/.local/share/uv/python/cpython-3.12.13-macos-x86_64-none/lib/python3.12/asyncio/runners.py:93: RuntimeError
__ test_submit_skills_assessment_upstream_failure_on_catalog_fetch_propagates __

item = <Coroutine test_submit_skills_assessment_upstream_failure_on_catalog_fetch_propagates>

    @pytest.hookimpl(wrapper=True, tryfirst=True)
    def pytest_runtest_call(item: Any) -> Generator[None, Any, None]:
        if _soft_scope is None:
            yield
            return
        hard_failure: Optional[BaseException] = None
        with _soft_scope() as errors:
            try:
                yield
            except BaseException as exc:
                hard_failure = exc
        if not errors:
            if hard_failure is not None:
>               raise hard_failure

../factory-story-680/.runtime/test-venvs/career-intelligence-mcp/lib/python3.12/site-packages/pytest_playwright/pytest_playwright.py:113: 
_ _ _ _ _ _ _ _ _ _ _ _ _ _ _ _ _ _ _ _ _ _ _ _ _ _ _ _ _ _ _ _ _ _ _ _ _ _ _ _ 
../factory-story-680/.runtime/test-venvs/career-intelligence-mcp/lib/python3.12/site-packages/pytest_playwright/pytest_playwright.py:108: in pytest_runtest_call
    yield
../factory-story-680/.runtime/test-venvs/career-intelligence-mcp/lib/python3.12/site-packages/pytest_asyncio/plugin.py:569: in runtest
    super().runtest()
../factory-story-680/.runtime/test-venvs/career-intelligence-mcp/lib/python3.12/site-packages/pytest_asyncio/plugin.py:905: in inner
    runner.run(coro, context=context)
_ _ _ _ _ _ _ _ _ _ _ _ _ _ _ _ _ _ _ _ _ _ _ _ _ _ _ _ _ _ _ _ _ _ _ _ _ _ _ _ 

self = <asyncio.runners.Runner object at 0x10ca47410>
coro = <coroutine object test_submit_skills_assessment_upstream_failure_on_catalog_fetch_propagates at 0x10a4365c0>
context = <_contextvars.Context object at 0x10bc059c0>

    def run(self, coro, *, context=None):
        """Run a coroutine inside the embedded event loop."""
        if not coroutines.iscoroutine(coro):
            raise ValueError("a coroutine was expected, got {!r}".format(coro))
    
        if events._get_running_loop() is not None:
            # fail fast with short traceback
>           raise RuntimeError(
                "Runner.run() cannot be called from a running event loop")
E           RuntimeError: Runner.run() cannot be called from a running event loop

/Users/aiengineer/.local/share/uv/python/cpython-3.12.13-macos-x86_64-none/lib/python3.12/asyncio/runners.py:93: RuntimeError
_____ test_submit_skills_assessment_upstream_failure_on_submit_propagates ______

item = <Coroutine test_submit_skills_assessment_upstream_failure_on_submit_propagates>

    @pytest.hookimpl(wrapper=True, tryfirst=True)
    def pytest_runtest_call(item: Any) -> Generator[None, Any, None]:
        if _soft_scope is None:
            yield
            return
        hard_failure: Optional[BaseException] = None
        with _soft_scope() as errors:
            try:
                yield
            except BaseException as exc:
                hard_failure = exc
        if not errors:
            if hard_failure is not None:
>               raise hard_failure

../factory-story-680/.runtime/test-venvs/career-intelligence-mcp/lib/python3.12/site-packages/pytest_playwright/pytest_playwright.py:113: 
_ _ _ _ _ _ _ _ _ _ _ _ _ _ _ _ _ _ _ _ _ _ _ _ _ _ _ _ _ _ _ _ _ _ _ _ _ _ _ _ 
../factory-story-680/.runtime/test-venvs/career-intelligence-mcp/lib/python3.12/site-packages/pytest_playwright/pytest_playwright.py:108: in pytest_runtest_call
    yield
../factory-story-680/.runtime/test-venvs/career-intelligence-mcp/lib/python3.12/site-packages/pytest_asyncio/plugin.py:569: in runtest
    super().runtest()
../factory-story-680/.runtime/test-venvs/career-intelligence-mcp/lib/python3.12/site-packages/pytest_asyncio/plugin.py:905: in inner
    runner.run(coro, context=context)
_ _ _ _ _ _ _ _ _ _ _ _ _ _ _ _ _ _ _ _ _ _ _ _ _ _ _ _ _ _ _ _ _ _ _ _ _ _ _ _ 

self = <asyncio.runners.Runner object at 0x10ca46390>
coro = <coroutine object test_submit_skills_assessment_upstream_failure_on_submit_propagates at 0x10b6ed8a0>
context = <_contextvars.Context object at 0x10b98f180>

    def run(self, coro, *, context=None):
        """Run a coroutine inside the embedded event loop."""
        if not coroutines.iscoroutine(coro):
            raise ValueError("a coroutine was expected, got {!r}".format(coro))
    
        if events._get_running_loop() is not None:
            # fail fast with short traceback
>           raise RuntimeError(
                "Runner.run() cannot be called from a running event loop")
E           RuntimeError: Runner.run() cannot be called from a running event loop

/Users/aiengineer/.local/share/uv/python/cpython-3.12.13-macos-x86_64-none/lib/python3.12/asyncio/runners.py:93: RuntimeError
_________ test_submit_skills_assessment_missing_credentials_propagates _________

item = <Coroutine test_submit_skills_assessment_missing_credentials_propagates>

    @pytest.hookimpl(wrapper=True, tryfirst=True)
    def pytest_runtest_call(item: Any) -> Generator[None, Any, None]:
        if _soft_scope is None:
            yield
            return
        hard_failure: Optional[BaseException] = None
        with _soft_scope() as errors:
            try:
                yield
            except BaseException as exc:
                hard_failure = exc
        if not errors:
            if hard_failure is not None:
>               raise hard_failure

../factory-story-680/.runtime/test-venvs/career-intelligence-mcp/lib/python3.12/site-packages/pytest_playwright/pytest_playwright.py:113: 
_ _ _ _ _ _ _ _ _ _ _ _ _ _ _ _ _ _ _ _ _ _ _ _ _ _ _ _ _ _ _ _ _ _ _ _ _ _ _ _ 
../factory-story-680/.runtime/test-venvs/career-intelligence-mcp/lib/python3.12/site-packages/pytest_playwright/pytest_playwright.py:108: in pytest_runtest_call
    yield
../factory-story-680/.runtime/test-venvs/career-intelligence-mcp/lib/python3.12/site-packages/pytest_asyncio/plugin.py:569: in runtest
    super().runtest()
../factory-story-680/.runtime/test-venvs/career-intelligence-mcp/lib/python3.12/site-packages/pytest_asyncio/plugin.py:905: in inner
    runner.run(coro, context=context)
_ _ _ _ _ _ _ _ _ _ _ _ _ _ _ _ _ _ _ _ _ _ _ _ _ _ _ _ _ _ _ _ _ _ _ _ _ _ _ _ 

self = <asyncio.runners.Runner object at 0x10ca470b0>
coro = <coroutine object test_submit_skills_assessment_missing_credentials_propagates at 0x10b693060>
context = <_contextvars.Context object at 0x10b66a180>

    def run(self, coro, *, context=None):
        """Run a coroutine inside the embedded event loop."""
        if not coroutines.iscoroutine(coro):
            raise ValueError("a coroutine was expected, got {!r}".format(coro))
    
        if events._get_running_loop() is not None:
            # fail fast with short traceback
>           raise RuntimeError(
                "Runner.run() cannot be called from a running event loop")
E           RuntimeError: Runner.run() cannot be called from a running event loop

/Users/aiengineer/.local/share/uv/python/cpython-3.12.13-macos-x86_64-none/lib/python3.12/asyncio/runners.py:93: RuntimeError
_____ test_dispatch_tool_converts_ambiguous_occupation_to_structured_error _____

item = <Coroutine test_dispatch_tool_converts_ambiguous_occupation_to_structured_error>

    @pytest.hookimpl(wrapper=True, tryfirst=True)
    def pytest_runtest_call(item: Any) -> Generator[None, Any, None]:
        if _soft_scope is None:
            yield
            return
        hard_failure: Optional[BaseException] = None
        with _soft_scope() as errors:
            try:
                yield
            except BaseException as exc:
                hard_failure = exc
        if not errors:
            if hard_failure is not None:
>               raise hard_failure

../factory-story-680/.runtime/test-venvs/career-intelligence-mcp/lib/python3.12/site-packages/pytest_playwright/pytest_playwright.py:113: 
_ _ _ _ _ _ _ _ _ _ _ _ _ _ _ _ _ _ _ _ _ _ _ _ _ _ _ _ _ _ _ _ _ _ _ _ _ _ _ _ 
../factory-story-680/.runtime/test-venvs/career-intelligence-mcp/lib/python3.12/site-packages/pytest_playwright/pytest_playwright.py:108: in pytest_runtest_call
    yield
../factory-story-680/.runtime/test-venvs/career-intelligence-mcp/lib/python3.12/site-packages/pytest_asyncio/plugin.py:569: in runtest
    super().runtest()
../factory-story-680/.runtime/test-venvs/career-intelligence-mcp/lib/python3.12/site-packages/pytest_asyncio/plugin.py:905: in inner
    runner.run(coro, context=context)
_ _ _ _ _ _ _ _ _ _ _ _ _ _ _ _ _ _ _ _ _ _ _ _ _ _ _ _ _ _ _ _ _ _ _ _ _ _ _ _ 

self = <asyncio.runners.Runner object at 0x10ca46690>
coro = <coroutine object test_dispatch_tool_converts_ambiguous_occupation_to_structured_error at 0x10a512440>
context = <_contextvars.Context object at 0x10bc07080>

    def run(self, coro, *, context=None):
        """Run a coroutine inside the embedded event loop."""
        if not coroutines.iscoroutine(coro):
            raise ValueError("a coroutine was expected, got {!r}".format(coro))
    
        if events._get_running_loop() is not None:
            # fail fast with short traceback
>           raise RuntimeError(
                "Runner.run() cannot be called from a running event loop")
E           RuntimeError: Runner.run() cannot be called from a running event loop

/Users/aiengineer/.local/share/uv/python/cpython-3.12.13-macos-x86_64-none/lib/python3.12/asyncio/runners.py:93: RuntimeError
_______ test_dispatch_tool_converts_invalid_request_to_structured_error ________

item = <Coroutine test_dispatch_tool_converts_invalid_request_to_structured_error>

    @pytest.hookimpl(wrapper=True, tryfirst=True)
    def pytest_runtest_call(item: Any) -> Generator[None, Any, None]:
        if _soft_scope is None:
            yield
            return
        hard_failure: Optional[BaseException] = None
        with _soft_scope() as errors:
            try:
                yield
            except BaseException as exc:
                hard_failure = exc
        if not errors:
            if hard_failure is not None:
>               raise hard_failure

../factory-story-680/.runtime/test-venvs/career-intelligence-mcp/lib/python3.12/site-packages/pytest_playwright/pytest_playwright.py:113: 
_ _ _ _ _ _ _ _ _ _ _ _ _ _ _ _ _ _ _ _ _ _ _ _ _ _ _ _ _ _ _ _ _ _ _ _ _ _ _ _ 
../factory-story-680/.runtime/test-venvs/career-intelligence-mcp/lib/python3.12/site-packages/pytest_playwright/pytest_playwright.py:108: in pytest_runtest_call
    yield
../factory-story-680/.runtime/test-venvs/career-intelligence-mcp/lib/python3.12/site-packages/pytest_asyncio/plugin.py:569: in runtest
    super().runtest()
../factory-story-680/.runtime/test-venvs/career-intelligence-mcp/lib/python3.12/site-packages/pytest_asyncio/plugin.py:905: in inner
    runner.run(coro, context=context)
_ _ _ _ _ _ _ _ _ _ _ _ _ _ _ _ _ _ _ _ _ _ _ _ _ _ _ _ _ _ _ _ _ _ _ _ _ _ _ _ 

self = <asyncio.runners.Runner object at 0x10bc76420>
coro = <coroutine object test_dispatch_tool_converts_invalid_request_to_structured_error at 0x10c9d0040>
context = <_contextvars.Context object at 0x10ca3d5c0>

    def run(self, coro, *, context=None):
        """Run a coroutine inside the embedded event loop."""
        if not coroutines.iscoroutine(coro):
            raise ValueError("a coroutine was expected, got {!r}".format(coro))
    
        if events._get_running_loop() is not None:
            # fail fast with short traceback
>           raise RuntimeError(
                "Runner.run() cannot be called from a running event loop")
E           RuntimeError: Runner.run() cannot be called from a running event loop

/Users/aiengineer/.local/share/uv/python/cpython-3.12.13-macos-x86_64-none/lib/python3.12/asyncio/runners.py:93: RuntimeError
_______________ test_dispatch_tool_forces_bounded_max_candidates _______________

item = <Coroutine test_dispatch_tool_forces_bounded_max_candidates>

    @pytest.hookimpl(wrapper=True, tryfirst=True)
    def pytest_runtest_call(item: Any) -> Generator[None, Any, None]:
        if _soft_scope is None:
            yield
            return
        hard_failure: Optional[BaseException] = None
        with _soft_scope() as errors:
            try:
                yield
            except BaseException as exc:
                hard_failure = exc
        if not errors:
            if hard_failure is not None:
>               raise hard_failure

../factory-story-680/.runtime/test-venvs/career-intelligence-mcp/lib/python3.12/site-packages/pytest_playwright/pytest_playwright.py:113: 
_ _ _ _ _ _ _ _ _ _ _ _ _ _ _ _ _ _ _ _ _ _ _ _ _ _ _ _ _ _ _ _ _ _ _ _ _ _ _ _ 
../factory-story-680/.runtime/test-venvs/career-intelligence-mcp/lib/python3.12/site-packages/pytest_playwright/pytest_playwright.py:108: in pytest_runtest_call
    yield
../factory-story-680/.runtime/test-venvs/career-intelligence-mcp/lib/python3.12/site-packages/pytest_asyncio/plugin.py:569: in runtest
    super().runtest()
../factory-story-680/.runtime/test-venvs/career-intelligence-mcp/lib/python3.12/site-packages/pytest_asyncio/plugin.py:905: in inner
    runner.run(coro, context=context)
_ _ _ _ _ _ _ _ _ _ _ _ _ _ _ _ _ _ _ _ _ _ _ _ _ _ _ _ _ _ _ _ _ _ _ _ _ _ _ _ 

self = <asyncio.runners.Runner object at 0x10c9f2db0>
coro = <coroutine object test_dispatch_tool_forces_bounded_max_candidates at 0x10c9d0280>
context = <_contextvars.Context object at 0x10a310c40>

    def run(self, coro, *, context=None):
        """Run a coroutine inside the embedded event loop."""
        if not coroutines.iscoroutine(coro):
            raise ValueError("a coroutine was expected, got {!r}".format(coro))
    
        if events._get_running_loop() is not None:
            # fail fast with short traceback
>           raise RuntimeError(
                "Runner.run() cannot be called from a running event loop")
E           RuntimeError: Runner.run() cannot be called from a running event loop

/Users/aiengineer/.local/share/uv/python/cpython-3.12.13-macos-x86_64-none/lib/python3.12/asyncio/runners.py:93: RuntimeError
______________ test_dispatch_tool_forces_bounded_max_job_centers _______________

item = <Coroutine test_dispatch_tool_forces_bounded_max_job_centers>

    @pytest.hookimpl(wrapper=True, tryfirst=True)
    def pytest_runtest_call(item: Any) -> Generator[None, Any, None]:
        if _soft_scope is None:
            yield
            return
        hard_failure: Optional[BaseException] = None
        with _soft_scope() as errors:
            try:
                yield
            except BaseException as exc:
                hard_failure = exc
        if not errors:
            if hard_failure is not None:
>               raise hard_failure

../factory-story-680/.runtime/test-venvs/career-intelligence-mcp/lib/python3.12/site-packages/pytest_playwright/pytest_playwright.py:113: 
_ _ _ _ _ _ _ _ _ _ _ _ _ _ _ _ _ _ _ _ _ _ _ _ _ _ _ _ _ _ _ _ _ _ _ _ _ _ _ _ 
../factory-story-680/.runtime/test-venvs/career-intelligence-mcp/lib/python3.12/site-packages/pytest_playwright/pytest_playwright.py:108: in pytest_runtest_call
    yield
../factory-story-680/.runtime/test-venvs/career-intelligence-mcp/lib/python3.12/site-packages/pytest_asyncio/plugin.py:569: in runtest
    super().runtest()
../factory-story-680/.runtime/test-venvs/career-intelligence-mcp/lib/python3.12/site-packages/pytest_asyncio/plugin.py:905: in inner
    runner.run(coro, context=context)
_ _ _ _ _ _ _ _ _ _ _ _ _ _ _ _ _ _ _ _ _ _ _ _ _ _ _ _ _ _ _ _ _ _ _ _ _ _ _ _ 

self = <asyncio.runners.Runner object at 0x10c9f01d0>
coro = <coroutine object test_dispatch_tool_forces_bounded_max_job_centers at 0x10c9d04c0>
context = <_contextvars.Context object at 0x10ca7c5c0>

    def run(self, coro, *, context=None):
        """Run a coroutine inside the embedded event loop."""
        if not coroutines.iscoroutine(coro):
            raise ValueError("a coroutine was expected, got {!r}".format(coro))
    
        if events._get_running_loop() is not None:
            # fail fast with short traceback
>           raise RuntimeError(
                "Runner.run() cannot be called from a running event loop")
E           RuntimeError: Runner.run() cannot be called from a running event loop

/Users/aiengineer/.local/share/uv/python/cpython-3.12.13-macos-x86_64-none/lib/python3.12/asyncio/runners.py:93: RuntimeError
__________ test_dispatch_tool_forces_no_implicit_location_requirement __________

item = <Coroutine test_dispatch_tool_forces_no_implicit_location_requirement>

    @pytest.hookimpl(wrapper=True, tryfirst=True)
    def pytest_runtest_call(item: Any) -> Generator[None, Any, None]:
        if _soft_scope is None:
            yield
            return
        hard_failure: Optional[BaseException] = None
        with _soft_scope() as errors:
            try:
                yield
            except BaseException as exc:
                hard_failure = exc
        if not errors:
            if hard_failure is not None:
>               raise hard_failure

../factory-story-680/.runtime/test-venvs/career-intelligence-mcp/lib/python3.12/site-packages/pytest_playwright/pytest_playwright.py:113: 
_ _ _ _ _ _ _ _ _ _ _ _ _ _ _ _ _ _ _ _ _ _ _ _ _ _ _ _ _ _ _ _ _ _ _ _ _ _ _ _ 
../factory-story-680/.runtime/test-venvs/career-intelligence-mcp/lib/python3.12/site-packages/pytest_playwright/pytest_playwright.py:108: in pytest_runtest_call
    yield
../factory-story-680/.runtime/test-venvs/career-intelligence-mcp/lib/python3.12/site-packages/pytest_asyncio/plugin.py:569: in runtest
    super().runtest()
../factory-story-680/.runtime/test-venvs/career-intelligence-mcp/lib/python3.12/site-packages/pytest_asyncio/plugin.py:905: in inner
    runner.run(coro, context=context)
_ _ _ _ _ _ _ _ _ _ _ _ _ _ _ _ _ _ _ _ _ _ _ _ _ _ _ _ _ _ _ _ _ _ _ _ _ _ _ _ 

self = <asyncio.runners.Runner object at 0x10bbdb5f0>
coro = <coroutine object test_dispatch_tool_forces_no_implicit_location_requirement at 0x107970480>
context = <_contextvars.Context object at 0x10c7eb740>

    def run(self, coro, *, context=None):
        """Run a coroutine inside the embedded event loop."""
        if not coroutines.iscoroutine(coro):
            raise ValueError("a coroutine was expected, got {!r}".format(coro))
    
        if events._get_running_loop() is not None:
            # fail fast with short traceback
>           raise RuntimeError(
                "Runner.run() cannot be called from a running event loop")
E           RuntimeError: Runner.run() cannot be called from a running event loop

/Users/aiengineer/.local/share/uv/python/cpython-3.12.13-macos-x86_64-none/lib/python3.12/asyncio/runners.py:93: RuntimeError
_______ test_dispatch_tool_injects_enrich_top_n_for_get_related_careers ________

item = <Coroutine test_dispatch_tool_injects_enrich_top_n_for_get_related_careers>

    @pytest.hookimpl(wrapper=True, tryfirst=True)
    def pytest_runtest_call(item: Any) -> Generator[None, Any, None]:
        if _soft_scope is None:
            yield
            return
        hard_failure: Optional[BaseException] = None
        with _soft_scope() as errors:
            try:
                yield
            except BaseException as exc:
                hard_failure = exc
        if not errors:
            if hard_failure is not None:
>               raise hard_failure

../factory-story-680/.runtime/test-venvs/career-intelligence-mcp/lib/python3.12/site-packages/pytest_playwright/pytest_playwright.py:113: 
_ _ _ _ _ _ _ _ _ _ _ _ _ _ _ _ _ _ _ _ _ _ _ _ _ _ _ _ _ _ _ _ _ _ _ _ _ _ _ _ 
../factory-story-680/.runtime/test-venvs/career-intelligence-mcp/lib/python3.12/site-packages/pytest_playwright/pytest_playwright.py:108: in pytest_runtest_call
    yield
../factory-story-680/.runtime/test-venvs/career-intelligence-mcp/lib/python3.12/site-packages/pytest_asyncio/plugin.py:569: in runtest
    super().runtest()
../factory-story-680/.runtime/test-venvs/career-intelligence-mcp/lib/python3.12/site-packages/pytest_asyncio/plugin.py:905: in inner
    runner.run(coro, context=context)
_ _ _ _ _ _ _ _ _ _ _ _ _ _ _ _ _ _ _ _ _ _ _ _ _ _ _ _ _ _ _ _ _ _ _ _ _ _ _ _ 

self = <asyncio.runners.Runner object at 0x10bc3b020>
coro = <coroutine object test_dispatch_tool_injects_enrich_top_n_for_get_related_careers at 0x10a513760>
context = <_contextvars.Context object at 0x10b6c5fc0>

    def run(self, coro, *, context=None):
        """Run a coroutine inside the embedded event loop."""
        if not coroutines.iscoroutine(coro):
            raise ValueError("a coroutine was expected, got {!r}".format(coro))
    
        if events._get_running_loop() is not None:
            # fail fast with short traceback
>           raise RuntimeError(
                "Runner.run() cannot be called from a running event loop")
E           RuntimeError: Runner.run() cannot be called from a running event loop

/Users/aiengineer/.local/share/uv/python/cpython-3.12.13-macos-x86_64-none/lib/python3.12/asyncio/runners.py:93: RuntimeError
__________ test_dispatch_tool_returns_untrimmed_plan_for_mcp_callers ___________

item = <Coroutine test_dispatch_tool_returns_untrimmed_plan_for_mcp_callers>

    @pytest.hookimpl(wrapper=True, tryfirst=True)
    def pytest_runtest_call(item: Any) -> Generator[None, Any, None]:
        if _soft_scope is None:
            yield
            return
        hard_failure: Optional[BaseException] = None
        with _soft_scope() as errors:
            try:
                yield
            except BaseException as exc:
                hard_failure = exc
        if not errors:
            if hard_failure is not None:
>               raise hard_failure

../factory-story-680/.runtime/test-venvs/career-intelligence-mcp/lib/python3.12/site-packages/pytest_playwright/pytest_playwright.py:113: 
_ _ _ _ _ _ _ _ _ _ _ _ _ _ _ _ _ _ _ _ _ _ _ _ _ _ _ _ _ _ _ _ _ _ _ _ _ _ _ _ 
../factory-story-680/.runtime/test-venvs/career-intelligence-mcp/lib/python3.12/site-packages/pytest_playwright/pytest_playwright.py:108: in pytest_runtest_call
    yield
../factory-story-680/.runtime/test-venvs/career-intelligence-mcp/lib/python3.12/site-packages/pytest_asyncio/plugin.py:569: in runtest
    super().runtest()
../factory-story-680/.runtime/test-venvs/career-intelligence-mcp/lib/python3.12/site-packages/pytest_asyncio/plugin.py:905: in inner
    runner.run(coro, context=context)
_ _ _ _ _ _ _ _ _ _ _ _ _ _ _ _ _ _ _ _ _ _ _ _ _ _ _ _ _ _ _ _ _ _ _ _ _ _ _ _ 

self = <asyncio.runners.Runner object at 0x10b782990>
coro = <coroutine object test_dispatch_tool_returns_untrimmed_plan_for_mcp_callers at 0x10a24ddf0>
context = <_contextvars.Context object at 0x10bc95f40>

    def run(self, coro, *, context=None):
        """Run a coroutine inside the embedded event loop."""
        if not coroutines.iscoroutine(coro):
            raise ValueError("a coroutine was expected, got {!r}".format(coro))
    
        if events._get_running_loop() is not None:
            # fail fast with short traceback
>           raise RuntimeError(
                "Runner.run() cannot be called from a running event loop")
E           RuntimeError: Runner.run() cannot be called from a running event loop

/Users/aiengineer/.local/share/uv/python/cpython-3.12.13-macos-x86_64-none/lib/python3.12/asyncio/runners.py:93: RuntimeError
__________ test_find_training_options_happy_path_with_occupation_code __________

item = <Coroutine test_find_training_options_happy_path_with_occupation_code>

    @pytest.hookimpl(wrapper=True, tryfirst=True)
    def pytest_runtest_call(item: Any) -> Generator[None, Any, None]:
        if _soft_scope is None:
            yield
            return
        hard_failure: Optional[BaseException] = None
        with _soft_scope() as errors:
            try:
                yield
            except BaseException as exc:
                hard_failure = exc
        if not errors:
            if hard_failure is not None:
>               raise hard_failure

../factory-story-680/.runtime/test-venvs/career-intelligence-mcp/lib/python3.12/site-packages/pytest_playwright/pytest_playwright.py:113: 
_ _ _ _ _ _ _ _ _ _ _ _ _ _ _ _ _ _ _ _ _ _ _ _ _ _ _ _ _ _ _ _ _ _ _ _ _ _ _ _ 
../factory-story-680/.runtime/test-venvs/career-intelligence-mcp/lib/python3.12/site-packages/pytest_playwright/pytest_playwright.py:108: in pytest_runtest_call
    yield
../factory-story-680/.runtime/test-venvs/career-intelligence-mcp/lib/python3.12/site-packages/pytest_asyncio/plugin.py:569: in runtest
    super().runtest()
../factory-story-680/.runtime/test-venvs/career-intelligence-mcp/lib/python3.12/site-packages/pytest_asyncio/plugin.py:905: in inner
    runner.run(coro, context=context)
_ _ _ _ _ _ _ _ _ _ _ _ _ _ _ _ _ _ _ _ _ _ _ _ _ _ _ _ _ _ _ _ _ _ _ _ _ _ _ _ 

self = <asyncio.runners.Runner object at 0x10bbd5c70>
coro = <coroutine object test_find_training_options_happy_path_with_occupation_code at 0x10a14ba60>
context = <_contextvars.Context object at 0x10b69f100>

    def run(self, coro, *, context=None):
        """Run a coroutine inside the embedded event loop."""
        if not coroutines.iscoroutine(coro):
            raise ValueError("a coroutine was expected, got {!r}".format(coro))
    
        if events._get_running_loop() is not None:
            # fail fast with short traceback
>           raise RuntimeError(
                "Runner.run() cannot be called from a running event loop")
E           RuntimeError: Runner.run() cannot be called from a running event loop

/Users/aiengineer/.local/share/uv/python/cpython-3.12.13-macos-x86_64-none/lib/python3.12/asyncio/runners.py:93: RuntimeError
__________ test_find_training_options_ambiguous_occupation_propagates __________

item = <Coroutine test_find_training_options_ambiguous_occupation_propagates>

    @pytest.hookimpl(wrapper=True, tryfirst=True)
    def pytest_runtest_call(item: Any) -> Generator[None, Any, None]:
        if _soft_scope is None:
            yield
            return
        hard_failure: Optional[BaseException] = None
        with _soft_scope() as errors:
            try:
                yield
            except BaseException as exc:
                hard_failure = exc
        if not errors:
            if hard_failure is not None:
>               raise hard_failure

../factory-story-680/.runtime/test-venvs/career-intelligence-mcp/lib/python3.12/site-packages/pytest_playwright/pytest_playwright.py:113: 
_ _ _ _ _ _ _ _ _ _ _ _ _ _ _ _ _ _ _ _ _ _ _ _ _ _ _ _ _ _ _ _ _ _ _ _ _ _ _ _ 
../factory-story-680/.runtime/test-venvs/career-intelligence-mcp/lib/python3.12/site-packages/pytest_playwright/pytest_playwright.py:108: in pytest_runtest_call
    yield
../factory-story-680/.runtime/test-venvs/career-intelligence-mcp/lib/python3.12/site-packages/pytest_asyncio/plugin.py:569: in runtest
    super().runtest()
../factory-story-680/.runtime/test-venvs/career-intelligence-mcp/lib/python3.12/site-packages/pytest_asyncio/plugin.py:905: in inner
    runner.run(coro, context=context)
_ _ _ _ _ _ _ _ _ _ _ _ _ _ _ _ _ _ _ _ _ _ _ _ _ _ _ _ _ _ _ _ _ _ _ _ _ _ _ _ 

self = <asyncio.runners.Runner object at 0x10bbd4290>
coro = <coroutine object test_find_training_options_ambiguous_occupation_propagates at 0x10794df40>
context = <_contextvars.Context object at 0x10bc979c0>

    def run(self, coro, *, context=None):
        """Run a coroutine inside the embedded event loop."""
        if not coroutines.iscoroutine(coro):
            raise ValueError("a coroutine was expected, got {!r}".format(coro))
    
        if events._get_running_loop() is not None:
            # fail fast with short traceback
>           raise RuntimeError(
                "Runner.run() cannot be called from a running event loop")
E           RuntimeError: Runner.run() cannot be called from a running event loop

/Users/aiengineer/.local/share/uv/python/cpython-3.12.13-macos-x86_64-none/lib/python3.12/asyncio/runners.py:93: RuntimeError
____ test_find_training_options_unmapped_occupation_returns_empty_not_error ____

item = <Coroutine test_find_training_options_unmapped_occupation_returns_empty_not_error>

    @pytest.hookimpl(wrapper=True, tryfirst=True)
    def pytest_runtest_call(item: Any) -> Generator[None, Any, None]:
        if _soft_scope is None:
            yield
            return
        hard_failure: Optional[BaseException] = None
        with _soft_scope() as errors:
            try:
                yield
            except BaseException as exc:
                hard_failure = exc
        if not errors:
            if hard_failure is not None:
>               raise hard_failure

../factory-story-680/.runtime/test-venvs/career-intelligence-mcp/lib/python3.12/site-packages/pytest_playwright/pytest_playwright.py:113: 
_ _ _ _ _ _ _ _ _ _ _ _ _ _ _ _ _ _ _ _ _ _ _ _ _ _ _ _ _ _ _ _ _ _ _ _ _ _ _ _ 
../factory-story-680/.runtime/test-venvs/career-intelligence-mcp/lib/python3.12/site-packages/pytest_playwright/pytest_playwright.py:108: in pytest_runtest_call
    yield
../factory-story-680/.runtime/test-venvs/career-intelligence-mcp/lib/python3.12/site-packages/pytest_asyncio/plugin.py:569: in runtest
    super().runtest()
../factory-story-680/.runtime/test-venvs/career-intelligence-mcp/lib/python3.12/site-packages/pytest_asyncio/plugin.py:905: in inner
    runner.run(coro, context=context)
_ _ _ _ _ _ _ _ _ _ _ _ _ _ _ _ _ _ _ _ _ _ _ _ _ _ _ _ _ _ _ _ _ _ _ _ _ _ _ _ 

self = <asyncio.runners.Runner object at 0x10bbd9b20>
coro = <coroutine object test_find_training_options_unmapped_occupation_returns_empty_not_error at 0x10a3d60c0>
context = <_contextvars.Context object at 0x10b6c6bc0>

    def run(self, coro, *, context=None):
        """Run a coroutine inside the embedded event loop."""
        if not coroutines.iscoroutine(coro):
            raise ValueError("a coroutine was expected, got {!r}".format(coro))
    
        if events._get_running_loop() is not None:
            # fail fast with short traceback
>           raise RuntimeError(
                "Runner.run() cannot be called from a running event loop")
E           RuntimeError: Runner.run() cannot be called from a running event loop

/Users/aiengineer/.local/share/uv/python/cpython-3.12.13-macos-x86_64-none/lib/python3.12/asyncio/runners.py:93: RuntimeError
_______ test_find_training_options_degrades_when_college_scorecard_fails _______

item = <Coroutine test_find_training_options_degrades_when_college_scorecard_fails>

    @pytest.hookimpl(wrapper=True, tryfirst=True)
    def pytest_runtest_call(item: Any) -> Generator[None, Any, None]:
        if _soft_scope is None:
            yield
            return
        hard_failure: Optional[BaseException] = None
        with _soft_scope() as errors:
            try:
                yield
            except BaseException as exc:
                hard_failure = exc
        if not errors:
            if hard_failure is not None:
>               raise hard_failure

../factory-story-680/.runtime/test-venvs/career-intelligence-mcp/lib/python3.12/site-packages/pytest_playwright/pytest_playwright.py:113: 
_ _ _ _ _ _ _ _ _ _ _ _ _ _ _ _ _ _ _ _ _ _ _ _ _ _ _ _ _ _ _ _ _ _ _ _ _ _ _ _ 
../factory-story-680/.runtime/test-venvs/career-intelligence-mcp/lib/python3.12/site-packages/pytest_playwright/pytest_playwright.py:108: in pytest_runtest_call
    yield
../factory-story-680/.runtime/test-venvs/career-intelligence-mcp/lib/python3.12/site-packages/pytest_asyncio/plugin.py:569: in runtest
    super().runtest()
../factory-story-680/.runtime/test-venvs/career-intelligence-mcp/lib/python3.12/site-packages/pytest_asyncio/plugin.py:905: in inner
    runner.run(coro, context=context)
_ _ _ _ _ _ _ _ _ _ _ _ _ _ _ _ _ _ _ _ _ _ _ _ _ _ _ _ _ _ _ _ _ _ _ _ _ _ _ _ 

self = <asyncio.runners.Runner object at 0x10bc76420>
coro = <coroutine object test_find_training_options_degrades_when_college_scorecard_fails at 0x10a4c7b60>
context = <_contextvars.Context object at 0x10bc059c0>

    def run(self, coro, *, context=None):
        """Run a coroutine inside the embedded event loop."""
        if not coroutines.iscoroutine(coro):
            raise ValueError("a coroutine was expected, got {!r}".format(coro))
    
        if events._get_running_loop() is not None:
            # fail fast with short traceback
>           raise RuntimeError(
                "Runner.run() cannot be called from a running event loop")
E           RuntimeError: Runner.run() cannot be called from a running event loop

/Users/aiengineer/.local/share/uv/python/cpython-3.12.13-macos-x86_64-none/lib/python3.12/asyncio/runners.py:93: RuntimeError
______ test_find_training_options_missing_credentials_degrades_not_raises ______

item = <Coroutine test_find_training_options_missing_credentials_degrades_not_raises>

    @pytest.hookimpl(wrapper=True, tryfirst=True)
    def pytest_runtest_call(item: Any) -> Generator[None, Any, None]:
        if _soft_scope is None:
            yield
            return
        hard_failure: Optional[BaseException] = None
        with _soft_scope() as errors:
            try:
                yield
            except BaseException as exc:
                hard_failure = exc
        if not errors:
            if hard_failure is not None:
>               raise hard_failure

../factory-story-680/.runtime/test-venvs/career-intelligence-mcp/lib/python3.12/site-packages/pytest_playwright/pytest_playwright.py:113: 
_ _ _ _ _ _ _ _ _ _ _ _ _ _ _ _ _ _ _ _ _ _ _ _ _ _ _ _ _ _ _ _ _ _ _ _ _ _ _ _ 
../factory-story-680/.runtime/test-venvs/career-intelligence-mcp/lib/python3.12/site-packages/pytest_playwright/pytest_playwright.py:108: in pytest_runtest_call
    yield
../factory-story-680/.runtime/test-venvs/career-intelligence-mcp/lib/python3.12/site-packages/pytest_asyncio/plugin.py:569: in runtest
    super().runtest()
../factory-story-680/.runtime/test-venvs/career-intelligence-mcp/lib/python3.12/site-packages/pytest_asyncio/plugin.py:905: in inner
    runner.run(coro, context=context)
_ _ _ _ _ _ _ _ _ _ _ _ _ _ _ _ _ _ _ _ _ _ _ _ _ _ _ _ _ _ _ _ _ _ _ _ _ _ _ _ 

self = <asyncio.runners.Runner object at 0x10ca44dd0>
coro = <coroutine object test_find_training_options_missing_credentials_degrades_not_raises at 0x10a24fe00>
context = <_contextvars.Context object at 0x10ca2c580>

    def run(self, coro, *, context=None):
        """Run a coroutine inside the embedded event loop."""
        if not coroutines.iscoroutine(coro):
            raise ValueError("a coroutine was expected, got {!r}".format(coro))
    
        if events._get_running_loop() is not None:
            # fail fast with short traceback
>           raise RuntimeError(
                "Runner.run() cannot be called from a running event loop")
E           RuntimeError: Runner.run() cannot be called from a running event loop

/Users/aiengineer/.local/share/uv/python/cpython-3.12.13-macos-x86_64-none/lib/python3.12/asyncio/runners.py:93: RuntimeError
_ test_find_training_options_careeronestop_contributes_training_provider_entries _

item = <Coroutine test_find_training_options_careeronestop_contributes_training_provider_entries>

    @pytest.hookimpl(wrapper=True, tryfirst=True)
    def pytest_runtest_call(item: Any) -> Generator[None, Any, None]:
        if _soft_scope is None:
            yield
            return
        hard_failure: Optional[BaseException] = None
        with _soft_scope() as errors:
            try:
                yield
            except BaseException as exc:
                hard_failure = exc
        if not errors:
            if hard_failure is not None:
>               raise hard_failure

../factory-story-680/.runtime/test-venvs/career-intelligence-mcp/lib/python3.12/site-packages/pytest_playwright/pytest_playwright.py:113: 
_ _ _ _ _ _ _ _ _ _ _ _ _ _ _ _ _ _ _ _ _ _ _ _ _ _ _ _ _ _ _ _ _ _ _ _ _ _ _ _ 
../factory-story-680/.runtime/test-venvs/career-intelligence-mcp/lib/python3.12/site-packages/pytest_playwright/pytest_playwright.py:108: in pytest_runtest_call
    yield
../factory-story-680/.runtime/test-venvs/career-intelligence-mcp/lib/python3.12/site-packages/pytest_asyncio/plugin.py:569: in runtest
    super().runtest()
../factory-story-680/.runtime/test-venvs/career-intelligence-mcp/lib/python3.12/site-packages/pytest_asyncio/plugin.py:905: in inner
    runner.run(coro, context=context)
_ _ _ _ _ _ _ _ _ _ _ _ _ _ _ _ _ _ _ _ _ _ _ _ _ _ _ _ _ _ _ _ _ _ _ _ _ _ _ _ 

self = <asyncio.runners.Runner object at 0x10bbdad20>
coro = <coroutine object test_find_training_options_careeronestop_contributes_training_provider_entries at 0x10a4a92f0>
context = <_contextvars.Context object at 0x10c7eb740>

    def run(self, coro, *, context=None):
        """Run a coroutine inside the embedded event loop."""
        if not coroutines.iscoroutine(coro):
            raise ValueError("a coroutine was expected, got {!r}".format(coro))
    
        if events._get_running_loop() is not None:
            # fail fast with short traceback
>           raise RuntimeError(
                "Runner.run() cannot be called from a running event loop")
E           RuntimeError: Runner.run() cannot be called from a running event loop

/Users/aiengineer/.local/share/uv/python/cpython-3.12.13-macos-x86_64-none/lib/python3.12/asyncio/runners.py:93: RuntimeError
_ test_find_training_options_careeronestop_degrades_independently_of_college_scorecard _

item = <Coroutine test_find_training_options_careeronestop_degrades_independently_of_college_scorecard>

    @pytest.hookimpl(wrapper=True, tryfirst=True)
    def pytest_runtest_call(item: Any) -> Generator[None, Any, None]:
        if _soft_scope is None:
            yield
            return
        hard_failure: Optional[BaseException] = None
        with _soft_scope() as errors:
            try:
                yield
            except BaseException as exc:
                hard_failure = exc
        if not errors:
            if hard_failure is not None:
>               raise hard_failure

../factory-story-680/.runtime/test-venvs/career-intelligence-mcp/lib/python3.12/site-packages/pytest_playwright/pytest_playwright.py:113: 
_ _ _ _ _ _ _ _ _ _ _ _ _ _ _ _ _ _ _ _ _ _ _ _ _ _ _ _ _ _ _ _ _ _ _ _ _ _ _ _ 
../factory-story-680/.runtime/test-venvs/career-intelligence-mcp/lib/python3.12/site-packages/pytest_playwright/pytest_playwright.py:108: in pytest_runtest_call
    yield
../factory-story-680/.runtime/test-venvs/career-intelligence-mcp/lib/python3.12/site-packages/pytest_asyncio/plugin.py:569: in runtest
    super().runtest()
../factory-story-680/.runtime/test-venvs/career-intelligence-mcp/lib/python3.12/site-packages/pytest_asyncio/plugin.py:905: in inner
    runner.run(coro, context=context)
_ _ _ _ _ _ _ _ _ _ _ _ _ _ _ _ _ _ _ _ _ _ _ _ _ _ _ _ _ _ _ _ _ _ _ _ _ _ _ _ 

self = <asyncio.runners.Runner object at 0x10bbd12b0>
coro = <coroutine object test_find_training_options_careeronestop_degrades_independently_of_college_scorecard at 0x10a4c6400>
context = <_contextvars.Context object at 0x10cabb940>

    def run(self, coro, *, context=None):
        """Run a coroutine inside the embedded event loop."""
        if not coroutines.iscoroutine(coro):
            raise ValueError("a coroutine was expected, got {!r}".format(coro))
    
        if events._get_running_loop() is not None:
            # fail fast with short traceback
>           raise RuntimeError(
                "Runner.run() cannot be called from a running event loop")
E           RuntimeError: Runner.run() cannot be called from a running event loop

/Users/aiengineer/.local/share/uv/python/cpython-3.12.13-macos-x86_64-none/lib/python3.12/asyncio/runners.py:93: RuntimeError
_ test_find_training_options_careeronestop_missing_credentials_degrades_not_raises _

item = <Coroutine test_find_training_options_careeronestop_missing_credentials_degrades_not_raises>

    @pytest.hookimpl(wrapper=True, tryfirst=True)
    def pytest_runtest_call(item: Any) -> Generator[None, Any, None]:
        if _soft_scope is None:
            yield
            return
        hard_failure: Optional[BaseException] = None
        with _soft_scope() as errors:
            try:
                yield
            except BaseException as exc:
                hard_failure = exc
        if not errors:
            if hard_failure is not None:
>               raise hard_failure

../factory-story-680/.runtime/test-venvs/career-intelligence-mcp/lib/python3.12/site-packages/pytest_playwright/pytest_playwright.py:113: 
_ _ _ _ _ _ _ _ _ _ _ _ _ _ _ _ _ _ _ _ _ _ _ _ _ _ _ _ _ _ _ _ _ _ _ _ _ _ _ _ 
../factory-story-680/.runtime/test-venvs/career-intelligence-mcp/lib/python3.12/site-packages/pytest_playwright/pytest_playwright.py:108: in pytest_runtest_call
    yield
../factory-story-680/.runtime/test-venvs/career-intelligence-mcp/lib/python3.12/site-packages/pytest_asyncio/plugin.py:569: in runtest
    super().runtest()
../factory-story-680/.runtime/test-venvs/career-intelligence-mcp/lib/python3.12/site-packages/pytest_asyncio/plugin.py:905: in inner
    runner.run(coro, context=context)
_ _ _ _ _ _ _ _ _ _ _ _ _ _ _ _ _ _ _ _ _ _ _ _ _ _ _ _ _ _ _ _ _ _ _ _ _ _ _ _ 

self = <asyncio.runners.Runner object at 0x10ca47050>
coro = <coroutine object test_find_training_options_careeronestop_missing_credentials_degrades_not_raises at 0x10a24ddf0>
context = <_contextvars.Context object at 0x10bc95f40>

    def run(self, coro, *, context=None):
        """Run a coroutine inside the embedded event loop."""
        if not coroutines.iscoroutine(coro):
            raise ValueError("a coroutine was expected, got {!r}".format(coro))
    
        if events._get_running_loop() is not None:
            # fail fast with short traceback
>           raise RuntimeError(
                "Runner.run() cannot be called from a running event loop")
E           RuntimeError: Runner.run() cannot be called from a running event loop

/Users/aiengineer/.local/share/uv/python/cpython-3.12.13-macos-x86_64-none/lib/python3.12/asyncio/runners.py:93: RuntimeError
_ test_find_training_options_careeronestop_contributes_even_without_crosswalk_entry _

item = <Coroutine test_find_training_options_careeronestop_contributes_even_without_crosswalk_entry>

    @pytest.hookimpl(wrapper=True, tryfirst=True)
    def pytest_runtest_call(item: Any) -> Generator[None, Any, None]:
        if _soft_scope is None:
            yield
            return
        hard_failure: Optional[BaseException] = None
        with _soft_scope() as errors:
            try:
                yield
            except BaseException as exc:
                hard_failure = exc
        if not errors:
            if hard_failure is not None:
>               raise hard_failure

../factory-story-680/.runtime/test-venvs/career-intelligence-mcp/lib/python3.12/site-packages/pytest_playwright/pytest_playwright.py:113: 
_ _ _ _ _ _ _ _ _ _ _ _ _ _ _ _ _ _ _ _ _ _ _ _ _ _ _ _ _ _ _ _ _ _ _ _ _ _ _ _ 
../factory-story-680/.runtime/test-venvs/career-intelligence-mcp/lib/python3.12/site-packages/pytest_playwright/pytest_playwright.py:108: in pytest_runtest_call
    yield
../factory-story-680/.runtime/test-venvs/career-intelligence-mcp/lib/python3.12/site-packages/pytest_asyncio/plugin.py:569: in runtest
    super().runtest()
../factory-story-680/.runtime/test-venvs/career-intelligence-mcp/lib/python3.12/site-packages/pytest_asyncio/plugin.py:905: in inner
    runner.run(coro, context=context)
_ _ _ _ _ _ _ _ _ _ _ _ _ _ _ _ _ _ _ _ _ _ _ _ _ _ _ _ _ _ _ _ _ _ _ _ _ _ _ _ 

self = <asyncio.runners.Runner object at 0x10c9f2db0>
coro = <coroutine object test_find_training_options_careeronestop_contributes_even_without_crosswalk_entry at 0x10a4c78a0>
context = <_contextvars.Context object at 0x10bc9fb40>

    def run(self, coro, *, context=None):
        """Run a coroutine inside the embedded event loop."""
        if not coroutines.iscoroutine(coro):
            raise ValueError("a coroutine was expected, got {!r}".format(coro))
    
        if events._get_running_loop() is not None:
            # fail fast with short traceback
>           raise RuntimeError(
                "Runner.run() cannot be called from a running event loop")
E           RuntimeError: Runner.run() cannot be called from a running event loop

/Users/aiengineer/.local/share/uv/python/cpython-3.12.13-macos-x86_64-none/lib/python3.12/asyncio/runners.py:93: RuntimeError
_ test_find_training_options_uses_search_keyword_for_careeronestop_when_given __

item = <Coroutine test_find_training_options_uses_search_keyword_for_careeronestop_when_given>

    @pytest.hookimpl(wrapper=True, tryfirst=True)
    def pytest_runtest_call(item: Any) -> Generator[None, Any, None]:
        if _soft_scope is None:
            yield
            return
        hard_failure: Optional[BaseException] = None
        with _soft_scope() as errors:
            try:
                yield
            except BaseException as exc:
                hard_failure = exc
        if not errors:
            if hard_failure is not None:
>               raise hard_failure

../factory-story-680/.runtime/test-venvs/career-intelligence-mcp/lib/python3.12/site-packages/pytest_playwright/pytest_playwright.py:113: 
_ _ _ _ _ _ _ _ _ _ _ _ _ _ _ _ _ _ _ _ _ _ _ _ _ _ _ _ _ _ _ _ _ _ _ _ _ _ _ _ 
../factory-story-680/.runtime/test-venvs/career-intelligence-mcp/lib/python3.12/site-packages/pytest_playwright/pytest_playwright.py:108: in pytest_runtest_call
    yield
../factory-story-680/.runtime/test-venvs/career-intelligence-mcp/lib/python3.12/site-packages/pytest_asyncio/plugin.py:569: in runtest
    super().runtest()
../factory-story-680/.runtime/test-venvs/career-intelligence-mcp/lib/python3.12/site-packages/pytest_asyncio/plugin.py:905: in inner
    runner.run(coro, context=context)
_ _ _ _ _ _ _ _ _ _ _ _ _ _ _ _ _ _ _ _ _ _ _ _ _ _ _ _ _ _ _ _ _ _ _ _ _ _ _ _ 

self = <asyncio.runners.Runner object at 0x10ca45a30>
coro = <coroutine object test_find_training_options_uses_search_keyword_for_careeronestop_when_given at 0x10a4c62a0>
context = <_contextvars.Context object at 0x10a312600>

    def run(self, coro, *, context=None):
        """Run a coroutine inside the embedded event loop."""
        if not coroutines.iscoroutine(coro):
            raise ValueError("a coroutine was expected, got {!r}".format(coro))
    
        if events._get_running_loop() is not None:
            # fail fast with short traceback
>           raise RuntimeError(
                "Runner.run() cannot be called from a running event loop")
E           RuntimeError: Runner.run() cannot be called from a running event loop

/Users/aiengineer/.local/share/uv/python/cpython-3.12.13-macos-x86_64-none/lib/python3.12/asyncio/runners.py:93: RuntimeError
_ test_find_training_options_falls_back_to_occupation_when_search_keyword_omitted _

item = <Coroutine test_find_training_options_falls_back_to_occupation_when_search_keyword_omitted>

    @pytest.hookimpl(wrapper=True, tryfirst=True)
    def pytest_runtest_call(item: Any) -> Generator[None, Any, None]:
        if _soft_scope is None:
            yield
            return
        hard_failure: Optional[BaseException] = None
        with _soft_scope() as errors:
            try:
                yield
            except BaseException as exc:
                hard_failure = exc
        if not errors:
            if hard_failure is not None:
>               raise hard_failure

../factory-story-680/.runtime/test-venvs/career-intelligence-mcp/lib/python3.12/site-packages/pytest_playwright/pytest_playwright.py:113: 
_ _ _ _ _ _ _ _ _ _ _ _ _ _ _ _ _ _ _ _ _ _ _ _ _ _ _ _ _ _ _ _ _ _ _ _ _ _ _ _ 
../factory-story-680/.runtime/test-venvs/career-intelligence-mcp/lib/python3.12/site-packages/pytest_playwright/pytest_playwright.py:108: in pytest_runtest_call
    yield
../factory-story-680/.runtime/test-venvs/career-intelligence-mcp/lib/python3.12/site-packages/pytest_asyncio/plugin.py:569: in runtest
    super().runtest()
../factory-story-680/.runtime/test-venvs/career-intelligence-mcp/lib/python3.12/site-packages/pytest_asyncio/plugin.py:905: in inner
    runner.run(coro, context=context)
_ _ _ _ _ _ _ _ _ _ _ _ _ _ _ _ _ _ _ _ _ _ _ _ _ _ _ _ _ _ _ _ _ _ _ _ _ _ _ _ 

self = <asyncio.runners.Runner object at 0x10bc75280>
coro = <coroutine object test_find_training_options_falls_back_to_occupation_when_search_keyword_omitted at 0x10a2838b0>
context = <_contextvars.Context object at 0x10b6c6bc0>

    def run(self, coro, *, context=None):
        """Run a coroutine inside the embedded event loop."""
        if not coroutines.iscoroutine(coro):
            raise ValueError("a coroutine was expected, got {!r}".format(coro))
    
        if events._get_running_loop() is not None:
            # fail fast with short traceback
>           raise RuntimeError(
                "Runner.run() cannot be called from a running event loop")
E           RuntimeError: Runner.run() cannot be called from a running event loop

/Users/aiengineer/.local/share/uv/python/cpython-3.12.13-macos-x86_64-none/lib/python3.12/asyncio/runners.py:93: RuntimeError
=============================== warnings summary ===============================
../factory-story-680/.runtime/test-venvs/career-intelligence-mcp/lib/python3.12/site-packages/starlette/testclient.py:53
  /private/tmp/factory-story-680/.runtime/test-venvs/career-intelligence-mcp/lib/python3.12/site-packages/starlette/testclient.py:53: DeprecationWarning: The anyio.abc.BlockingPortal alias is deprecated, use anyio.from_thread.BlockingPortal instead.
    _PortalFactoryType = Callable[[], AbstractContextManager[anyio.abc.BlockingPortal]]

tests/eval/test_runner_backend.py: 3 warnings
tests/test_bls_adapter.py: 2 warnings
tests/test_career_transition_plan.py: 4 warnings
tests/test_careeronestop_adapter.py: 48 warnings
tests/test_certifications_and_job_centers.py: 11 warnings
tests/test_chat.py: 23 warnings
tests/test_chat_cli.py: 12 warnings
tests/test_college_scorecard_adapter.py: 4 warnings
tests/test_e2e_find_career_transitions.py: 5 warnings
tests/test_get_related_careers_enrichment.py: 4 warnings
tests/test_http_client.py: 4 warnings
tests/test_licenses_and_employment_patterns.py: 11 warnings
tests/test_occupation_resolution.py: 6 warnings
tests/test_onet_adapter.py: 5 warnings
tests/test_server_registration.py: 1 warning
tests/test_server_tool_dispatch.py: 4 warnings
tests/test_skills_assessment.py: 10 warnings
tests/test_tool_dispatch.py: 7 warnings
tests/test_training_options.py: 11 warnings
  /private/tmp/factory-story-680/.runtime/test-venvs/career-intelligence-mcp/lib/python3.12/site-packages/pytest_asyncio/plugin.py:1054: RuntimeWarning: An exception occurred during teardown of an asyncio.Runner. The reason is likely that you closed the underlying event loop in a test, which prevents the cleanup of asynchronous generators by the runner.
  This warning will become an error in future versions of pytest-asyncio. Please ensure that your tests don't close the event loop. Here is the traceback of the exception triggered during teardown:
  Traceback (most recent call last):
    File "/private/tmp/factory-story-680/.runtime/test-venvs/career-intelligence-mcp/lib/python3.12/site-packages/pytest_asyncio/plugin.py", line 1052, in _scoped_runner
      runner.__exit__(None, None, None)
    File "/Users/aiengineer/.local/share/uv/python/cpython-3.12.13-macos-x86_64-none/lib/python3.12/asyncio/runners.py", line 62, in __exit__
      self.close()
    File "/Users/aiengineer/.local/share/uv/python/cpython-3.12.13-macos-x86_64-none/lib/python3.12/asyncio/runners.py", line 71, in close
      loop.run_until_complete(loop.shutdown_asyncgens())
    File "/Users/aiengineer/.local/share/uv/python/cpython-3.12.13-macos-x86_64-none/lib/python3.12/asyncio/base_events.py", line 667, in run_until_complete
      self._check_running()
    File "/Users/aiengineer/.local/share/uv/python/cpython-3.12.13-macos-x86_64-none/lib/python3.12/asyncio/base_events.py", line 628, in _check_running
      raise RuntimeError(
  RuntimeError: Cannot run the event loop while another loop is running
  
  
    warnings.warn(

-- Docs: https://docs.pytest.org/en/stable/how-to/capture-warnings.html
=========================== short test summary info ============================
FAILED tests/e2e/test_chat_followups.py::test_no_console_errors_failed_requests_or_external_hosts[chromium]
FAILED tests/eval/test_runner_backend.py::test_run_one_routes_to_claude_cli_backend_with_fixture_server_env
FAILED tests/eval/test_runner_backend.py::test_run_one_claude_cli_never_calls_openrouter_send_message
FAILED tests/eval/test_runner_backend.py::test_run_one_defaults_to_openrouter_backend
FAILED tests/test_bls_adapter.py::test_get_series_data_includes_registration_key
FAILED tests/test_bls_adapter.py::test_get_series_data_works_without_key - Ru...
FAILED tests/test_career_transition_plan.py::test_build_career_transition_plan_happy_path
FAILED tests/test_career_transition_plan.py::test_build_career_transition_plan_degrades_one_destination_field_independently
FAILED tests/test_career_transition_plan.py::test_build_career_transition_plan_degrades_job_centers_independently
FAILED tests/test_career_transition_plan.py::test_build_career_transition_plan_ambiguous_occupation_propagates
FAILED tests/test_careeronestop_adapter.py::test_get_wages_returns_parsed_json
FAILED tests/test_careeronestop_adapter.py::test_get_certifications_defensive_on_missing_field
FAILED tests/test_careeronestop_adapter.py::test_get_certifications_success_returns_full_records
FAILED tests/test_careeronestop_adapter.py::test_get_certifications_partial_record_missing_optional_fields
FAILED tests/test_careeronestop_adapter.py::test_get_certifications_auth_failure_raises_upstream_error
FAILED tests/test_careeronestop_adapter.py::test_get_certifications_throttled_then_exhausts_retries
FAILED tests/test_careeronestop_adapter.py::test_get_certifications_upstream_failure_exhausts_retries
FAILED tests/test_careeronestop_adapter.py::test_get_job_centers_success_returns_full_response
FAILED tests/test_careeronestop_adapter.py::test_get_job_centers_empty_result_list
FAILED tests/test_careeronestop_adapter.py::test_get_job_centers_malformed_response_missing_expected_key
FAILED tests/test_careeronestop_adapter.py::test_get_job_centers_partial_record_missing_optional_fields
FAILED tests/test_careeronestop_adapter.py::test_get_job_centers_auth_failure_raises_upstream_error
FAILED tests/test_careeronestop_adapter.py::test_get_job_centers_throttled_then_exhausts_retries
FAILED tests/test_careeronestop_adapter.py::test_get_job_centers_upstream_failure_exhausts_retries
FAILED tests/test_careeronestop_adapter.py::test_get_licenses_success_returns_full_response
FAILED tests/test_careeronestop_adapter.py::test_get_licenses_nationwide_when_no_location
FAILED tests/test_careeronestop_adapter.py::test_get_licenses_empty_result_list
FAILED tests/test_careeronestop_adapter.py::test_get_licenses_404_no_data_is_normalized_to_empty_list
FAILED tests/test_careeronestop_adapter.py::test_get_licenses_malformed_response_missing_expected_key
FAILED tests/test_careeronestop_adapter.py::test_get_licenses_partial_record_missing_optional_fields
FAILED tests/test_careeronestop_adapter.py::test_get_licenses_auth_failure_raises_upstream_error
FAILED tests/test_careeronestop_adapter.py::test_get_licenses_throttled_then_exhausts_retries
FAILED tests/test_careeronestop_adapter.py::test_get_licenses_upstream_failure_exhausts_retries
FAILED tests/test_careeronestop_adapter.py::test_get_employment_patterns_success_returns_full_response
FAILED tests/test_careeronestop_adapter.py::test_get_employment_patterns_empty_result_list
FAILED tests/test_careeronestop_adapter.py::test_get_employment_patterns_404_no_data_is_normalized_to_empty_list
FAILED tests/test_careeronestop_adapter.py::test_get_employment_patterns_malformed_response_missing_expected_key
FAILED tests/test_careeronestop_adapter.py::test_get_employment_patterns_partial_record_missing_optional_fields
FAILED tests/test_careeronestop_adapter.py::test_get_employment_patterns_auth_failure_raises_upstream_error
FAILED tests/test_careeronestop_adapter.py::test_get_employment_patterns_throttled_then_exhausts_retries
FAILED tests/test_careeronestop_adapter.py::test_get_employment_patterns_upstream_failure_exhausts_retries
FAILED tests/test_careeronestop_adapter.py::test_get_skills_questions_success_returns_full_response
FAILED tests/test_careeronestop_adapter.py::test_get_skills_questions_malformed_response_missing_expected_key
FAILED tests/test_careeronestop_adapter.py::test_get_skills_questions_auth_failure_raises_upstream_error
FAILED tests/test_careeronestop_adapter.py::test_get_skills_questions_throttled_then_exhausts_retries
FAILED tests/test_careeronestop_adapter.py::test_get_skills_questions_upstream_failure_exhausts_retries
FAILED tests/test_careeronestop_adapter.py::test_submit_skills_ratings_success_returns_full_response
FAILED tests/test_careeronestop_adapter.py::test_submit_skills_ratings_accepts_partial_ratings_set
FAILED tests/test_careeronestop_adapter.py::test_submit_skills_ratings_malformed_response_missing_expected_key
FAILED tests/test_careeronestop_adapter.py::test_submit_skills_ratings_auth_failure_raises_upstream_error
FAILED tests/test_careeronestop_adapter.py::test_submit_skills_ratings_throttled_then_exhausts_retries
FAILED tests/test_careeronestop_adapter.py::test_submit_skills_ratings_upstream_failure_exhausts_retries
FAILED tests/test_careeronestop_adapter.py::test_get_training_providers_success_returns_school_programs
FAILED tests/test_careeronestop_adapter.py::test_get_training_providers_nationwide_when_no_location
FAILED tests/test_careeronestop_adapter.py::test_get_training_providers_url_encodes_multi_word_keyword
FAILED tests/test_careeronestop_adapter.py::test_get_training_providers_404_no_data_is_normalized_to_empty_list
FAILED tests/test_careeronestop_adapter.py::test_get_training_providers_auth_failure_raises_upstream_error
FAILED tests/test_careeronestop_adapter.py::test_get_training_providers_uses_bearer_auth_header
FAILED tests/test_certifications_and_job_centers.py::test_find_certifications_ambiguous_occupation_raises
FAILED tests/test_certifications_and_job_centers.py::test_find_certifications_success_preserves_rich_fields_and_citation
FAILED tests/test_certifications_and_job_centers.py::test_find_certifications_zero_matches_still_carries_citation
FAILED tests/test_certifications_and_job_centers.py::test_find_certifications_upstream_failure_propagates_not_swallowed
FAILED tests/test_certifications_and_job_centers.py::test_find_certifications_missing_credentials_propagates
FAILED tests/test_certifications_and_job_centers.py::test_find_job_centers_missing_location_raises_invalid_request
FAILED tests/test_certifications_and_job_centers.py::test_find_job_centers_whitespace_only_location_raises_invalid_request
FAILED tests/test_certifications_and_job_centers.py::test_find_job_centers_success_normalizes_and_attaches_citation
FAILED tests/test_certifications_and_job_centers.py::test_find_job_centers_zero_matches_still_carries_citation
FAILED tests/test_certifications_and_job_centers.py::test_find_job_centers_upstream_failure_propagates_not_swallowed
FAILED tests/test_certifications_and_job_centers.py::test_find_job_centers_missing_credentials_propagates
FAILED tests/test_chat.py::test_send_message_no_tool_use_returns_text_directly
FAILED tests/test_chat.py::test_send_message_rewrites_handback_menu_closing
FAILED tests/test_chat.py::test_send_message_keeps_session_history_consistent_with_rewritten_reply
FAILED tests/test_chat.py::test_send_message_does_not_touch_a_clean_reply - R...
FAILED tests/test_chat.py::test_send_message_executes_tool_and_returns_final_text
FAILED tests/test_chat.py::test_send_message_populates_followups_from_successful_tool_result
FAILED tests/test_chat.py::test_send_message_accumulates_followups_across_multiple_tool_rounds
FAILED tests/test_chat.py::test_send_message_followups_none_when_no_tool_called
FAILED tests/test_chat.py::test_send_message_surfaces_candidates_from_ambiguous_occupation
FAILED tests/test_chat.py::test_send_message_candidates_none_for_ordinary_reply
FAILED tests/test_chat.py::test_send_message_raises_when_turn_limit_reached
FAILED tests/test_chat.py::test_send_message_stops_after_max_tool_rounds - Ru...
FAILED tests/test_chat.py::test_send_message_rolls_back_on_failure - RuntimeE...
FAILED tests/test_chat.py::test_send_message_serializes_concurrent_same_session_calls
FAILED tests/test_chat.py::test_execute_tool_attaches_full_plan_under_leading_underscore_key/private/tmp/factory-story-680/.runtime/test-venvs/career-intelligence-mcp/lib/python3.12/site-packages/_pytest/unraisableexception.py:33: RuntimeWarning: coroutine 'test_dispatch_tool_forces_bounded_max_job_centers' was never awaited
  gc.collect()
RuntimeWarning: Enable tracemalloc to get the object allocation traceback
/private/tmp/factory-story-680/.runtime/test-venvs/career-intelligence-mcp/lib/python3.12/site-packages/_pytest/unraisableexception.py:33: RuntimeWarning: coroutine 'test_find_training_options_happy_path_with_occupation_code' was never awaited
  gc.collect()
RuntimeWarning: Enable tracemalloc to get the object allocation traceback
/private/tmp/factory-story-680/.runtime/test-venvs/career-intelligence-mcp/lib/python3.12/site-packages/_pytest/unraisableexception.py:33: RuntimeWarning: coroutine 'test_find_training_options_missing_credentials_degrades_not_raises' was never awaited
  gc.collect()
RuntimeWarning: Enable tracemalloc to get the object allocation traceback
/private/tmp/factory-story-680/.runtime/test-venvs/career-intelligence-mcp/lib/python3.12/site-packages/_pytest/unraisableexception.py:33: RuntimeWarning: coroutine 'test_find_training_options_careeronestop_contributes_even_without_crosswalk_entry' was never awaited
  gc.collect()
RuntimeWarning: Enable tracemalloc to get the object allocation traceback
/private/tmp/factory-story-680/.runtime/test-venvs/career-intelligence-mcp/lib/python3.12/site-packages/_pytest/unraisableexception.py:33: RuntimeWarning: coroutine 'test_find_training_options_uses_search_keyword_for_careeronestop_when_given' was never awaited
  gc.collect()
RuntimeWarning: Enable tracemalloc to get the object allocation traceback
/private/tmp/factory-story-680/.runtime/test-venvs/career-intelligence-mcp/lib/python3.12/site-packages/_pytest/unraisableexception.py:33: RuntimeWarning: coroutine 'test_find_training_options_falls_back_to_occupation_when_search_keyword_omitted' was never awaited
  gc.collect()
RuntimeWarning: Enable tracemalloc to get the object allocation traceback

FAILED tests/test_chat.py::test_execute_tool_does_not_attach_full_plan_on_error
FAILED tests/test_chat.py::test_send_message_surfaces_full_plan_never_serialized_into_session_messages
FAILED tests/test_chat.py::test_send_message_plan_none_for_ordinary_reply - R...
FAILED tests/test_chat.py::test_send_message_corrects_wrong_current_occupation_on_build_plan
FAILED tests/test_chat.py::test_send_message_leaves_correct_current_occupation_untouched
FAILED tests/test_chat.py::test_send_message_does_not_correct_build_plan_without_prior_established_occupation
FAILED tests/test_chat.py::test_send_message_keeps_recorded_tool_call_args_consistent_with_correction
FAILED tests/test_chat.py::test_send_message_allows_get_related_careers_with_no_salary_argument
FAILED tests/test_chat_cli.py::test_send_message_refuses_without_guard - Runt...
FAILED tests/test_chat_cli.py::test_send_message_merges_extra_env_into_subprocess_environment
FAILED tests/test_chat_cli.py::test_send_message_without_extra_env_keeps_unmodified_environment
FAILED tests/test_chat_cli.py::test_send_message_success - RuntimeError: Runn...
FAILED tests/test_chat_cli.py::test_send_message_handles_cli_error - RuntimeE...
FAILED tests/test_chat_cli.py::test_send_message_handles_is_error_true - Runt...
FAILED tests/test_chat_cli.py::test_send_message_builds_mcp_scoped_command - ...
FAILED tests/test_chat_cli.py::test_send_message_recovers_from_prior_cooldown
FAILED tests/test_chat_cli.py::test_send_message_rolls_back_on_failure - Runt...
FAILED tests/test_chat_cli.py::test_send_message_raises_when_turn_limit_reached
FAILED tests/test_chat_cli.py::test_send_message_recovers_candidates_and_plan_via_reconstructed_transcript
FAILED tests/test_chat_cli.py::test_send_message_populates_followups_via_shared_derivation
FAILED tests/test_college_scorecard_adapter.py::test_get_programs_by_cip_families_sends_comma_joined_families_and_state
FAILED tests/test_college_scorecard_adapter.py::test_get_programs_by_cip_families_omits_state_param_when_not_given
FAILED tests/test_college_scorecard_adapter.py::test_missing_credentials_raises_adapter_config_error
FAILED tests/test_college_scorecard_adapter.py::test_upstream_failure_propagates_not_swallowed
FAILED tests/test_e2e_find_career_transitions.py::test_find_career_transitions_end_to_end
FAILED tests/test_e2e_find_career_transitions.py::test_find_career_transitions_stops_on_ambiguous_occupation
FAILED tests/test_e2e_find_career_transitions.py::test_find_career_transitions_with_occupation_code_bypasses_resolution
FAILED tests/test_e2e_find_career_transitions.py::test_find_career_transitions_excludes_options_over_training_budget
FAILED tests/test_e2e_find_career_transitions.py::test_find_career_transitions_degrades_current_wages_on_failure
FAILED tests/test_get_related_careers_enrichment.py::test_enrich_top_n_zero_preserves_current_exact_shape
FAILED tests/test_get_related_careers_enrichment.py::test_enrich_top_n_populates_real_fields_for_enriched_candidates
FAILED tests/test_get_related_careers_enrichment.py::test_wage_fetch_failure_degrades_independently_of_other_fields
FAILED tests/test_get_related_careers_enrichment.py::test_missing_careeronestop_credentials_degrades_wages_not_other_fields
FAILED tests/test_http_client.py::test_successful_request_returns_response - ...
FAILED tests/test_http_client.py::test_retries_on_500_then_succeeds - Runtime...
FAILED tests/test_http_client.py::test_exhausts_retries_and_raises_upstream_error
FAILED tests/test_http_client.py::test_client_error_fails_fast_without_retry
FAILED tests/test_licenses_and_employment_patterns.py::test_find_licenses_ambiguous_occupation_raises
FAILED tests/test_licenses_and_employment_patterns.py::test_find_licenses_success_preserves_legal_status_and_citation
FAILED tests/test_licenses_and_employment_patterns.py::test_find_licenses_zero_matches_still_carries_citation
FAILED tests/test_licenses_and_employment_patterns.py::test_find_licenses_defaults_to_nationwide_when_no_location
FAILED tests/test_licenses_and_employment_patterns.py::test_find_licenses_upstream_failure_propagates_not_swallowed
FAILED tests/test_licenses_and_employment_patterns.py::test_find_licenses_missing_credentials_propagates
FAILED tests/test_licenses_and_employment_patterns.py::test_find_employing_industries_ambiguous_occupation_raises
FAILED tests/test_licenses_and_employment_patterns.py::test_find_employing_industries_success_and_citation
FAILED tests/test_licenses_and_employment_patterns.py::test_find_employing_industries_zero_matches_still_carries_citation
FAILED tests/test_licenses_and_employment_patterns.py::test_find_employing_industries_upstream_failure_propagates_not_swallowed
FAILED tests/test_licenses_and_employment_patterns.py::test_find_employing_industries_missing_credentials_propagates
FAILED tests/test_occupation_resolution.py::test_resolve_occupation_exact_title_match_continues
FAILED tests/test_occupation_resolution.py::test_resolve_occupation_fuzzy_match_stops_with_all_candidates
FAILED tests/test_occupation_resolution.py::test_resolve_occupation_stops_even_with_single_non_exact_candidate
FAILED tests/test_occupation_resolution.py::test_resolve_occupation_raises_when_no_matches
FAILED tests/test_occupation_resolution.py::test_resolve_occupation_with_code_bypasses_search
FAILED tests/test_occupation_resolution.py::test_resolve_occupation_with_invalid_code_raises_not_found
FAILED tests/test_onet_adapter.py::test_search_occupations_parses_results - R...
FAILED tests/test_onet_adapter.py::test_search_occupations_handles_single_dict_result
FAILED tests/test_onet_adapter.py::test_get_skills_importance_sorts_and_truncates
FAILED tests/test_onet_adapter.py::test_get_technology_tools_flattens_categories_to_tool_names
FAILED tests/test_onet_adapter.py::test_get_detailed_work_activities_returns_id_title_map
FAILED tests/test_server_registration.py::test_all_expected_tools_are_registered
FAILED tests/test_server_tool_dispatch.py::test_get_related_careers_wrapper_calls_dispatch_tool
FAILED tests/test_server_tool_dispatch.py::test_get_related_careers_via_server_reflects_enrich_top_n_injection
FAILED tests/test_server_tool_dispatch.py::test_find_career_transitions_via_server_reflects_max_candidates_injection
FAILED tests/test_server_tool_dispatch.py::test_build_career_transition_plan_via_server_is_never_trimmed
FAILED tests/test_skills_assessment.py::test_get_skills_assessment_questions_success_and_citation
FAILED tests/test_skills_assessment.py::test_get_skills_assessment_questions_upstream_failure_propagates
FAILED tests/test_skills_assessment.py::test_get_skills_assessment_questions_missing_credentials_propagates
FAILED tests/test_skills_assessment.py::test_submit_skills_assessment_success_full_result
FAILED tests/test_skills_assessment.py::test_submit_skills_assessment_partial_ratings_still_returns_real_result
FAILED tests/test_skills_assessment.py::test_submit_skills_assessment_rejects_unknown_element_id_without_calling_post
FAILED tests/test_skills_assessment.py::test_submit_skills_assessment_rejects_unmatched_data_value_without_calling_post
FAILED tests/test_skills_assessment.py::test_submit_skills_assessment_upstream_failure_on_catalog_fetch_propagates
FAILED tests/test_skills_assessment.py::test_submit_skills_assessment_upstream_failure_on_submit_propagates
FAILED tests/test_skills_assessment.py::test_submit_skills_assessment_missing_credentials_propagates
FAILED tests/test_tool_dispatch.py::test_dispatch_tool_converts_ambiguous_occupation_to_structured_error
FAILED tests/test_tool_dispatch.py::test_dispatch_tool_converts_invalid_request_to_structured_error
FAILED tests/test_tool_dispatch.py::test_dispatch_tool_forces_bounded_max_candidates
FAILED tests/test_tool_dispatch.py::test_dispatch_tool_forces_bounded_max_job_centers
FAILED tests/test_tool_dispatch.py::test_dispatch_tool_forces_no_implicit_location_requirement
FAILED tests/test_tool_dispatch.py::test_dispatch_tool_injects_enrich_top_n_for_get_related_careers
FAILED tests/test_tool_dispatch.py::test_dispatch_tool_returns_untrimmed_plan_for_mcp_callers
FAILED tests/test_training_options.py::test_find_training_options_happy_path_with_occupation_code
FAILED tests/test_training_options.py::test_find_training_options_ambiguous_occupation_propagates
FAILED tests/test_training_options.py::test_find_training_options_unmapped_occupation_returns_empty_not_error
FAILED tests/test_training_options.py::test_find_training_options_degrades_when_college_scorecard_fails
FAILED tests/test_training_options.py::test_find_training_options_missing_credentials_degrades_not_raises
FAILED tests/test_training_options.py::test_find_training_options_careeronestop_contributes_training_provider_entries
FAILED tests/test_training_options.py::test_find_training_options_careeronestop_degrades_independently_of_college_scorecard
FAILED tests/test_training_options.py::test_find_training_options_careeronestop_missing_credentials_degrades_not_raises
FAILED tests/test_training_options.py::test_find_training_options_careeronestop_contributes_even_without_crosswalk_entry
FAILED tests/test_training_options.py::test_find_training_options_uses_search_keyword_for_careeronestop_when_given
FAILED tests/test_training_options.py::test_find_training_options_falls_back_to_occupation_when_search_keyword_omitted
176 failed, 247 passed, 176 warnings in 16.70s
